Customer ID,Recency,Frequency,Monetary,R_Score,F_Score,M_Score,RFM_Score,Segment,Churn,Total_Quantity,Product_Count,Average_Order_Value,Churn_Probability,Predicted_Churn,Risk_Category
12346,165,11,372.86,2,5,2,252,At Risk,1,70,26,11.298787878787879,0.9998454579275561,1,High Risk
12347,3,2,1323.32,5,2,4,524,Potential Loyalists,0,828,70,18.63830985915493,2.326875139175643e-05,0,Low Risk
12348,74,1,222.16,2,1,1,211,Lost Customers,0,373,20,11.108,0.09886496795870789,0,Low Risk
12349,43,3,2671.14,3,3,5,335,Lost Customers,0,993,90,26.18764705882353,0.0025098570557881353,0,Low Risk
12351,11,1,300.93,5,1,2,512,Potential Loyalists,0,261,21,14.33,6.643487156570441e-05,0,Low Risk
12352,11,2,343.8,5,2,2,522,Potential Loyalists,0,188,18,19.1,6.902002037065692e-05,0,Low Risk
12353,44,1,317.76,3,1,2,312,Lost Customers,0,192,20,15.888,0.003230238649184703,0,Low Risk
12355,203,1,488.21000000000004,1,1,2,112,Lost Customers,1,303,22,22.191363636363636,0.9999976576800256,1,High Risk
12356,16,3,3560.3,4,3,5,435,Loyal Customers,0,1825,68,42.89518072289157,0.00010740224757891028,0,Low Risk
12357,24,2,12079.99,4,2,5,425,Potential Loyalists,0,3879,165,73.2120606060606,0.00020071958168698826,0,Low Risk
12358,11,3,2719.01,5,3,5,535,Loyal Customers,0,831,52,46.879482758620696,6.42422994156287e-05,0,Low Risk
12359,61,6,2563.36,3,4,5,345,Lost Customers,0,1130,110,21.90905982905983,0.02111769168002494,0,Low Risk
12360,15,5,1590.83,5,4,4,544,Champions,0,1294,74,18.077613636363637,0.00010112604655366482,0,Low Risk
12361,98,3,321.35,2,3,2,232,At Risk,1,144,14,16.913157894736845,0.6666750565095925,1,Medium Risk
12362,374,1,130.0,1,1,1,111,Lost Customers,1,1,1,130.0,0.999999999999996,1,High Risk
12366,269,1,500.24,1,1,3,113,Lost Customers,1,296,3,166.74666666666667,0.9999999990471413,1,High Risk
12368,264,1,917.6999999999999,1,1,3,113,Lost Customers,1,330,18,50.98333333333333,0.9999999982253813,1,High Risk
12369,49,3,1791.15,3,3,4,334,Lost Customers,0,1241,90,19.25967741935484,0.005010746129767624,0,Low Risk
12370,260,3,774.62,1,3,3,133,At Risk,1,252,33,22.132,0.9999999972254552,1,High Risk
12371,45,3,2179.42,3,3,5,335,Lost Customers,0,845,91,20.95596153846154,0.003180005474490898,0,Low Risk
12373,260,2,763.0500000000001,1,2,3,123,Lost Customers,1,319,31,20.622972972972974,0.9999999971524367,1,High Risk
12374,57,3,2246.29,3,3,5,335,Lost Customers,0,1020,47,44.9258,0.014231679509462315,0,Low Risk
12376,25,2,503.15,4,2,3,423,Potential Loyalists,0,240,11,38.70384615384615,0.00036352922698107274,0,Low Risk
12377,17,2,1798.2,4,2,4,424,Potential Loyalists,0,1161,75,23.976,0.00011796730458058301,0,Low Risk
12378,198,1,1407.7,1,1,4,114,Lost Customers,1,787,82,17.167073170731708,0.99999505344648,1,High Risk
12379,58,2,767.98,3,2,3,323,Lost Customers,0,408,37,18.73121951219512,0.016229389902029084,0,Low Risk
12380,101,7,6951.49,2,5,5,255,At Risk,1,2228,119,40.18202312138728,0.6996540131381174,1,Medium Risk
12385,15,1,1938.4,5,1,4,514,Potential Loyalists,0,612,65,29.821538461538463,9.486270643235199e-05,0,Low Risk
12386,2,1,258.9,5,1,2,512,Potential Loyalists,0,214,8,32.3625,2.380473210391568e-05,0,Low Risk
12387,51,1,143.94,3,1,1,311,Lost Customers,0,134,9,15.993333333333332,0.007536384260796222,0,Low Risk
12388,81,2,1120.45,2,2,4,224,Lost Customers,0,539,36,24.357608695652175,0.19772096524987456,0,Low Risk
12389,38,3,1433.33,3,3,4,334,Lost Customers,0,614,41,29.251632653061222,0.0015857761085320981,0,Low Risk
12391,100,5,2285.18,2,4,5,245,At Risk,1,911,159,13.133218390804597,0.6489433991995934,1,Medium Risk
12392,227,1,234.75000000000003,1,1,1,111,Lost Customers,1,73,7,33.53571428571429,0.9999998668196006,1,High Risk
12393,18,2,816.85,4,2,3,423,Potential Loyalists,0,495,38,18.996511627906976,0.00014833844923172542,0,Low Risk
12395,7,4,2048.64,5,4,4,544,Champions,0,1615,83,20.904489795918366,3.713126239787995e-05,0,Low Risk
12396,310,1,931.43,1,1,3,113,Lost Customers,1,591,65,14.329692307692307,0.999999999991052,1,High Risk
12399,21,3,853.65,4,3,3,433,Loyal Customers,0,1020,40,16.738235294117647,0.00021177985186135017,0,Low Risk
12400,50,1,205.25,3,1,1,311,Lost Customers,0,91,11,18.65909090909091,0.006685683228930191,0,Low Risk
12402,28,5,1031.3,4,4,4,444,Champions,0,490,40,17.47966101694915,0.0005211645410586045,0,Low Risk
12403,157,1,591.6600000000001,2,1,3,213,Lost Customers,1,164,4,147.91500000000002,0.9994993145426884,1,High Risk
12404,318,1,63.24,1,1,1,111,Lost Customers,1,1,1,63.24,0.9999999999970612,1,High Risk
12406,35,3,2975.06,4,3,5,435,Loyal Customers,0,1598,44,48.771475409836064,0.0010697139825559215,0,Low Risk
12408,21,3,1452.22,4,3,4,434,Loyal Customers,0,820,41,26.892962962962965,0.0002132387384012545,0,Low Risk
12409,56,4,12346.619999999999,3,4,5,345,Lost Customers,0,7592,125,79.6556129032258,0.008661048161179782,0,Low Risk
12410,138,1,320.38,2,1,2,212,Lost Customers,1,130,14,22.884285714285713,0.9952410966054509,1,High Risk
12411,45,1,346.9,3,1,2,312,Lost Customers,0,138,22,15.768181818181818,0.0036226449430459807,0,Low Risk
12412,38,3,1370.05,3,3,4,334,Lost Customers,0,1168,50,20.758333333333333,0.001519176520848629,0,Low Risk
12413,38,1,241.35,3,1,1,311,Lost Customers,0,33,13,18.565384615384616,0.0016338096043798348,0,Low Risk
12414,99,3,390.0,2,3,2,232,At Risk,1,195,9,39.0,0.6943536932820727,1,Medium Risk
12415,11,7,19543.84,5,5,5,555,Champions,0,14073,169,92.18792452830189,3.412228472072486e-05,0,Low Risk
12416,292,1,202.56,1,1,1,111,Lost Customers,1,132,11,18.414545454545454,0.9999999999356475,1,High Risk
12417,46,11,3148.31,3,5,5,355,Lost Customers,0,1342,144,17.687134831460675,0.0038808093435326522,0,Low Risk
12418,49,3,1352.62,3,3,4,334,Lost Customers,0,681,61,19.891470588235293,0.005478409465815506,0,Low Risk
12419,21,2,503.01,4,2,3,423,Potential Loyalists,0,231,23,20.1204,0.00022085094774681278,0,Low Risk
12421,51,2,291.56,3,2,2,322,Lost Customers,0,168,18,14.578,0.007579814997625138,0,Low Risk
12422,30,14,4428.24,4,5,5,455,Champions,0,2226,109,33.29503759398496,0.000679869671316148,0,Low Risk
12423,23,2,763.08,4,2,3,423,Potential Loyalists,0,454,38,19.077,0.00026747328164151746,0,Low Risk
12424,58,2,1579.07,3,2,4,324,Lost Customers,0,1285,59,25.468870967741935,0.01493628845862509,0,Low Risk
12425,84,1,964.21,2,1,3,213,Lost Customers,0,651,55,17.53109090909091,0.24492548076132042,0,Low Risk
12426,298,1,762.48,1,1,3,113,Lost Customers,1,326,47,16.222978723404257,0.9999999999651732,1,High Risk
12427,7,1,303.5,5,1,2,512,Potential Loyalists,0,79,10,30.35,4.289237976868197e-05,0,Low Risk
12429,1,5,3735.51,5,4,5,545,Champions,0,1787,70,49.15144736842105,1.9402926212843003e-05,0,Low Risk
12431,9,13,4370.52,5,5,5,555,Champions,0,1811,131,25.708941176470592,5.391496977441574e-05,0,Low Risk
12433,2,5,7205.39,5,4,5,545,Champions,0,6045,163,25.19367132867133,1.4974479047147027e-05,0,Low Risk
12434,17,1,297.29,4,1,2,412,Potential Loyalists,0,138,20,14.864500000000001,0.0001355223445748734,0,Low Risk
12435,32,4,6096.04,4,4,5,445,Champions,0,2903,68,80.21105263157895,0.0007000463130769695,0,Low Risk
12437,31,21,7731.99,4,5,5,455,Champions,0,5078,216,21.24173076923077,0.0006521371900074122,0,Low Risk
12439,318,2,1142.88,1,2,4,124,Lost Customers,1,478,69,16.096901408450705,0.9999999999965898,1,High Risk
12440,98,2,859.2,2,2,3,223,Lost Customers,1,331,21,26.85,0.6552964687850017,1,Medium Risk
12441,2,1,173.55,5,1,1,511,Potential Loyalists,0,121,11,15.77727272727273,2.3722076785696543e-05,0,Low Risk
12443,368,1,485.31,1,1,2,112,Lost Customers,1,182,21,23.11,0.9999999999999913,1,High Risk
12445,56,1,301.58000000000004,3,1,2,312,Lost Customers,0,144,20,15.079000000000002,0.013145633565760243,0,Low Risk
12449,46,2,768.6,3,2,3,323,Lost Customers,0,729,10,76.86,0.004212982909154962,0,Low Risk
12450,35,3,490.32,4,3,2,432,Loyal Customers,0,314,25,16.90758620689655,0.001168778656705926,0,Low Risk
12451,99,3,3634.36,2,3,5,235,At Risk,1,2784,147,23.148789808917197,0.5987353382023316,1,Medium Risk
12454,31,4,13151.44,4,4,5,445,Champions,0,6697,9,526.0576,0.0006256774404354381,0,Low Risk
12455,81,4,3413.09,2,4,5,245,At Risk,0,1213,121,24.913065693430656,0.17265879345053667,0,Low Risk
12457,71,1,632.68,3,1,3,313,Lost Customers,0,251,22,28.758181818181814,0.07162083806619585,0,Low Risk
12458,63,2,830.09,3,2,3,323,Lost Customers,0,480,44,18.045434782608698,0.028313936675264332,0,Low Risk
12459,241,1,454.36,1,1,2,112,Lost Customers,1,258,23,19.754782608695653,0.9999999731784737,1,High Risk
12460,92,1,326.65,2,1,2,212,Lost Customers,1,170,18,18.147222222222222,0.48012364439496175,0,Medium Risk
12466,318,1,56.73,1,1,1,111,Lost Customers,1,1,1,56.73,0.9999999999970615,1,High Risk
12467,59,1,132.8,3,1,1,311,Lost Customers,0,129,9,14.755555555555556,0.01909354006803669,0,Low Risk
12468,162,3,2941.2,2,3,5,235,At Risk,1,1835,102,26.260714285714283,0.9996488141726396,1,High Risk
12469,158,2,3070.54,2,2,5,225,Lost Customers,1,2552,76,40.40184210526316,0.9994414103546487,1,High Risk
12470,325,1,211.95,1,1,1,111,Lost Customers,1,95,23,9.215217391304348,0.9999999999986375,1,High Risk
12471,10,49,20129.54,5,5,5,555,Champions,0,8667,159,29.73344165435746,0.00012533188184686865,0,Low Risk
12472,5,13,11308.48,5,5,5,555,Champions,0,7202,312,19.77006993006993,1.8094423842174756e-05,0,Low Risk
12474,14,13,5048.66,5,5,5,555,Champions,0,3107,197,17.652657342657342,7.903031918815652e-05,0,Low Risk
12475,45,1,426.26,3,1,2,312,Lost Customers,0,236,25,17.0504,0.0035840086049852234,0,Low Risk
12476,32,12,7267.49,4,5,5,455,Champions,0,3223,225,25.862953736654802,0.0005979478130459845,0,Low Risk
12477,35,3,7056.63,4,3,5,435,Loyal Customers,0,2466,209,26.72965909090909,0.0007061645214739732,0,Low Risk
12480,35,3,2183.2200000000003,4,3,5,435,Loyal Customers,0,1245,79,24.809318181818185,0.0009957640736160606,0,Low Risk
12481,1,6,6765.07,5,4,5,545,Champions,0,3949,139,38.87971264367816,1.5703127258570833e-05,0,Low Risk
12482,212,29,23691.4,1,5,5,155,At Risk,1,27042,42,116.1343137254902,0.9999989763891644,1,High Risk
12483,14,11,2612.2000000000003,5,5,5,555,Champions,0,1050,35,41.46349206349207,0.00011823802507444723,0,Low Risk
12484,119,6,1826.78,2,4,4,244,At Risk,1,1079,110,14.27171875,0.9519810447378398,1,High Risk
12485,165,1,708.1,2,1,3,213,Lost Customers,1,414,34,20.826470588235296,0.9997886258007408,1,High Risk
12486,67,1,1037.28,3,1,4,314,Lost Customers,0,523,49,21.168979591836734,0.04284624014532485,0,Low Risk
12487,366,1,285.29999999999995,1,1,2,112,Lost Customers,1,174,2,142.64999999999998,0.9999999999999896,1,High Risk
12490,14,11,4405.71,5,5,5,555,Champions,0,2842,117,20.302811059907835,9.119271620279499e-05,0,Low Risk
12492,39,1,452.0,3,1,2,312,Lost Customers,0,252,22,20.545454545454547,0.0017842282115421136,0,Low Risk
12494,1,3,626.77,5,3,3,533,Loyal Customers,0,281,28,18.43441176470588,2.1317182096332028e-05,0,Low Risk
12495,276,1,357.4,1,1,2,112,Lost Customers,1,130,17,21.023529411764706,0.9999999995714066,1,High Risk
12496,256,2,45.34,1,2,1,121,Lost Customers,1,30,10,4.534000000000001,0.9999999957052044,1,High Risk
12497,36,2,5205.400000000001,4,2,5,425,Potential Loyalists,0,4449,30,121.05581395348838,0.0010884808443991172,0,Low Risk
12499,196,1,393.72,1,1,2,112,Lost Customers,1,302,27,14.582222222222223,0.9999945986188696,1,High Risk
12500,71,8,1697.39,3,5,4,354,Lost Customers,0,699,61,19.96929411764706,0.077825442975746,0,Low Risk
12503,220,1,1126.0,1,1,4,114,Lost Customers,1,561,2,563.0,0.9999996920034271,1,High Risk
12504,53,2,297.0,3,2,2,322,Lost Customers,0,368,8,27.0,0.009723229233563573,0,Low Risk
12505,44,1,955.2,3,1,3,313,Lost Customers,0,324,42,22.742857142857144,0.003054916859450907,0,Low Risk
12507,220,1,539.25,1,1,3,113,Lost Customers,1,362,28,19.258928571428573,0.9999996777259711,1,High Risk
12510,95,7,4195.45,2,5,5,255,At Risk,1,1696,85,37.459375,0.5581882825661688,1,Medium Risk
12511,64,1,3084.02,3,1,5,315,Lost Customers,0,1753,190,16.231684210526314,0.021087210233883786,0,Low Risk
12514,277,1,580.08,1,1,3,113,Lost Customers,1,400,33,17.578181818181818,0.9999999996002495,1,High Risk
12516,66,2,1336.56,3,2,4,324,Lost Customers,0,1077,38,27.845,0.03953243384768913,0,Low Risk
12519,112,1,385.7,2,1,2,212,Lost Customers,1,212,22,17.53181818181818,0.9057051994299412,1,High Risk
12523,10,12,2562.58,5,5,5,555,Champions,0,1398,105,17.92013986013986,6.343298778494016e-05,0,Low Risk
12524,24,9,6640.39,4,5,5,455,Champions,0,3479,65,69.17072916666667,0.00031038113414619717,0,Low Risk
12525,134,3,973.73,2,3,3,233,At Risk,1,509,56,16.228833333333334,0.9919635872233721,1,High Risk
12527,130,2,386.8,2,2,2,222,Lost Customers,1,292,13,27.62857142857143,0.9881814606970402,1,High Risk
12529,164,1,316.48,2,1,2,212,Lost Customers,1,192,21,15.07047619047619,0.9997712554473337,1,High Risk
12530,51,5,2096.98,3,4,4,344,Lost Customers,0,1800,66,22.793260869565216,0.0069428194589557434,0,Low Risk
12531,322,1,1807.98,1,1,4,114,Lost Customers,1,1074,110,16.43618181818182,0.9999999999975318,1,High Risk
12533,263,2,1367.89,1,2,4,124,Lost Customers,1,704,63,18.998472222222222,0.9999999978116882,1,High Risk
12537,44,1,732.94,3,1,3,313,Lost Customers,0,449,43,17.04511627906977,0.003031396302764576,0,Low Risk
12538,14,1,276.5,5,1,2,512,Potential Loyalists,0,145,13,21.26923076923077,9.678701005412354e-05,0,Low Risk
12539,86,3,5646.400000000001,2,3,5,235,At Risk,0,2468,127,24.443290043290045,0.25665717160841744,0,Low Risk
12540,14,16,8854.25,5,5,5,555,Champions,0,4334,171,30.21928327645051,8.818755839305791e-05,0,Low Risk
12542,120,2,481.88,2,2,2,222,Lost Customers,1,522,39,12.355897435897436,0.9600493100216541,1,High Risk
12543,84,1,980.25,2,1,3,213,Lost Customers,0,688,43,22.796511627906977,0.24998520192380239,0,Low Risk
12547,136,1,175.78,2,1,1,211,Lost Customers,1,175,13,13.521538461538462,0.9939888028613484,1,High Risk
12549,211,6,1575.68,1,4,4,144,At Risk,1,1366,38,32.15673469387755,0.9999991429631134,1,High Risk
12553,21,2,916.47,4,2,3,423,Potential Loyalists,0,360,39,19.49936170212766,0.00021176435967268573,0,Low Risk
12554,84,1,468.5,2,1,2,212,Lost Customers,0,240,26,18.01923076923077,0.2607459629292176,0,Low Risk
12555,318,1,129.23,1,1,1,111,Lost Customers,1,1,1,129.23,0.9999999999970579,1,High Risk
12557,7,4,6725.18,5,4,5,545,Champions,0,2398,15,269.0072,4.27333280610883e-05,0,Low Risk
12562,21,2,1185.18,4,2,4,424,Potential Loyalists,0,548,33,30.38923076923077,0.00021337945329045417,0,Low Risk
12563,44,1,249.24,3,1,1,311,Lost Customers,0,113,13,19.172307692307694,0.0032937031409314755,0,Low Risk
12567,3,7,4308.58,5,5,5,555,Champions,0,1781,146,22.324248704663212,2.1712354911565687e-05,0,Low Risk
12568,280,1,70.0,1,1,1,111,Lost Customers,1,48,5,14.0,0.9999999997404934,1,High Risk
12570,318,1,77.52,1,1,1,111,Lost Customers,1,1,1,77.52,0.9999999999970604,1,High Risk
12573,17,4,556.87,4,4,3,443,Loyal Customers,0,395,83,6.11945054945055,0.00012572394746488978,0,Low Risk
12575,93,2,622.8199999999999,2,2,3,223,Lost Customers,1,315,34,16.389999999999997,0.5058234266536469,1,Medium Risk
12576,28,3,826.89,4,3,3,433,Loyal Customers,0,527,51,15.312777777777777,0.00047892752012207906,0,Low Risk
12577,17,5,990.5,4,4,4,444,Champions,0,722,144,6.516447368421052,0.00011051116838777708,0,Low Risk
12578,21,2,1847.94,4,2,4,424,Potential Loyalists,0,1184,53,31.861034482758622,0.00019884737857782937,0,Low Risk
12580,212,1,637.2,1,1,3,113,Lost Customers,1,331,34,18.741176470588236,0.9999991633741886,1,High Risk
12582,58,2,1469.04,3,2,4,324,Lost Customers,0,685,79,18.136296296296297,0.014577248876202034,0,Low Risk
12583,9,13,7166.0599999999995,5,5,5,555,Champions,0,3924,87,32.72173515981735,5.561662996520373e-05,0,Low Risk
12586,10,3,1865.73,5,3,4,534,Loyal Customers,0,608,76,22.47867469879518,5.429278060868463e-05,0,Low Risk
12588,35,3,743.88,4,3,3,433,Loyal Customers,0,385,27,20.663333333333334,0.001160775976464178,0,Low Risk
12589,57,6,4048.98,3,4,5,345,Lost Customers,0,1458,100,27.924,0.013498731771065697,0,Low Risk
12591,26,2,886.1,4,2,3,423,Potential Loyalists,0,425,38,21.097619047619048,0.0003811777660685356,0,Low Risk
12592,155,3,2145.06,2,3,5,235,At Risk,1,1585,32,34.04857142857143,0.999328155655137,1,High Risk
12594,14,5,1751.89,5,4,4,544,Champions,0,991,60,21.628271604938273,9.409462292215083e-05,0,Low Risk
12595,140,1,299.02,2,1,2,212,Lost Customers,1,271,19,15.737894736842104,0.9961695163883703,1,High Risk
12598,99,3,1511.01,2,3,4,234,At Risk,1,942,69,20.419054054054055,0.6574304681134119,1,Medium Risk
12599,17,6,1264.14,4,4,4,444,Champions,0,1233,37,17.804788732394368,0.0001439661060061184,0,Low Risk
12600,7,12,2444.88,5,5,5,555,Champions,0,640,32,35.95411764705882,5.460400154230351e-05,0,Low Risk
12601,40,1,104.19999999999999,3,1,1,311,Lost Customers,0,45,6,17.366666666666664,0.002099332157560747,0,Low Risk
12605,12,4,1232.95,5,4,4,544,Champions,0,929,63,16.223026315789475,7.18619353179167e-05,0,Low Risk
12606,318,1,21.0,1,1,1,111,Lost Customers,1,1,1,21.0,0.9999999999970632,1,High Risk
12608,40,1,415.79,3,1,2,312,Lost Customers,0,323,16,25.986875,0.002029424097946172,0,Low Risk
12609,10,6,2309.01,5,4,5,545,Champions,0,905,84,20.078347826086958,5.7371726649238356e-05,0,Low Risk
12613,24,5,3472.9900000000002,4,4,5,445,Champions,0,2513,132,20.075086705202313,0.0002433666783181149,0,Low Risk
12615,49,4,3449.79,3,4,5,345,Lost Customers,0,1941,147,20.907818181818183,0.004400793353267092,0,Low Risk
12616,24,1,417.8,4,1,2,412,Potential Loyalists,0,214,22,18.990909090909092,0.00030643293360509534,0,Low Risk
12619,196,1,140.14,1,1,1,111,Lost Customers,1,140,10,14.014,0.9999948423283619,1,High Risk
12621,1,16,11086.14,5,5,5,555,Champions,0,6493,163,36.5879207920792,1.802756395804779e-05,0,Low Risk
12623,52,6,3442.7400000000002,3,4,5,345,Lost Customers,0,1781,109,22.068846153846156,0.007279389390275136,0,Low Risk
12625,145,2,2481.06,2,2,5,225,Lost Customers,1,1697,85,25.577938144329895,0.9974533605481631,1,High Risk
12629,21,2,1558.22,4,2,4,424,Potential Loyalists,0,722,40,34.62711111111111,0.0002086370881398783,0,Low Risk
12631,92,5,2841.07,2,4,5,245,At Risk,1,1371,105,18.69125,0.4466791581983717,0,Medium Risk
12632,156,2,804.88,2,2,3,223,Lost Customers,1,694,32,22.99657142857143,0.99940432007474,1,High Risk
12633,18,3,3514.18,4,3,5,435,Loyal Customers,0,2076,182,17.142341463414635,0.00010253710755723879,0,Low Risk
12634,171,2,490.0,2,2,2,222,Lost Customers,1,337,20,24.5,0.9999020938745466,1,High Risk
12635,28,2,1241.23,4,2,4,424,Potential Loyalists,0,777,77,15.913205128205128,0.0004339029589601728,0,Low Risk
12636,374,1,141.0,1,1,1,111,Lost Customers,1,1,1,141.0,0.999999999999996,1,High Risk
12637,14,4,2280.91,5,4,5,545,Champions,0,1263,162,9.831508620689654,7.107518023218701e-05,0,Low Risk
12638,275,1,249.8,1,1,1,111,Lost Customers,1,86,9,27.755555555555556,0.999999999527623,1,High Risk
12639,70,2,826.27,3,2,3,323,Lost Customers,0,430,39,19.673095238095236,0.06307083806069946,0,Low Risk
12643,21,6,4960.18,4,4,5,445,Champions,0,2857,14,183.71037037037038,0.00023029132177979469,0,Low Risk
12644,66,3,1440.58,3,3,4,334,Lost Customers,0,707,76,18.00725,0.03775743241545231,0,Low Risk
12645,45,4,1764.12,3,4,4,344,Lost Customers,0,1041,72,20.277241379310343,0.003392081926595425,0,Low Risk
12647,3,27,14201.53,5,5,5,555,Champions,0,5455,218,32.72241935483871,2.8636700282499274e-05,0,Low Risk
12648,73,3,793.95,2,3,3,233,At Risk,0,358,32,18.044318181818184,0.09130374799385522,0,Low Risk
12649,18,5,1671.1399999999999,4,4,4,444,Champions,0,1373,75,19.208505747126434,0.0001431665637589733,0,Low Risk
12651,14,3,263.75,5,3,2,532,Loyal Customers,0,187,21,12.55952380952381,0.0001003054443602254,0,Low Risk
12652,70,1,97.05000000000001,3,1,1,311,Lost Customers,0,31,3,32.35,0.0673963681105057,0,Low Risk
12653,162,1,1950.98,2,1,4,214,Lost Customers,1,762,43,45.37162790697675,0.9996894407789955,1,High Risk
12655,59,1,261.35,3,1,2,312,Lost Customers,0,80,16,16.334375,0.018824109174092572,0,Low Risk
12656,61,3,2356.66,3,3,5,335,Lost Customers,0,1137,108,19.476528925619835,0.019516188813240888,0,Low Risk
12661,72,1,162.0,2,1,1,211,Lost Customers,0,216,11,14.727272727272727,0.08182182723317145,0,Low Risk
12662,9,10,3138.2400000000002,5,5,5,555,Champions,0,1523,94,17.830909090909092,5.454993674086864e-05,0,Low Risk
12663,260,2,239.4,1,2,1,121,Lost Customers,1,181,9,23.94,0.9999999973084204,1,High Risk
12664,150,2,1188.16,2,2,4,224,Lost Customers,1,292,4,148.52,0.9988879367240782,1,High Risk
12665,53,2,250.6,3,2,2,322,Lost Customers,0,128,13,17.9,0.009698250205007577,0,Low Risk
12666,30,1,1248.42,4,1,4,414,Potential Loyalists,0,370,31,40.27161290322581,0.0006048371925883226,0,Low Risk
12668,14,6,7575.88,5,4,5,545,Champions,0,3415,233,20.202346666666667,5.926406242826597e-05,0,Low Risk
12670,21,2,764.24,4,2,3,423,Potential Loyalists,0,230,21,33.22782608695652,0.00022202474679186438,0,Low Risk
12671,242,1,2622.481,1,1,5,115,Lost Customers,1,1460,45,58.27735555555556,0.9999999738132319,1,High Risk
12672,231,1,211.15,1,1,1,111,Lost Customers,1,60,12,17.595833333333335,0.9999999158728945,1,High Risk
12673,37,1,619.5,3,1,3,313,Lost Customers,0,349,32,19.359375,0.0013729640229049927,0,Low Risk
12675,189,2,957.25,1,2,3,123,Lost Customers,1,336,111,8.546875,0.9999853825818655,1,High Risk
12676,44,5,1511.7,3,4,4,344,Lost Customers,0,1197,47,24.38225806451613,0.0032705200613362246,0,Low Risk
12677,191,2,395.1,1,2,2,122,Lost Customers,1,176,13,18.814285714285717,0.999990898284471,1,High Risk
12678,11,9,16652.72,5,5,5,555,Champions,0,11449,140,78.92284360189574,4.2486709408677655e-05,0,Low Risk
12681,3,24,17080.74,5,5,5,555,Champions,0,10060,341,20.65385731559855,1.6551745000263325e-05,0,Low Risk
12682,1,23,11745.69,5,5,5,555,Champions,0,5443,210,22.851536964980546,2.048216304214581e-05,0,Low Risk
12683,1,8,4220.21,5,5,5,555,Champions,0,2696,143,21.42238578680203,1.7154170930704065e-05,0,Low Risk
12686,7,1,89.14,5,1,1,511,Potential Loyalists,0,107,7,12.734285714285715,4.3142636498517515e-05,0,Low Risk
12687,116,2,2138.91,2,2,4,224,Lost Customers,1,1403,126,16.97547619047619,0.9221174293206297,1,High Risk
12691,56,1,134.6,3,1,1,311,Lost Customers,0,51,7,19.228571428571428,0.013595377163368349,0,Low Risk
12692,273,1,110.95,1,1,1,111,Lost Customers,1,36,13,8.534615384615385,0.9999999993977371,1,High Risk
12693,32,3,847.11,4,3,3,433,Loyal Customers,0,281,35,21.17775,0.0008039045600928314,0,Low Risk
12694,57,1,973.68,3,1,3,313,Lost Customers,0,846,46,21.16695652173913,0.013542423609782276,0,Low Risk
12695,164,3,825.02,2,3,3,233,At Risk,1,234,28,25.781875,0.9997800473705598,1,High Risk
12696,70,2,851.91,3,2,3,323,Lost Customers,0,564,43,17.38591836734694,0.062211977833793036,0,Low Risk
12698,226,1,339.75,1,1,2,112,Lost Customers,1,111,16,21.234375,0.9999998467956112,1,High Risk
12699,53,1,638.11,3,1,3,313,Lost Customers,0,373,41,15.563658536585367,0.008754108017807087,0,Low Risk
12701,165,4,1648.7,2,4,4,244,At Risk,1,1049,80,17.53936170212766,0.9997783985502136,1,High Risk
12703,269,3,722.98,1,3,3,133,At Risk,1,431,44,13.641132075471699,0.9999999990050881,1,High Risk
12705,19,5,4893.81,4,4,5,445,Champions,0,3191,196,18.467207547169814,0.00011345884173931463,0,Low Risk
12708,4,9,2601.19,5,5,5,555,Champions,0,1214,80,17.00124183006536,3.077403320141785e-05,0,Low Risk
12709,2,20,21107.94,5,5,5,555,Champions,0,9999,152,72.786,2.0915466343329193e-05,0,Low Risk
12711,247,2,1339.05,1,2,4,124,Lost Customers,1,770,56,22.3175,0.9999999858263611,1,High Risk
12712,1,10,2797.53,5,5,5,555,Champions,0,1287,99,19.563146853146854,2.1204407613200187e-05,0,Low Risk
12714,24,7,9384.85,4,5,5,455,Champions,0,5705,324,21.47562929061785,0.00014628368704018094,0,Low Risk
12717,226,1,277.93,1,1,2,112,Lost Customers,1,94,16,17.370625,0.9999998468811718,1,High Risk
12720,5,6,2478.94,5,4,5,545,Champions,0,1645,129,15.99316129032258,2.7820782657010494e-05,0,Low Risk
12721,21,2,1356.95,4,2,4,424,Potential Loyalists,0,696,73,17.39679487179487,0.00019297535651647795,0,Low Risk
12724,19,3,1286.11,4,3,4,434,Loyal Customers,0,934,66,16.9225,0.0001580286271023916,0,Low Risk
12725,7,4,2266.76,5,4,5,545,Champions,0,1142,92,21.384528301886796,3.703633023136587e-05,0,Low Risk
12726,23,4,1405.5,4,4,4,444,Champions,0,1475,30,25.554545454545455,0.00027771049033116767,0,Low Risk
12727,78,3,1698.8300000000002,2,3,4,234,At Risk,0,734,44,26.544218750000002,0.1479934786146571,0,Low Risk
12728,19,1,233.84,4,1,1,411,Potential Loyalists,0,124,15,15.589333333333334,0.000173585796924634,0,Low Risk
12730,157,1,829.25,2,1,3,213,Lost Customers,1,234,47,17.643617021276597,0.9994454867074416,1,High Risk
12731,78,5,6879.8,2,4,5,245,At Risk,0,3204,72,57.813445378151265,0.136753302955292,0,Low Risk
12733,25,3,2040.92,4,3,4,434,Loyal Customers,0,759,106,15.117925925925926,0.00029351155348743616,0,Low Risk
12734,10,2,529.25,5,2,3,523,Potential Loyalists,0,177,13,35.28333333333333,6.213688692949957e-05,0,Low Risk
12737,134,2,3710.5,2,2,5,225,Lost Customers,1,2,2,1855.25,0.9926640766851985,1,High Risk
12738,8,1,155.35,5,1,1,511,Potential Loyalists,0,148,11,14.122727272727273,4.7998388178504806e-05,0,Low Risk
12739,21,2,1713.69,4,2,4,424,Potential Loyalists,0,465,51,33.60176470588235,0.00020535607332284225,0,Low Risk
12741,165,2,406.07,2,2,2,222,Lost Customers,1,214,16,25.379375,0.9998044727669236,1,High Risk
12742,261,1,1201.52,1,1,4,114,Lost Customers,1,1359,67,17.933134328358207,0.9999999970495657,1,High Risk
12744,95,4,4037.77,2,4,5,245,At Risk,1,1753,110,34.5108547008547,0.5217443276053915,1,Medium Risk
12745,122,3,925.41,2,3,3,233,At Risk,1,468,21,40.235217391304346,0.9703610307158064,1,High Risk
12746,176,1,254.55,2,1,2,212,Lost Customers,1,97,17,14.973529411764707,0.9999449623162163,1,High Risk
12747,5,16,5061.03,5,5,5,555,Champions,0,1473,67,33.07862745098039,4.3341283916798834e-05,0,Low Risk
12748,1,144,22457.9,5,5,5,555,Champions,0,13110,1343,8.869628751974725,3.1622943349838345e-05,0,Low Risk
12749,35,4,2806.48,4,4,5,445,Champions,0,889,121,20.1905035971223,0.0009411110421934267,0,Low Risk
12751,80,1,268.27,2,1,2,212,Lost Customers,0,189,61,4.326935483870967,0.16873946725242625,0,Low Risk
12755,1,10,5218.709999999999,5,5,5,555,Champions,0,2290,31,86.97849999999998,2.4127384349262135e-05,0,Low Risk
12758,95,5,7111.650000000001,2,4,5,245,At Risk,1,4020,146,32.924305555555556,0.4875462448600484,0,Medium Risk
12759,22,5,3489.3,4,4,5,445,Champions,0,2300,151,16.856521739130436,0.00018536420491357605,0,Low Risk
12760,91,1,347.8,2,1,2,212,Lost Customers,1,198,21,16.561904761904763,0.4488426554167189,0,Medium Risk
12761,93,2,782.95,2,2,3,223,Lost Customers,1,281,27,28.99814814814815,0.5103833928605324,1,Medium Risk
12763,5,1,320.08,5,1,2,512,Potential Loyalists,0,196,16,20.005,3.327505230491972e-05,0,Low Risk
12765,108,6,1404.58,2,4,4,244,At Risk,1,1009,49,20.65558823529412,0.8629456519311447,1,High Risk
12766,2,3,3078.65,5,3,5,535,Loyal Customers,0,1800,132,21.232068965517243,1.7758050167186643e-05,0,Low Risk
12767,11,1,949.82,5,1,3,513,Potential Loyalists,0,598,43,22.088837209302326,6.232231922627975e-05,0,Low Risk
12768,86,1,168.69000000000003,2,1,1,211,Lost Customers,0,102,10,16.869000000000003,0.3177610059669938,0,Low Risk
12770,92,1,1895.0,2,1,4,214,Lost Customers,1,1100,16,118.4375,0.4729494468890601,0,Medium Risk
12771,121,1,282.3,2,1,2,212,Lost Customers,1,104,15,18.82,0.9658302584836181,1,High Risk
12773,200,1,124.25,1,1,1,111,Lost Customers,1,109,6,20.708333333333332,0.9999968121635456,1,High Risk
12774,171,1,98.7,2,1,1,211,Lost Customers,1,53,6,16.45,0.9999035831906524,1,High Risk
12775,24,2,300.08,4,2,2,422,Potential Loyalists,0,206,13,20.005333333333333,0.00032201234639815126,0,Low Risk
12776,303,1,55.5,1,1,1,111,Lost Customers,1,46,4,13.875,0.9999999999827018,1,High Risk
12777,93,1,519.45,2,1,3,213,Lost Customers,1,458,26,19.978846153846156,0.5020855603404598,1,Medium Risk
12778,32,3,953.45,4,3,3,433,Loyal Customers,0,910,55,14.89765625,0.0007483151042663207,0,Low Risk
12779,7,7,2740.91,5,5,5,555,Champions,0,1617,84,21.413359375,4.0383485806072436e-05,0,Low Risk
12780,234,1,337.4,1,1,2,112,Lost Customers,1,285,20,16.869999999999997,0.9999999392447053,1,High Risk
12782,10,6,2287.32,5,4,5,545,Champions,0,931,94,18.446129032258067,5.595961776367469e-05,0,Low Risk
12784,165,1,1230.33,2,1,4,214,Lost Customers,1,582,72,17.087916666666665,0.9997674001683933,1,High Risk
12785,171,2,788.45,2,2,3,223,Lost Customers,1,322,36,18.77261904761905,0.9998984372431161,1,High Risk
12786,245,1,728.5,1,1,3,113,Lost Customers,1,324,18,40.47222222222222,0.9999999834086881,1,High Risk
12787,49,1,398.52,3,1,2,312,Lost Customers,0,249,24,16.605,0.005735655169836423,0,Low Risk
12788,99,4,444.9,2,4,2,242,At Risk,1,194,20,17.111538461538462,0.6948859458085676,1,Medium Risk
12789,148,2,181.5,2,2,1,221,Lost Customers,1,32,2,45.375,0.9986129105208563,1,High Risk
12790,46,1,266.93,3,1,2,312,Lost Customers,0,140,16,16.683125,0.004130276529739918,0,Low Risk
12791,9,6,863.51,5,4,3,543,Loyal Customers,0,353,17,30.839642857142856,6.088515167599169e-05,0,Low Risk
12792,170,1,426.47,2,1,2,212,Lost Customers,1,177,22,19.385,0.9998868799395263,1,High Risk
12793,7,2,471.85,5,2,2,522,Potential Loyalists,0,231,23,17.475925925925928,4.254849921220909e-05,0,Low Risk
12796,264,1,381.0,1,1,2,112,Lost Customers,1,182,7,54.42857142857143,0.9999999982785328,1,High Risk
12797,1,2,552.08,5,2,3,523,Potential Loyalists,0,215,27,18.40266666666667,2.0823696926457174e-05,0,Low Risk
12798,57,1,1533.8899999999999,3,1,4,314,Lost Customers,0,3199,25,61.355599999999995,0.013015846697191887,0,Low Risk
12799,165,1,219.35,2,1,1,211,Lost Customers,1,137,15,14.623333333333333,0.999799903694576,1,High Risk
12800,106,3,584.25,2,3,3,233,At Risk,1,284,31,17.183823529411764,0.8304802076702652,1,High Risk
12801,136,1,1071.82,2,1,4,214,Lost Customers,1,505,50,21.4364,0.9933689561537411,1,High Risk
12802,78,6,1988.84,2,4,4,244,At Risk,0,1658,89,17.600353982300884,0.14085115046840105,0,Low Risk
12803,29,1,1092.81,4,1,4,414,Potential Loyalists,0,872,55,19.869272727272726,0.000498004967793864,0,Low Risk
12804,101,2,325.37,2,2,2,222,Lost Customers,1,270,60,4.929848484848485,0.7116574038957894,1,High Risk
12805,17,4,1434.95,4,4,4,444,Champions,0,593,44,24.74051724137931,0.00013723546970104033,0,Low Risk
12806,71,4,2878.96,3,4,5,345,Lost Customers,0,2087,58,42.96955223880597,0.06732171231741053,0,Low Risk
12807,19,1,330.35,4,1,2,412,Potential Loyalists,0,145,16,20.646875,0.0001730612700769119,0,Low Risk
12808,4,3,422.45,5,3,2,532,Loyal Customers,0,187,26,16.248076923076923,3.057885151102305e-05,0,Low Risk
12809,201,2,1266.63,1,2,4,124,Lost Customers,1,298,52,22.618392857142858,0.9999969120088548,1,High Risk
12810,170,2,534.99,2,2,3,223,Lost Customers,1,389,32,16.7184375,0.9998864741506029,1,High Risk
12811,14,2,519.05,5,2,3,523,Potential Loyalists,0,205,23,20.761999999999997,9.704352662231512e-05,0,Low Risk
12813,137,3,1687.8,2,3,4,234,At Risk,1,1141,37,37.50666666666667,0.9944651710186523,1,High Risk
12817,35,2,524.94,4,2,3,423,Potential Loyalists,0,166,16,24.997142857142858,0.001167628589263348,0,Low Risk
12819,94,1,540.52,2,1,3,213,Lost Customers,1,344,19,28.448421052631577,0.5366872551499492,1,Medium Risk
12820,33,7,1747.18,4,5,4,454,Champions,0,1244,87,17.29881188118812,0.0008633455686967881,0,Low Risk
12821,247,1,128.07999999999998,1,1,1,111,Lost Customers,1,92,7,18.297142857142855,0.9999999873253013,1,High Risk
12823,30,13,4742.0,4,5,5,455,Champions,0,700,1,364.7692307692308,0.0009023008318424094,0,Low Risk
12825,157,2,518.63,2,2,3,223,Lost Customers,1,139,20,21.609583333333333,0.9994958980953539,1,High Risk
12826,1,6,1481.03,5,4,4,544,Champions,0,937,53,19.747066666666665,2.135449115612631e-05,0,Low Risk
12829,186,1,92.30000000000001,1,1,1,111,Lost Customers,1,174,8,11.537500000000001,0.9999833315244381,1,High Risk
12831,99,2,236.06,2,2,1,221,Lost Customers,1,168,13,18.158461538461538,0.6865119222190318,1,Medium Risk
12835,63,41,5996.83,3,5,5,355,Lost Customers,0,2349,138,9.750943089430894,0.06182377312190837,0,Low Risk
12836,25,11,3949.37,4,5,5,455,Champions,0,1169,173,16.664008438818566,0.0003100205283703457,0,Low Risk
12837,205,1,528.5600000000001,1,1,3,113,Lost Customers,1,170,73,6.954736842105264,0.9999979205418547,1,High Risk
12838,9,9,2694.75,5,5,5,555,Champions,0,1479,177,9.134745762711864,4.3524805309308196e-05,0,Low Risk
12839,3,13,4480.31,5,5,5,555,Champions,0,3042,112,17.100419847328247,2.6569433223162096e-05,0,Low Risk
12840,73,3,1315.2,2,3,4,234,At Risk,0,747,57,20.876190476190477,0.08539750640568619,0,Low Risk
12841,5,17,3472.61,5,5,5,555,Champions,0,2609,154,12.53649819494585,3.451271000289083e-05,0,Low Risk
12842,40,2,799.0,3,2,3,323,Lost Customers,0,340,13,57.07142857142857,0.002101855422623167,0,Low Risk
12843,18,22,4881.1,4,5,5,455,Champions,0,2247,77,42.07844827586207,0.00022422215344736863,0,Low Risk
12844,78,2,322.64,2,2,2,222,Lost Customers,0,98,43,6.3262745098039215,0.14740759017875352,0,Low Risk
12846,318,1,15.58,1,1,1,111,Lost Customers,1,1,1,15.58,0.9999999999970635,1,High Risk
12847,23,1,765.36,4,1,3,413,Potential Loyalists,0,624,34,21.867428571428572,0.0002608096317444957,0,Low Risk
12848,311,1,208.0,1,1,1,111,Lost Customers,1,58,16,13.0,0.9999999999930542,1,High Risk
12849,17,4,2032.18,4,4,4,444,Champions,0,1258,80,21.168541666666666,0.00012294479800625094,0,Low Risk
12850,81,1,330.0,2,1,2,212,Lost Customers,0,200,2,165.0,0.20760102416683787,0,Low Risk
12851,113,1,148.95,2,1,1,211,Lost Customers,1,51,30,4.965,0.9142471230814125,1,High Risk
12853,63,5,1950.4,3,4,4,344,Lost Customers,0,868,58,27.862857142857145,0.02940678255608112,0,Low Risk
12854,197,4,1654.72,1,4,4,144,At Risk,1,1004,120,10.886315789473684,0.9999943581601365,1,High Risk
12855,8,4,612.84,5,4,3,543,Loyal Customers,0,240,65,9.146865671641791,4.58095006403141e-05,0,Low Risk
12857,72,4,2581.6,2,4,5,245,At Risk,0,1077,46,34.42133333333333,0.07989137395686279,0,Low Risk
12858,19,1,147.27,4,1,1,411,Potential Loyalists,0,51,36,3.9802702702702706,0.00016555946350127522,0,Low Risk
12859,94,1,575.1,2,1,3,213,Lost Customers,1,292,21,27.385714285714286,0.536030007210091,1,Medium Risk
12860,329,1,54.22,1,1,1,111,Lost Customers,1,26,16,3.38875,0.9999999999991651,1,High Risk
12861,255,1,68.25,1,1,1,111,Lost Customers,1,27,4,17.0625,0.9999999951014669,1,High Risk
12862,61,2,984.62,3,2,3,323,Lost Customers,0,611,119,7.51618320610687,0.01880714907739191,0,Low Risk
12863,15,5,2271.35,5,4,5,545,Champions,0,707,23,52.82209302325581,0.0001169989471956842,0,Low Risk
12864,144,1,152.45,2,1,1,211,Lost Customers,1,231,4,38.1125,0.9976895762893153,1,High Risk
12865,14,2,1755.24,5,2,4,524,Potential Loyalists,0,1048,93,17.5524,7.975089770794163e-05,0,Low Risk
12866,110,2,668.23,2,2,3,223,Lost Customers,1,382,34,18.06027027027027,0.88295401384535,1,High Risk
12867,33,6,3819.92,4,4,5,445,Champions,0,3592,260,7.402945736434108,0.0005102669870095729,0,Low Risk
12868,9,3,640.0,5,3,3,533,Loyal Customers,0,354,30,16.41025641025641,5.4222037995302946e-05,0,Low Risk
12869,317,1,337.66999999999996,1,1,2,112,Lost Customers,1,144,35,9.126216216216216,0.9999999999964013,1,High Risk
12870,11,3,1676.95,5,3,4,534,Loyal Customers,0,906,85,18.031720430107526,5.90589215805551e-05,0,Low Risk
12871,75,1,363.38,2,1,2,212,Lost Customers,0,284,7,51.91142857142857,0.11323015729968412,0,Low Risk
12872,1,11,3062.52,5,5,5,555,Champions,0,1526,204,8.367540983606558,1.683206673197861e-05,0,Low Risk
12873,33,2,1653.3,4,2,4,424,Potential Loyalists,0,658,30,53.332258064516125,0.0008782177141420926,0,Low Risk
12874,21,2,948.42,4,2,3,423,Potential Loyalists,0,623,44,19.75875,0.00020714790172163782,0,Low Risk
12875,107,3,1013.76,2,3,4,234,At Risk,1,3168,2,168.96,0.8405653096765013,1,High Risk
12876,30,2,1863.77,4,2,4,424,Potential Loyalists,0,1106,70,21.92670588235294,0.0005520385834138192,0,Low Risk
12877,37,8,1406.3700000000001,3,5,4,354,Lost Customers,0,1059,76,11.719750000000001,0.0014677880625358715,0,Low Risk
12880,17,2,640.13,4,2,3,423,Potential Loyalists,0,279,32,17.781388888888888,0.00013483981649530248,0,Low Risk
12887,19,1,222.4,4,1,1,411,Potential Loyalists,0,100,13,17.107692307692307,0.00017456816206664325,0,Low Risk
12889,17,4,385.46000000000004,4,4,2,442,Loyal Customers,0,124,25,15.418400000000002,0.0001458286329656245,0,Low Risk
12890,23,1,329.3,4,1,2,412,Potential Loyalists,0,201,56,5.880357142857143,0.0002513159244833457,0,Low Risk
12891,94,8,509.5,2,5,3,253,At Risk,1,1375,2,63.6875,0.5851567573347519,1,Medium Risk
12892,32,1,263.38,4,1,2,412,Potential Loyalists,0,140,18,14.632222222222222,0.0007944990173450715,0,Low Risk
12894,211,1,157.35,1,1,1,111,Lost Customers,1,33,21,7.492857142857143,0.9999990971387438,1,High Risk
12897,17,2,297.75,4,2,2,422,Potential Loyalists,0,139,9,29.775,0.00014305460304845396,0,Low Risk
12898,99,2,296.21000000000004,2,2,2,222,Lost Customers,1,235,27,10.970740740740743,0.6787733280899818,1,Medium Risk
12899,49,1,366.4,3,1,2,312,Lost Customers,0,108,17,21.552941176470586,0.005862449323325903,0,Low Risk
12900,58,1,340.33,3,1,2,312,Lost Customers,0,139,13,26.179230769230767,0.01685110384664368,0,Low Risk
12903,64,1,833.53,3,1,3,313,Lost Customers,0,493,41,20.33,0.031081570352455238,0,Low Risk
12905,212,2,1018.42,1,2,4,124,Lost Customers,1,532,52,18.85962962962963,0.9999991451571246,1,High Risk
12907,31,2,508.91,4,2,3,423,Potential Loyalists,0,177,23,20.3564,0.0007173138574529198,0,Low Risk
12908,16,3,1026.0,4,3,4,434,Loyal Customers,0,1800,1,342.0,0.00012451437474409797,0,Low Risk
12909,60,3,924.52,3,3,3,333,Lost Customers,0,668,49,13.798805970149253,0.020246451868431662,0,Low Risk
12910,15,5,2721.48,5,4,5,545,Champions,0,1940,38,43.89483870967742,0.0001077742590932786,0,Low Risk
12911,187,1,1651.72,1,1,4,114,Lost Customers,1,807,220,6.998813559322034,0.9999749159330853,1,High Risk
12913,4,9,4217.2300000000005,5,5,5,555,Champions,0,1813,26,91.67891304347827,3.431488865620265e-05,0,Low Risk
12914,36,1,223.98,4,1,1,411,Potential Loyalists,0,336,9,24.886666666666667,0.0012886791797383163,0,Low Risk
12915,8,3,811.1,5,3,3,533,Loyal Customers,0,359,40,15.903921568627451,4.708108894163287e-05,0,Low Risk
12916,78,3,1534.78,2,3,4,234,At Risk,0,598,51,22.243188405797103,0.1465074784309541,0,Low Risk
12917,36,5,3765.2,4,4,5,445,Champions,0,984,44,78.44166666666666,0.0013054686229907629,0,Low Risk
12918,262,1,10953.5,1,1,5,115,Lost Customers,1,1,1,10953.5,0.9999999974335654,1,High Risk
12920,207,3,323.86,1,3,2,132,At Risk,1,292,32,10.120625,0.9999985838316485,1,High Risk
12921,2,39,19333.95,5,5,5,555,Champions,0,12182,200,23.751781326781327,2.9140139512618166e-05,0,Low Risk
12923,26,2,597.6,4,2,3,423,Potential Loyalists,0,162,28,18.675,0.0003940793936639859,0,Low Risk
12924,29,8,1535.7,4,5,4,454,Champions,0,942,37,34.90227272727273,0.0006319511599475305,0,Low Risk
12925,228,1,35.28,1,1,1,111,Lost Customers,1,108,5,7.056,0.9999998819997241,1,High Risk
12926,47,4,1523.97,3,4,4,344,Lost Customers,0,754,202,5.816679389312977,0.0031808321901272214,0,Low Risk
12927,30,1,197.31,4,1,1,411,Potential Loyalists,0,145,11,17.937272727272727,0.0006383309922948071,0,Low Risk
12928,14,7,2242.19,5,5,5,555,Champions,0,1427,62,23.602,9.754362956337037e-05,0,Low Risk
12931,16,42,50291.38,4,5,5,455,Champions,0,34902,21,369.7895588235294,0.0001135599463812605,0,Low Risk
12932,175,8,1698.56,2,5,4,254,At Risk,1,1609,69,17.87957894736842,0.9999392184045716,1,High Risk
12933,16,5,1029.1,4,4,4,444,Champions,0,450,152,5.6234972677595625,9.742126296976347e-05,0,Low Risk
12934,372,1,181.65,1,1,1,111,Lost Customers,1,31,2,90.825,0.9999999999999949,1,High Risk
12935,11,8,2083.16,5,5,4,554,Champions,0,1348,61,16.66528,7.085878306186182e-05,0,Low Risk
12937,99,5,1593.34,2,4,4,244,At Risk,1,976,71,16.426185567010307,0.668718444529291,1,Medium Risk
12939,15,12,13683.0,5,5,5,555,Champions,0,5452,12,350.84615384615387,0.00012500553546331618,0,Low Risk
12941,360,1,377.49,1,1,2,112,Lost Customers,1,381,27,13.981111111111112,0.9999999999999774,1,High Risk
12942,1,1,258.75,5,1,2,512,Potential Loyalists,0,69,16,16.171875,2.088589486651028e-05,0,Low Risk
12943,194,2,496.5,1,2,2,122,Lost Customers,1,222,22,19.86,0.9999934559856605,1,High Risk
12945,292,1,437.16,1,1,2,112,Lost Customers,1,281,28,15.612857142857143,0.9999999999326414,1,High Risk
12946,72,1,324.45,2,1,2,212,Lost Customers,0,149,20,16.2225,0.08044507493682618,0,Low Risk
12947,9,1,304.04,5,1,2,512,Potential Loyalists,0,184,17,17.884705882352943,5.3166458188536264e-05,0,Low Risk
12948,366,2,252.48000000000002,1,2,2,122,Lost Customers,1,224,7,28.053333333333335,0.9999999999999898,1,High Risk
12949,18,14,11359.48,4,5,5,455,Champions,0,5852,262,22.71896,0.00010198595199955499,0,Low Risk
12951,22,9,2149.65,4,5,5,455,Champions,0,1159,83,16.409541984732826,0.00025409003136692365,0,Low Risk
12953,158,1,498.96000000000004,2,1,3,213,Lost Customers,1,280,31,16.095483870967744,0.999524196858889,1,High Risk
12954,274,1,162.45,1,1,1,111,Lost Customers,1,83,10,16.244999999999997,0.9999999994674307,1,High Risk
12956,320,3,413.82,1,3,2,132,At Risk,1,306,23,17.992173913043477,0.999999999997663,1,High Risk
12957,177,5,4689.43,1,4,5,145,At Risk,1,2137,221,18.60884920634921,0.9999239451254555,1,High Risk
12958,36,2,467.34,4,2,2,422,Potential Loyalists,0,118,45,9.537551020408163,0.0012278790749469957,0,Low Risk
12959,120,1,150.95,2,1,1,211,Lost Customers,1,109,8,18.86875,0.9623177837522718,1,High Risk
12960,49,4,1322.07,3,4,4,344,Lost Customers,0,1379,49,18.886714285714284,0.005642682514481899,0,Low Risk
12961,15,1,211.99,5,1,1,511,Potential Loyalists,0,180,37,5.29975,0.0001026780675312461,0,Low Risk
12963,1,5,1744.96,5,4,4,544,Champions,0,928,74,18.368000000000002,1.9768248848130888e-05,0,Low Risk
12964,73,1,132.24,2,1,1,211,Lost Customers,0,56,26,5.086153846153847,0.08869047680406494,0,Low Risk
12967,7,2,2646.02,5,2,5,525,Potential Loyalists,0,834,47,43.377377049180325,3.9474379981993904e-05,0,Low Risk
12969,238,1,122.45,1,1,1,111,Lost Customers,1,55,5,24.490000000000002,0.9999999636820573,1,High Risk
12970,16,6,1048.13,4,4,4,444,Champions,0,686,174,4.852453703703704,9.421513711258668e-05,0,Low Risk
12971,2,33,4782.88,5,5,5,555,Champions,0,5298,46,39.85733333333334,4.451687182087639e-05,0,Low Risk
12972,49,4,1161.2,3,4,4,344,Lost Customers,0,844,69,15.08051948051948,0.005490850640695743,0,Low Risk
12973,49,1,385.55,3,1,2,312,Lost Customers,0,31,6,64.25833333333334,0.006030715637874759,0,Low Risk
12974,201,1,264.15,1,1,2,112,Lost Customers,1,80,24,11.00625,0.9999970465295913,1,High Risk
12975,72,6,2100.09,2,4,4,244,At Risk,0,911,92,18.750803571428573,0.07641943133856803,0,Low Risk
12976,14,7,2417.7799999999997,5,5,5,555,Champions,0,2123,94,18.316515151515148,8.801581492446941e-05,0,Low Risk
12977,137,3,474.64,2,3,2,232,At Risk,1,116,45,9.686530612244898,0.9945616910265414,1,High Risk
12978,21,5,2502.82,4,4,5,445,Champions,0,1394,126,15.35472392638037,0.00018067762468996598,0,Low Risk
12979,365,1,517.7,1,1,3,113,Lost Customers,1,520,56,9.244642857142859,0.9999999999999865,1,High Risk
12980,22,12,8870.880000000001,4,5,5,455,Champions,0,1024,7,277.21500000000003,0.0003379342789695081,0,Low Risk
12982,30,7,2354.27,4,5,5,455,Champions,0,1441,117,15.695133333333333,0.0005615304673241034,0,Low Risk
12983,234,1,490.08000000000004,1,1,2,112,Lost Customers,1,638,30,16.336000000000002,0.9999999369473938,1,High Risk
12986,64,10,2729.84,3,5,5,355,Lost Customers,0,1164,61,26.763137254901963,0.0371601115617415,0,Low Risk
12987,56,3,753.51,3,3,3,333,Lost Customers,0,366,35,19.82921052631579,0.013316361763369526,0,Low Risk
12989,60,18,6627.64,3,5,5,355,Lost Customers,0,3992,11,200.83757575757576,0.029816373659967466,0,Low Risk
12990,53,4,546.0,3,4,3,343,Lost Customers,0,280,6,39.0,0.01036915325329525,0,Low Risk
12991,25,1,261.06,4,1,2,412,Potential Loyalists,0,78,14,18.647142857142857,0.0003530222665874798,0,Low Risk
12992,361,1,93.35000000000001,1,1,1,111,Lost Customers,1,21,6,15.558333333333335,0.9999999999999811,1,High Risk
12993,81,4,844.87,2,4,3,243,At Risk,0,511,44,17.242244897959182,0.2037598782256318,0,Low Risk
12996,11,1,355.5,5,1,2,512,Potential Loyalists,0,122,22,16.15909090909091,6.664218535088635e-05,0,Low Risk
12997,30,4,884.02,4,4,3,443,Loyal Customers,0,522,32,18.417083333333334,0.0006522925240952089,0,Low Risk
12998,128,3,920.08,2,3,3,233,At Risk,1,1124,58,15.86344827586207,0.9833916878343523,1,High Risk
13000,361,1,497.65000000000003,1,1,2,112,Lost Customers,1,169,31,16.053225806451614,0.9999999999999798,1,High Risk
13001,40,20,14256.68,3,5,5,355,Lost Customers,0,7958,261,21.02755162241888,0.0014945684705828216,0,Low Risk
13002,52,2,293.18,3,2,2,322,Lost Customers,0,128,14,18.32375,0.008611726013140412,0,Low Risk
13004,22,18,5994.94,4,5,5,455,Champions,0,3946,230,14.586228710462287,0.000209148814085393,0,Low Risk
13005,67,2,485.98,3,2,2,322,Lost Customers,0,290,27,16.199333333333335,0.04661528458133234,0,Low Risk
13007,215,1,175.25,1,1,1,111,Lost Customers,1,59,11,15.931818181818182,0.9999994487219518,1,High Risk
13008,33,2,382.66,4,2,2,422,Potential Loyalists,0,204,20,18.221904761904764,0.0009126964006702296,0,Low Risk
13009,308,1,234.0,1,1,1,111,Lost Customers,1,120,4,58.5,0.9999999999903628,1,High Risk
13010,10,2,330.12,5,2,2,522,Potential Loyalists,0,323,10,27.51,6.22049720208634e-05,0,Low Risk
13011,8,1,50.550000000000004,5,1,1,511,Potential Loyalists,0,13,3,16.85,4.91635255936822e-05,0,Low Risk
13012,65,3,1310.99,3,3,4,334,Lost Customers,0,739,54,20.169076923076922,0.035405884694860466,0,Low Risk
13013,7,18,7814.83,5,5,5,555,Champions,0,4239,224,23.327850746268656,3.611080317481586e-05,0,Low Risk
13014,68,1,1914.8,3,1,4,314,Lost Customers,0,1074,115,16.650434782608695,0.04050024441950495,0,Low Risk
13015,74,6,3240.14,2,4,5,245,At Risk,0,1918,156,18.72913294797688,0.07977810926843307,0,Low Risk
13018,49,7,2485.46,3,5,5,355,Lost Customers,0,1311,117,17.141103448275864,0.005252908159460741,0,Low Risk
13019,15,6,1229.95,5,4,4,544,Champions,0,397,46,22.362727272727273,0.00011501075036799623,0,Low Risk
13020,198,2,618.96,1,2,3,123,Lost Customers,1,278,38,15.870769230769232,0.9999957456396181,1,High Risk
13021,10,8,2270.86,5,5,5,555,Champions,0,1194,87,18.022698412698414,5.958655563260334e-05,0,Low Risk
13022,65,1,65.3,3,1,1,311,Lost Customers,0,35,5,13.059999999999999,0.038411144588635725,0,Low Risk
13023,164,1,759.13,2,1,3,213,Lost Customers,1,299,36,21.086944444444445,0.999762200728741,1,High Risk
13024,106,2,555.87,2,2,3,223,Lost Customers,1,181,26,17.931290322580644,0.8287390020450133,1,High Risk
13025,367,1,323.39,1,1,2,112,Lost Customers,1,241,13,24.876153846153844,0.9999999999999905,1,High Risk
13026,124,4,757.72,2,4,3,243,At Risk,1,846,24,18.040952380952383,0.9765731720476838,1,High Risk
13027,21,13,10327.2,4,5,5,455,Champions,0,25560,7,175.03728813559323,0.00012020692090502824,0,Low Risk
13029,10,2,679.8,5,2,3,523,Potential Loyalists,0,60,6,97.11428571428571,6.34211823232639e-05,0,Low Risk
13030,4,1,402.36,5,1,2,512,Potential Loyalists,0,174,50,7.058947368421053,2.7311376408898974e-05,0,Low Risk
13031,43,5,3292.84,3,4,5,345,Lost Customers,0,2309,275,8.090515970515971,0.0016269089954992716,0,Low Risk
13032,28,7,1805.78,4,5,4,454,Champions,0,899,110,13.277794117647058,0.0004602106424667945,0,Low Risk
13033,65,1,30.0,3,1,1,311,Lost Customers,0,15,2,15.0,0.03870033801112765,0,Low Risk
13034,5,2,279.91,5,2,2,522,Potential Loyalists,0,153,16,15.550555555555556,3.428135352334517e-05,0,Low Risk
13035,67,1,442.32,3,1,2,312,Lost Customers,0,282,15,29.488,0.04663440926844043,0,Low Risk
13036,320,1,307.1,1,1,2,112,Lost Customers,1,38,6,51.18333333333334,0.9999999999976483,1,High Risk
13037,35,9,3033.88,4,5,5,455,Champions,0,1699,155,16.488478260869567,0.0009686856530740619,0,Low Risk
13039,220,4,1010.73,1,4,4,144,At Risk,1,290,37,18.37690909090909,0.9999996986472219,1,High Risk
13041,86,4,799.13,2,4,3,243,At Risk,0,335,23,22.832285714285714,0.3278309068997862,0,Low Risk
13042,234,3,1488.59,1,3,4,134,At Risk,1,812,164,8.09016304347826,0.9999999176104984,1,High Risk
13044,128,10,4287.58,2,5,5,255,At Risk,1,2119,327,11.19472584856397,0.9735788830998771,1,High Risk
13045,37,2,503.64,3,2,3,323,Lost Customers,0,184,25,18.653333333333332,0.0014446270387992958,0,Low Risk
13046,92,1,319.94,2,1,2,212,Lost Customers,1,241,21,15.235238095238095,0.47765857581779975,0,Medium Risk
13047,9,17,5557.62,5,5,5,555,Champions,0,2055,120,24.591238938053095,6.157478581805072e-05,0,Low Risk
13048,72,5,2229.72,2,4,5,245,At Risk,0,1433,85,17.151692307692308,0.07424236915349025,0,Low Risk
13049,25,2,751.5600000000001,4,2,3,423,Potential Loyalists,0,352,10,62.63,0.0003629065871288993,0,Low Risk
13050,2,19,6477.67,5,5,5,555,Champions,0,3449,408,10.814140233722872,1.3654906646478566e-05,0,Low Risk
13051,214,2,155.8,1,2,1,121,Lost Customers,1,72,4,38.95,0.9999994065101848,1,High Risk
13052,56,6,2771.18,3,4,5,345,Lost Customers,0,1202,150,12.048608695652174,0.01074986514711696,0,Low Risk
13053,257,1,127.65,1,1,1,111,Lost Customers,1,47,17,7.508823529411765,0.9999999960046939,1,High Risk
13055,65,1,1106.7,3,1,4,314,Lost Customers,0,927,78,14.188461538461539,0.03148618557430326,0,Low Risk
13056,187,1,209.48,1,1,1,111,Lost Customers,1,158,18,11.025263157894736,0.999984837875887,1,High Risk
13057,166,3,709.59,2,3,3,233,At Risk,1,456,34,17.73975,0.9998220908726099,1,High Risk
13059,49,9,2108.37,3,5,4,354,Lost Customers,0,825,152,11.096684210526314,0.005203923866037706,0,Low Risk
13063,116,1,188.4,2,1,1,211,Lost Customers,1,116,12,15.700000000000001,0.9404718985253233,1,High Risk
13064,186,2,561.25,1,2,3,123,Lost Customers,1,154,19,22.45,0.9999833943753856,1,High Risk
13065,9,5,1055.05,5,4,4,544,Champions,0,381,49,17.016935483870967,5.482468355055539e-05,0,Low Risk
13067,45,2,393.05,3,2,2,322,Lost Customers,0,99,13,23.120588235294118,0.0038120382291881813,0,Low Risk
13069,5,16,5185.51,5,5,5,555,Champions,0,9481,421,7.892709284627093,1.3656196940232884e-05,0,Low Risk
13070,95,3,522.9,2,3,3,233,At Risk,1,262,11,21.787499999999998,0.5849998052945282,1,Medium Risk
13071,248,1,129.22,1,1,1,111,Lost Customers,1,30,12,10.768333333333333,0.9999999886257182,1,High Risk
13073,47,2,418.08,3,2,2,322,Lost Customers,0,261,25,15.484444444444444,0.004654733940752394,0,Low Risk
13074,147,4,1378.74,2,4,4,244,At Risk,1,826,26,47.54275862068965,0.9983951441288044,1,High Risk
13076,93,1,135.4,2,1,1,211,Lost Customers,1,44,9,15.044444444444444,0.5159917340406911,1,Medium Risk
13077,2,8,2326.35,5,5,5,555,Champions,0,1909,144,9.984334763948498,1.9743093907552467e-05,0,Low Risk
13078,2,32,16904.510000000002,5,5,5,555,Champions,0,6553,108,38.15916478555305,3.680475405041417e-05,0,Low Risk
13079,53,1,199.08,3,1,1,311,Lost Customers,0,96,11,18.098181818181818,0.009486501900694094,0,Low Risk
13080,37,3,222.65,3,3,1,331,Lost Customers,0,73,11,17.126923076923077,0.0015416883962111178,0,Low Risk
13081,7,19,30867.77,5,5,5,555,Champions,0,22355,506,23.20884962406015,1.0025582005817056e-05,0,Low Risk
13082,60,12,3722.12,3,5,5,355,Lost Customers,0,4142,48,66.46642857142857,0.022950884609877802,0,Low Risk
13083,61,1,91.67999999999999,3,1,1,311,Lost Customers,0,120,4,22.919999999999998,0.024320117465036425,0,Low Risk
13084,127,1,122.39999999999999,2,1,1,211,Lost Customers,1,144,2,61.199999999999996,0.9833032903213405,1,High Risk
13085,315,6,2017.2,1,4,4,144,At Risk,1,728,33,32.535483870967745,0.9999999999959908,1,High Risk
13086,18,1,439.33000000000004,4,1,2,412,Potential Loyalists,0,155,47,9.34744680851064,0.0001428985523960156,0,Low Risk
13087,362,1,313.64,1,1,2,112,Lost Customers,1,86,15,20.909333333333333,0.9999999999999829,1,High Risk
13088,53,1,236.11,3,1,1,311,Lost Customers,0,76,19,11.8055,0.009317891754059317,0,Low Risk
13089,4,109,57885.45,5,5,5,555,Champions,0,29130,474,37.5148736228127,7.959015280481232e-05,0,Low Risk
13090,1,13,5189.32,5,5,5,555,Champions,0,1181,92,40.860787401574804,2.371012002841462e-05,0,Low Risk
13091,365,2,1976.0,1,2,4,124,Lost Customers,1,873,24,82.33333333333333,0.9999999999999876,1,High Risk
13092,50,7,1662.45,3,5,4,354,Lost Customers,0,385,43,20.780625,0.0072761129164337175,0,Low Risk
13093,9,48,47111.18,5,5,5,555,Champions,0,22266,172,52.87450056116723,6.694447945970272e-05,0,Low Risk
13094,4,2,505.8,5,2,3,523,Potential Loyalists,0,372,5,63.225,3.101449936411535e-05,0,Low Risk
13096,30,1,419.70000000000005,4,1,2,412,Potential Loyalists,0,6,1,419.70000000000005,0.0006524939707025989,0,Low Risk
13097,24,18,7320.88,4,5,5,455,Champions,0,2985,278,12.557255574614066,0.0002458432132414533,0,Low Risk
13101,134,3,594.21,2,3,3,233,At Risk,1,365,41,13.818837209302327,0.9922791183247133,1,High Risk
13102,1,14,5272.83,5,5,5,555,Champions,0,2372,114,28.046968085106382,2.210627325827097e-05,0,Low Risk
13103,73,2,465.70000000000005,2,2,2,222,Lost Customers,0,344,21,18.628,0.09111421292034558,0,Low Risk
13104,51,3,610.62,3,3,3,333,Lost Customers,0,330,5,61.062,0.007988466185401593,0,Low Risk
13105,72,1,72.0,2,1,1,211,Lost Customers,0,100,1,72.0,0.0838725444564308,0,Low Risk
13106,49,1,526.96,3,1,3,313,Lost Customers,0,213,15,35.13066666666667,0.005867690751891354,0,Low Risk
13107,49,5,3721.45,3,4,5,345,Lost Customers,0,3023,102,31.012083333333333,0.004833878000352617,0,Low Risk
13108,8,2,748.46,5,2,3,523,Potential Loyalists,0,745,27,21.38457142857143,4.650348335096469e-05,0,Low Risk
13109,187,1,347.49,1,1,2,112,Lost Customers,1,237,23,15.108260869565218,0.9999846134969869,1,High Risk
13110,73,5,1468.8000000000002,2,4,4,244,At Risk,0,375,77,13.727102803738319,0.08725334102186871,0,Low Risk
13111,354,1,321.88000000000005,1,1,2,112,Lost Customers,1,180,12,26.823333333333338,0.999999999999956,1,High Risk
13112,177,1,20.6,1,1,1,111,Lost Customers,1,11,2,10.3,0.9999529223270255,1,High Risk
13113,2,14,6357.08,5,5,5,555,Champions,0,1495,107,33.99508021390374,2.6237002762166712e-05,0,Low Risk
13114,366,1,234.38,1,1,1,111,Lost Customers,1,74,16,14.64875,0.9999999999999893,1,High Risk
13115,15,6,3199.92,5,4,5,545,Champions,0,2367,136,16.494432989690722,8.644417844254195e-05,0,Low Risk
13117,1,12,1658.8999999999999,5,5,4,554,Champions,0,1122,90,14.811607142857142,2.2994445343338697e-05,0,Low Risk
13118,12,4,1217.6,5,4,4,544,Champions,0,424,57,17.6463768115942,7.433395912706947e-05,0,Low Risk
13119,304,1,134.9,1,1,1,111,Lost Customers,1,110,11,12.263636363636364,0.9999999999843276,1,High Risk
13123,108,2,506.75,2,2,3,223,Lost Customers,1,268,36,11.261111111111111,0.8562806388920327,1,High Risk
13124,21,1,885.33,4,1,3,413,Potential Loyalists,0,619,56,14.51360655737705,0.00019572387163168902,0,Low Risk
13125,159,1,148.62,2,1,1,211,Lost Customers,1,53,20,7.431,0.9995912151168769,1,High Risk
13126,2,7,1898.6100000000001,5,5,4,554,Champions,0,1266,79,17.104594594594595,2.29530847021575e-05,0,Low Risk
13128,267,1,263.5,1,1,2,112,Lost Customers,1,31,1,263.5,0.9999999988093011,1,High Risk
13129,88,2,233.25,2,2,1,221,Lost Customers,0,296,10,21.204545454545453,0.375648687075823,0,Low Risk
13131,54,4,2240.47,3,4,5,345,Lost Customers,0,1076,94,21.337809523809522,0.009223777401038252,0,Low Risk
13133,95,1,90.65,2,1,1,211,Lost Customers,1,23,5,18.130000000000003,0.5767513842273458,1,Medium Risk
13134,38,2,681.65,3,2,3,323,Lost Customers,0,305,21,29.63695652173913,0.0016330698709358634,0,Low Risk
13135,127,1,275.45,2,1,2,212,Lost Customers,1,123,17,16.20294117647059,0.9827410933282391,1,High Risk
13136,11,8,3666.9500000000003,5,5,5,555,Champions,0,1781,140,19.505053191489363,5.795642853718806e-05,0,Low Risk
13137,22,8,3983.65,4,5,5,455,Champions,0,2034,406,5.634582743988685,0.0001110200956993357,0,Low Risk
13138,8,2,504.85,5,2,3,523,Potential Loyalists,0,245,29,14.023611111111112,4.716114360297272e-05,0,Low Risk
13139,73,1,3138.04,2,1,5,215,Lost Customers,0,2189,95,33.032,0.07115024158720676,0,Low Risk
13140,2,3,790.71,5,3,3,533,Loyal Customers,0,461,68,10.5428,2.1655554521977603e-05,0,Low Risk
13141,21,12,5267.33,4,5,5,455,Champions,0,3611,231,18.226055363321798,0.00015837486988289382,0,Low Risk
13143,220,1,405.1,1,1,2,112,Lost Customers,1,198,23,17.61304347826087,0.9999996834579813,1,High Risk
13144,67,1,24.4,3,1,1,311,Lost Customers,0,8,3,8.133333333333333,0.048376660947184257,0,Low Risk
13145,8,4,805.0,5,4,3,543,Loyal Customers,0,121,2,201.25,5.3320653581196255e-05,0,Low Risk
13148,25,14,4814.56,4,5,5,455,Champions,0,2522,297,10.67529933481153,0.00023868912067422904,0,Low Risk
13150,120,3,449.96999999999997,2,3,2,232,At Risk,1,171,7,56.246249999999996,0.9643108716146589,1,High Risk
13151,261,2,1207.34,1,2,4,124,Lost Customers,1,450,71,14.373095238095237,0.9999999972043936,1,High Risk
13152,53,7,2146.38,3,5,5,355,Lost Customers,0,977,114,15.899111111111113,0.008543729885617388,0,Low Risk
13154,35,3,1624.84,4,3,4,434,Loyal Customers,0,976,78,17.471397849462363,0.0010071308565716274,0,Low Risk
13155,4,3,778.42,5,3,3,533,Loyal Customers,0,412,68,9.853417721518987,2.745138576832228e-05,0,Low Risk
13156,21,3,1586.54,4,3,4,434,Loyal Customers,0,914,94,15.255192307692308,0.00018731938395931695,0,Low Risk
13157,45,5,3946.14,3,4,5,345,Lost Customers,0,3323,121,24.061829268292684,0.0028600425532753103,0,Low Risk
13158,24,1,307.12,4,1,2,412,Potential Loyalists,0,208,21,14.624761904761906,0.00030716644995869405,0,Low Risk
13161,136,1,359.38,2,1,2,212,Lost Customers,1,76,25,14.3752,0.9938417252512807,1,High Risk
13162,16,12,7587.2,4,5,5,455,Champions,0,4042,124,47.71823899371069,0.00011236120370421908,0,Low Risk
13163,246,1,17.65,1,1,1,111,Lost Customers,1,3,2,8.825,0.9999999859589321,1,High Risk
13164,205,2,372.2,1,2,2,122,Lost Customers,1,120,7,37.22,0.9999982746783445,1,High Risk
13165,49,1,429.68,3,1,2,312,Lost Customers,0,360,7,61.38285714285714,0.005941749749219189,0,Low Risk
13166,50,1,458.73,3,1,2,312,Lost Customers,0,306,27,16.990000000000002,0.00638835813762033,0,Low Risk
13167,26,1,333.82,4,1,2,412,Potential Loyalists,0,222,16,20.86375,0.0003930515592038539,0,Low Risk
13168,178,1,541.14,1,1,3,113,Lost Customers,1,228,45,11.513617021276595,0.9999532968251098,1,High Risk
13169,198,1,127.2,1,1,1,111,Lost Customers,1,24,5,25.44,0.9999959890470846,1,High Risk
13172,36,1,69.6,4,1,1,411,Potential Loyalists,0,48,1,69.6,0.0013264698475277915,0,Low Risk
13173,3,10,2212.11,5,5,5,555,Champions,0,1318,147,11.286275510204081,2.3858257998079227e-05,0,Low Risk
13174,5,10,6621.6,5,5,5,555,Champions,0,3116,538,8.308155583437893,1.1206275708050688e-05,0,Low Risk
13175,218,2,831.45,1,2,3,123,Lost Customers,1,423,40,18.075,0.999999591415188,1,High Risk
13177,66,1,229.75,3,1,1,311,Lost Customers,0,89,13,17.673076923076923,0.04215146359602522,0,Low Risk
13178,33,10,8333.72,4,5,5,455,Champions,0,5208,160,19.74815165876777,0.0006897046210367025,0,Low Risk
13179,254,1,572.3100000000001,1,1,3,113,Lost Customers,1,368,34,16.832647058823532,0.9999999940105293,1,High Risk
13180,243,1,86.10000000000001,1,1,1,111,Lost Customers,1,42,4,21.525000000000002,0.9999999798892241,1,High Risk
13181,17,1,359.69,4,1,2,412,Potential Loyalists,0,171,19,18.931052631578947,0.00013568609761011716,0,Low Risk
13183,30,6,3078.4,4,4,5,445,Champions,0,1819,31,49.65161290322581,0.0006615458835661891,0,Low Risk
13187,260,3,105.34,1,3,1,131,At Risk,1,201,14,5.54421052631579,0.9999999973496034,1,High Risk
13190,180,3,570.66,1,3,3,133,At Risk,1,308,16,33.56823529411764,0.9999673314032318,1,High Risk
13191,294,1,164.69,1,1,1,111,Lost Customers,1,115,58,2.79135593220339,0.9999999999431455,1,High Risk
13192,171,4,1646.6399999999999,2,4,4,244,At Risk,1,1034,92,16.632727272727273,0.999887471260821,1,High Risk
13194,57,1,412.08,3,1,2,312,Lost Customers,0,300,7,58.86857142857143,0.015122496503349224,0,Low Risk
13195,50,1,136.73,3,1,1,311,Lost Customers,0,70,43,2.972391304347826,0.00620247473353031,0,Low Risk
13196,79,3,1271.06,2,3,4,234,At Risk,0,782,74,16.295641025641025,0.15351177007658495,0,Low Risk
13197,245,1,373.01000000000005,1,1,2,112,Lost Customers,1,204,19,19.632105263157897,0.9999999834361775,1,High Risk
13198,23,2,1572.99,4,2,4,424,Potential Loyalists,0,801,81,17.874886363636364,0.000238705560292766,0,Low Risk
13199,2,30,6615.77,5,5,5,555,Champions,0,5843,26,75.17920454545455,4.220731311995645e-05,0,Low Risk
13201,138,4,1233.06,2,4,4,244,At Risk,1,1036,65,14.337906976744186,0.9948994318760878,1,High Risk
13202,30,7,1580.3,4,5,4,454,Champions,0,572,55,22.902898550724636,0.0006718014810651543,0,Low Risk
13203,22,6,1778.79,4,4,4,444,Champions,0,1613,106,15.882053571428571,0.000216954238539544,0,Low Risk
13204,367,1,966.6600000000001,1,1,3,113,Lost Customers,1,428,57,16.958947368421054,0.9999999999999893,1,High Risk
13205,79,1,2803.2,2,1,5,215,Lost Customers,0,256,1,2803.2,0.16525531573881755,0,Low Risk
13206,36,13,8308.19,4,5,5,455,Champions,0,7086,393,14.678780918727917,0.0005693567220127414,0,Low Risk
13207,87,2,285.6,2,2,2,222,Lost Customers,0,48,4,57.120000000000005,0.35381254334241025,0,Low Risk
13208,85,3,758.65,2,3,3,233,At Risk,0,540,92,7.294711538461538,0.26185072771265483,0,Low Risk
13209,150,5,2617.9,2,4,5,245,At Risk,1,1528,42,58.175555555555555,0.9988329492254667,1,High Risk
13211,17,7,1523.35,4,5,4,454,Champions,0,1011,75,10.43390410958904,0.00013651851393146203,0,Low Risk
13213,19,6,2330.94,4,4,5,445,Champions,0,1602,109,20.44684210526316,0.00015164948590905478,0,Low Risk
13214,53,7,3264.23,3,5,5,355,Lost Customers,0,2966,207,14.254279475982532,0.006368837865882023,0,Low Risk
13215,38,1,81.6,3,1,1,311,Lost Customers,0,96,1,81.6,0.0016742976241988462,0,Low Risk
13217,291,1,132.5,1,1,1,111,Lost Customers,1,250,1,132.5,0.9999999999288238,1,High Risk
13219,254,1,76.23,1,1,1,111,Lost Customers,1,11,11,6.930000000000001,0.9999999944017466,1,High Risk
13220,211,1,516.8,1,1,3,113,Lost Customers,1,200,32,16.15,0.9999990678826958,1,High Risk
13222,213,1,88.5,1,1,1,111,Lost Customers,1,30,1,88.5,0.9999993185681595,1,High Risk
13223,59,4,805.9200000000001,3,4,3,343,Lost Customers,0,480,4,100.74000000000001,0.020712328180805508,0,Low Risk
13225,57,9,9796.23,3,5,5,355,Lost Customers,0,3985,50,105.3358064516129,0.015206558572711025,0,Low Risk
13226,29,1,204.25,4,1,1,411,Potential Loyalists,0,99,12,17.020833333333332,0.0005672032678604102,0,Low Risk
13230,1,17,3457.83,5,5,5,555,Champions,0,1915,406,5.107577548005908,1.2132046538278253e-05,0,Low Risk
13233,56,2,571.34,3,2,3,323,Lost Customers,0,600,33,17.313333333333333,0.012890766214004337,0,Low Risk
13234,308,2,346.5,1,2,2,122,Lost Customers,1,159,56,5.680327868852459,0.9999999999893898,1,High Risk
13237,23,1,643.0,4,1,3,413,Potential Loyalists,0,128,24,26.791666666666668,0.0002721719867885451,0,Low Risk
13238,66,2,305.9,3,2,2,322,Lost Customers,0,144,11,19.11875,0.04342059837128923,0,Low Risk
13239,73,4,1265.1299999999999,2,4,4,244,At Risk,0,824,69,17.57125,0.08511922156247327,0,Low Risk
13240,1,5,1036.21,5,4,4,544,Champions,0,542,133,6.685225806451613,1.73973133811384e-05,0,Low Risk
13241,47,1,112.53,3,1,1,311,Lost Customers,0,46,40,2.81325,0.004401139743363813,0,Low Risk
13242,87,4,429.0,2,4,2,242,At Risk,0,220,12,19.5,0.36109130815813606,0,Low Risk
13243,85,4,635.26,2,4,3,243,At Risk,0,322,121,4.2922972972972975,0.25553008450481757,0,Low Risk
13245,68,1,558.72,3,1,3,313,Lost Customers,0,246,29,19.266206896551726,0.050616787811770994,0,Low Risk
13246,29,5,1390.23,4,4,4,444,Champions,0,1209,166,5.915872340425532,0.0004225225450161805,0,Low Risk
13249,37,6,897.52,3,4,3,343,Lost Customers,0,700,2,74.79333333333334,0.001673978814726284,0,Low Risk
13250,96,2,253.09,2,2,2,222,Lost Customers,1,107,17,13.320526315789474,0.6044137154121475,1,Medium Risk
13251,38,1,252.68,3,1,2,312,Lost Customers,0,215,25,10.1072,0.0015768942556640977,0,Low Risk
13252,30,2,399.3,4,2,2,422,Potential Loyalists,0,134,19,21.01578947368421,0.0006447345814987134,0,Low Risk
13253,66,2,1920.71,3,2,4,324,Lost Customers,0,1443,39,49.24897435897436,0.03895466092577707,0,Low Risk
13254,12,1,51.410000000000004,5,1,1,511,Potential Loyalists,0,43,4,12.852500000000001,7.843110770090162e-05,0,Low Risk
13255,9,2,504.95,5,2,3,523,Potential Loyalists,0,340,19,26.576315789473682,5.4117772788321816e-05,0,Low Risk
13257,72,1,149.75,2,1,1,211,Lost Customers,0,33,7,21.392857142857142,0.08306826416007795,0,Low Risk
13258,15,2,336.59999999999997,5,2,2,522,Potential Loyalists,0,164,5,42.074999999999996,0.00011402585518516129,0,Low Risk
13259,33,8,1119.36,4,5,4,454,Champions,0,377,181,4.824827586206896,0.0007326132651559186,0,Low Risk
13262,25,2,373.16,4,2,2,422,Potential Loyalists,0,122,38,9.568205128205129,0.00034246373800216143,0,Low Risk
13263,29,4,1239.27,4,4,4,444,Champions,0,604,137,5.207016806722689,0.00045049634283873753,0,Low Risk
13264,78,1,722.5600000000001,2,1,3,213,Lost Customers,0,375,38,19.014736842105265,0.14416320914277886,0,Low Risk
13266,49,7,2300.78,3,5,5,355,Lost Customers,0,2409,83,19.173166666666667,0.005455832475359536,0,Low Risk
13267,2,18,5236.77,5,5,5,555,Champions,0,2135,106,24.357069767441864,2.862779938338648e-05,0,Low Risk
13269,5,14,3545.47,5,5,5,555,Champions,0,3050,107,19.37415300546448,3.4886949004278845e-05,0,Low Risk
13270,2,1,590.0,5,1,3,513,Potential Loyalists,0,200,1,590.0,2.397621292274693e-05,0,Low Risk
13274,45,1,360.85,3,1,2,312,Lost Customers,0,199,19,18.992105263157896,0.0036399343888121084,0,Low Risk
13275,19,2,238.86,4,2,1,421,Potential Loyalists,0,138,48,4.97625,0.00016495859231744633,0,Low Risk
13276,33,3,1300.98,4,3,4,434,Loyal Customers,0,679,184,6.224784688995215,0.0006248891459063826,0,Low Risk
13277,16,3,264.9,4,3,2,432,Loyal Customers,0,206,7,17.66,0.00013111558557685063,0,Low Risk
13278,35,3,893.12,4,3,3,433,Loyal Customers,0,821,48,14.40516129032258,0.001086174326465604,0,Low Risk
13280,15,4,1494.87,5,4,4,544,Champions,0,971,113,12.15341463414634,9.068797103766039e-05,0,Low Risk
13281,75,1,350.85,2,1,2,212,Lost Customers,0,201,22,15.947727272727274,0.11006271422198369,0,Low Risk
13282,42,1,181.05,3,1,1,311,Lost Customers,0,103,14,12.932142857142859,0.0025995874662039812,0,Low Risk
13283,203,2,279.7,1,2,2,122,Lost Customers,1,114,13,21.515384615384615,0.9999977861148156,1,High Risk
13285,236,2,655.47,1,2,3,123,Lost Customers,1,406,42,14.897045454545456,0.9999999506121064,1,High Risk
13286,236,1,734.91,1,1,3,113,Lost Customers,1,274,46,14.998163265306122,0.9999999489872028,1,High Risk
13287,239,3,781.59,1,3,3,133,At Risk,1,429,46,14.746981132075472,0.9999999659201189,1,High Risk
13288,79,5,927.61,2,4,3,243,At Risk,0,379,7,92.761,0.18575192754314399,0,Low Risk
13289,359,1,307.95,1,1,2,112,Lost Customers,1,119,16,19.246875,0.9999999999999754,1,High Risk
13290,74,1,208.63,2,1,1,211,Lost Customers,0,1,1,208.63,0.10395330342287681,0,Low Risk
13291,50,10,2909.68,3,5,5,355,Lost Customers,0,1367,134,10.542318840579709,0.006162853159492168,0,Low Risk
13292,51,3,415.57,3,3,2,332,Lost Customers,0,183,28,14.841785714285715,0.007610242809353138,0,Low Risk
13293,28,6,1192.94,4,4,4,444,Champions,0,555,51,16.56861111111111,0.0005210822056916596,0,Low Risk
13294,282,1,815.79,1,1,3,113,Lost Customers,1,543,48,16.995625,0.9999999997687923,1,High Risk
13295,12,3,900.77,5,3,3,533,Loyal Customers,0,651,49,15.80298245614035,7.29563262739466e-05,0,Low Risk
13296,59,5,705.11,3,4,3,343,Lost Customers,0,575,46,14.689791666666666,0.01925526528062758,0,Low Risk
13297,21,3,2278.77,4,3,5,435,Loyal Customers,0,1731,58,35.60578125,0.00019808865175202897,0,Low Risk
13299,59,2,1076.2,3,2,4,324,Lost Customers,0,386,56,18.880701754385967,0.017453944796507206,0,Low Risk
13300,24,2,913.62,4,2,3,423,Potential Loyalists,0,252,29,26.103428571428573,0.00030989467616537793,0,Low Risk
13302,162,1,95.45,2,1,1,211,Lost Customers,1,7,2,47.725,0.999725055405251,1,High Risk
13303,36,1,61.72,4,1,1,411,Potential Loyalists,0,26,4,15.43,0.00131951412570598,0,Low Risk
13304,91,3,917.57,2,3,3,233,At Risk,1,478,48,16.097719298245615,0.44454366367198295,0,Medium Risk
13305,8,7,1751.75,5,5,4,554,Champions,0,1128,110,14.127016129032258,4.338972563524111e-05,0,Low Risk
13306,66,1,53.65,3,1,1,311,Lost Customers,0,74,4,13.4125,0.04303471286186139,0,Low Risk
13307,123,2,258.34,2,2,2,222,Lost Customers,1,136,14,18.45285714285714,0.9735623896309294,1,High Risk
13308,232,1,284.86,1,1,2,112,Lost Customers,1,230,17,16.756470588235295,0.9999999238283781,1,High Risk
13309,28,1,249.58,4,1,1,411,Potential Loyalists,0,370,23,10.851304347826087,0.00048620733510571174,0,Low Risk
13310,16,2,409.17,4,2,2,422,Potential Loyalists,0,229,23,17.79,0.0001226375312425919,0,Low Risk
13312,87,1,124.75,2,1,1,211,Lost Customers,0,41,5,24.95,0.34696251863739946,0,Low Risk
13313,115,7,1890.0,2,5,4,254,At Risk,1,1457,78,17.339449541284402,0.9312753970988633,1,High Risk
13315,325,1,310.26,1,1,2,112,Lost Customers,1,232,22,14.102727272727272,0.999999999998634,1,High Risk
13316,28,6,7207.89,4,4,5,445,Champions,0,14423,69,82.84931034482759,0.0002964063468277033,0,Low Risk
13317,21,13,4212.411,4,5,5,455,Champions,0,2114,151,19.147322727272726,0.0002083300981476386,0,Low Risk
13319,1,34,11236.95,5,5,5,555,Champions,0,4546,221,23.45918580375783,2.8113999191821195e-05,0,Low Risk
13320,70,2,679.4,3,2,3,323,Lost Customers,0,423,37,15.44090909090909,0.06334991827220891,0,Low Risk
13324,64,8,3391.52,3,5,5,355,Lost Customers,0,3243,23,59.50035087719298,0.035588437367124005,0,Low Risk
13326,68,1,281.76,3,1,2,312,Lost Customers,0,140,13,21.673846153846153,0.05264796496754646,0,Low Risk
13327,1,14,6251.71,5,5,5,555,Champions,0,2879,132,26.7167094017094,2.082274289181448e-05,0,Low Risk
13329,2,7,4323.97,5,5,5,555,Champions,0,3023,60,40.03675925925926,2.2583839150616548e-05,0,Low Risk
13330,91,3,1655.17,2,3,4,234,At Risk,1,1200,53,25.86203125,0.43518078992850323,0,Medium Risk
13331,37,1,262.4,3,1,2,312,Lost Customers,0,54,12,21.866666666666664,0.0014550227357926096,0,Low Risk
13333,47,3,1015.74,3,3,4,334,Lost Customers,0,685,54,18.468,0.0044028157103988075,0,Low Risk
13334,172,2,2699.48,2,2,5,225,Lost Customers,1,1434,177,12.916172248803829,0.9998687233012702,1,High Risk
13337,182,1,1575.26,1,1,4,114,Lost Customers,1,980,87,18.106436781609194,0.9999668881216722,1,High Risk
13338,177,3,1958.6,1,3,4,134,At Risk,1,895,101,17.96880733944954,0.9999419783437121,1,High Risk
13340,53,5,11364.08,3,4,5,345,Lost Customers,0,3866,77,140.29728395061727,0.008082062261586797,0,Low Risk
13346,98,6,299.4,2,4,2,242,At Risk,1,180,4,49.9,0.6898518906043658,1,Medium Risk
13357,130,4,3196.11,2,4,5,245,At Risk,1,1791,240,10.47904918032787,0.9799756939718594,1,High Risk
13359,39,1,603.75,3,1,3,313,Lost Customers,0,220,33,18.295454545454547,0.001741021432574428,0,Low Risk
13360,67,4,1553.65,3,4,4,344,Lost Customers,0,942,58,23.540151515151518,0.0448654796251656,0,Low Risk
13361,108,2,1450.5,2,2,4,224,Lost Customers,1,324,29,42.661764705882355,0.858314146087339,1,High Risk
13362,14,3,2303.33,5,3,5,535,Loyal Customers,0,1099,106,17.449469696969697,7.948767654866425e-05,0,Low Risk
13363,45,1,731.36,3,1,3,313,Lost Customers,0,436,42,17.413333333333334,0.003418347878865469,0,Low Risk
13367,67,1,510.20000000000005,3,1,3,313,Lost Customers,0,253,20,25.51,0.04616772528512814,0,Low Risk
13368,50,2,498.1,3,2,2,322,Lost Customers,0,279,22,21.656521739130437,0.0066550311188571,0,Low Risk
13369,1,1,308.28000000000003,5,1,2,512,Potential Loyalists,0,149,14,22.020000000000003,2.0921504723337423e-05,0,Low Risk
13370,7,1,754.87,5,1,3,513,Potential Loyalists,0,343,39,19.355641025641027,3.967440033189865e-05,0,Low Risk
13371,141,2,2297.66,2,2,5,225,Lost Customers,1,1019,75,24.9745652173913,0.9961256841359593,1,High Risk
13373,51,3,4274.94,3,3,5,335,Lost Customers,0,2612,184,21.374699999999997,0.004837734300913193,0,Low Risk
13374,50,2,422.8,3,2,2,322,Lost Customers,0,135,17,24.870588235294118,0.0067699965144248295,0,Low Risk
13375,80,1,1013.58,2,1,4,214,Lost Customers,0,682,34,29.811176470588236,0.17543717386453206,0,Low Risk
13377,32,2,1552.88,4,2,4,424,Potential Loyalists,0,748,71,19.90871794871795,0.0007058347632517752,0,Low Risk
13380,68,1,62.4,3,1,1,311,Lost Customers,0,48,3,20.8,0.05400289979163465,0,Low Risk
13381,15,6,4585.06,5,4,5,545,Champions,0,3096,112,24.91880434782609,8.933249869448107e-05,0,Low Risk
13382,64,4,1164.59,3,4,4,344,Lost Customers,0,732,61,16.402676056338027,0.03195011083831425,0,Low Risk
13383,179,1,305.28000000000003,1,1,2,112,Lost Customers,1,288,1,305.28000000000003,0.9999622913607596,1,High Risk
13384,26,4,2528.9,4,4,5,445,Champions,0,1720,81,22.579464285714288,0.0003477171246828948,0,Low Risk
13386,50,2,835.46,3,2,3,323,Lost Customers,0,514,24,26.950322580645164,0.006569487464671068,0,Low Risk
13387,53,1,186.94,3,1,1,311,Lost Customers,0,123,71,2.632957746478873,0.008223976962625017,0,Low Risk
13388,239,1,508.55,1,1,3,113,Lost Customers,1,419,34,14.95735294117647,0.9999999649508776,1,High Risk
13392,313,1,91.14,1,1,1,111,Lost Customers,1,82,8,11.3925,0.9999999999946076,1,High Risk
13393,219,4,1131.45,1,4,4,144,At Risk,1,662,53,16.397826086956524,0.9999996428454166,1,High Risk
13394,15,11,4101.68,5,5,5,555,Champions,0,2962,167,16.148346456692913,9.053659097066997e-05,0,Low Risk
13395,36,2,872.51,4,2,3,423,Potential Loyalists,0,1324,56,14.541833333333333,0.0011427467436190904,0,Low Risk
13397,73,5,1647.74,2,4,4,244,At Risk,0,906,47,32.308627450980396,0.09142044557440597,0,Low Risk
13398,84,1,213.0,2,1,1,211,Lost Customers,0,60,13,16.384615384615383,0.268005261334206,0,Low Risk
13399,100,3,275.4,2,3,2,232,At Risk,1,120,10,18.36,0.7188557704797536,1,High Risk
13400,218,1,310.83,1,1,2,112,Lost Customers,1,284,23,13.514347826086956,0.999999598077569,1,High Risk
13402,8,3,913.9000000000001,5,3,3,533,Loyal Customers,0,628,43,16.033333333333335,4.6273800419361835e-05,0,Low Risk
13403,23,2,154.5,4,2,1,421,Potential Loyalists,0,70,6,25.75,0.0002924920475878979,0,Low Risk
13405,117,3,641.36,2,3,3,233,At Risk,1,690,14,40.085,0.9482248501305791,1,High Risk
13406,63,2,568.92,3,2,3,323,Lost Customers,0,292,7,63.21333333333333,0.031018664958311903,0,Low Risk
13407,214,3,2244.7,1,3,5,135,At Risk,1,1690,85,26.408235294117645,0.9999992591378506,1,High Risk
13408,7,46,23616.422,5,5,5,555,Champions,0,13267,172,65.23873480662984,6.626223482619082e-05,0,Low Risk
13410,29,4,1198.9,4,4,4,444,Champions,0,726,18,54.49545454545455,0.0005950411095093629,0,Low Risk
13412,256,1,487.34999999999997,1,1,2,112,Lost Customers,1,176,33,14.333823529411763,0.999999995311627,1,High Risk
13413,275,6,429.44,1,4,2,142,At Risk,1,455,38,9.986976744186046,0.9999999995542754,1,High Risk
13414,99,3,1103.64,2,3,4,234,At Risk,1,1128,27,35.601290322580645,0.6777643510772351,1,Medium Risk
13415,108,4,784.17,2,4,3,243,At Risk,1,496,85,7.764059405940594,0.8476172075424584,1,High Risk
13416,372,1,228.3,1,1,1,111,Lost Customers,1,66,7,32.614285714285714,0.9999999999999949,1,High Risk
13417,183,4,1028.66,1,4,4,144,At Risk,1,370,35,20.993061224489797,0.9999766272116709,1,High Risk
13418,8,15,6055.47,5,5,5,555,Champions,0,3670,167,23.6541796875,4.350723501739909e-05,0,Low Risk
13421,42,6,2225.04,3,4,5,345,Lost Customers,0,1223,124,13.650552147239264,0.0022170916981628912,0,Low Risk
13423,64,1,217.03,3,1,1,311,Lost Customers,0,141,12,18.085833333333333,0.033622006660959776,0,Low Risk
13424,85,1,572.77,2,1,3,213,Lost Customers,0,529,40,14.31925,0.27513594483572984,0,Low Risk
13425,144,2,1766.22,2,2,4,224,Lost Customers,1,1235,86,17.84060606060606,0.9971749836729308,1,High Risk
13426,18,12,4526.06,4,5,5,455,Champions,0,2623,106,24.333655913978497,0.0001555015222039355,0,Low Risk
13427,113,3,423.93,2,3,2,232,At Risk,1,335,18,18.43173913043478,0.9199096963242017,1,High Risk
13428,150,2,276.76,2,2,2,222,Lost Customers,1,205,66,4.130746268656717,0.9987153187479052,1,High Risk
13431,42,6,2047.14,3,4,4,344,Lost Customers,0,898,74,24.66433734939759,0.002527371549235306,0,Low Risk
13432,207,2,439.1,1,2,2,122,Lost Customers,1,217,98,3.955855855855856,0.9999983003876539,1,High Risk
13433,137,4,658.3199999999999,2,4,3,243,At Risk,1,190,22,27.429999999999996,0.9949797019000363,1,High Risk
13434,21,3,1132.6200000000001,4,3,4,434,Loyal Customers,0,564,14,45.30480000000001,0.00022941431452049854,0,Low Risk
13435,12,2,637.44,5,2,3,523,Potential Loyalists,0,625,40,13.280000000000001,7.249439553217993e-05,0,Low Risk
13438,183,1,46.5,1,1,1,111,Lost Customers,1,10,1,46.5,0.9999767992014511,1,High Risk
13439,24,2,702.9,4,2,3,423,Potential Loyalists,0,710,101,6.220353982300884,0.0002563020841797022,0,Low Risk
13440,59,7,1295.25,3,5,4,354,Lost Customers,0,573,49,21.953389830508474,0.02023765123032214,0,Low Risk
13441,67,1,424.26,3,1,2,312,Lost Customers,0,316,25,16.970399999999998,0.045535127973265546,0,Low Risk
13442,303,3,419.87,1,3,2,132,At Risk,1,115,33,11.04921052631579,0.9999999999824487,1,High Risk
13443,84,6,1273.16,2,4,4,244,At Risk,0,805,176,6.3658,0.21772587085348177,0,Low Risk
13444,10,2,619.08,5,2,3,523,Potential Loyalists,0,331,51,10.861052631578948,5.644984406389187e-05,0,Low Risk
13445,262,1,241.89999999999998,1,1,1,111,Lost Customers,1,198,7,34.55714285714286,0.9999999978205245,1,High Risk
13446,66,11,3881.89,3,5,5,355,Lost Customers,0,2403,113,20.218177083333334,0.04069896961917852,0,Low Risk
13448,9,9,5655.2,5,5,5,555,Champions,0,2709,249,15.840896358543416,3.523443891630297e-05,0,Low Risk
13450,10,7,2076.32,5,5,4,554,Champions,0,2336,39,27.320000000000004,6.211225295039406e-05,0,Low Risk
13451,17,6,4191.8,4,4,5,445,Champions,0,3101,363,7.116808149405773,6.200269965280742e-05,0,Low Risk
13452,108,1,139.8,2,1,1,211,Lost Customers,1,4,1,139.8,0.8637532001996894,1,High Risk
13453,38,1,424.71,3,1,2,312,Lost Customers,0,207,23,18.465652173913043,0.001585438932626568,0,Low Risk
13454,277,1,219.87,1,1,1,111,Lost Customers,1,198,23,9.559565217391304,0.9999999996123905,1,High Risk
13455,2,5,1847.59,5,4,4,544,Champions,0,631,70,18.85295918367347,2.2715772049909357e-05,0,Low Risk
13457,324,2,148.22,1,2,1,121,Lost Customers,1,96,9,16.468888888888888,0.9999999999985585,1,High Risk
13458,15,2,2312.7,5,2,5,525,Potential Loyalists,0,1252,94,22.453398058252425,8.892048086791879e-05,0,Low Risk
13459,260,2,1160.4099999999999,1,2,4,124,Lost Customers,1,986,57,15.896027397260273,0.9999999968944844,1,High Risk
13461,43,3,2715.0,3,3,5,335,Lost Customers,0,1962,25,77.57142857142857,0.002820013955220035,0,Low Risk
13462,46,4,1002.35,3,4,4,344,Lost Customers,0,635,55,16.16693548387097,0.004025673700468122,0,Low Risk
13464,30,5,2422.96,4,4,5,445,Champions,0,1037,95,22.02690909090909,0.0005682830159642511,0,Low Risk
13465,82,2,931.12,2,2,3,223,Lost Customers,0,584,34,27.385882352941177,0.2174610151148635,0,Low Risk
13466,44,4,705.45,3,4,3,343,Lost Customers,0,401,34,18.564473684210526,0.0033749917593516813,0,Low Risk
13468,4,38,7670.54,5,5,5,555,Champions,0,3223,208,18.048329411764705,4.813605332083817e-05,0,Low Risk
13469,289,1,82.4,1,1,1,111,Lost Customers,1,52,6,13.733333333333334,0.9999999999097566,1,High Risk
13472,99,2,592.24,2,2,3,223,Lost Customers,1,310,24,21.15142857142857,0.6798415386688871,1,Medium Risk
13473,210,6,2235.12,1,4,5,145,At Risk,1,734,44,45.61469387755102,0.9999990472479525,1,High Risk
13474,79,2,419.75,2,2,2,222,Lost Customers,0,189,62,6.55859375,0.1562927957229223,0,Low Risk
13476,42,3,823.0,3,3,3,333,Lost Customers,0,296,38,17.145833333333332,0.0025821595282259674,0,Low Risk
13477,91,5,1364.59,2,4,4,244,At Risk,1,1070,65,17.49474358974359,0.44306702982393775,0,Medium Risk
13478,105,5,2215.78,2,4,5,245,At Risk,1,1189,114,17.72624,0.7856724522950945,1,High Risk
13479,88,2,550.42,2,2,3,223,Lost Customers,0,582,34,14.484736842105262,0.3599855399457559,0,Low Risk
13480,52,2,627.82,3,2,3,323,Lost Customers,0,362,40,15.31268292682927,0.008032968727646745,0,Low Risk
13481,10,6,2026.28,5,4,4,544,Champions,0,913,87,17.61982608695652,5.69013099450385e-05,0,Low Risk
13482,263,1,151.45,1,1,1,111,Lost Customers,1,71,9,16.827777777777776,0.9999999980628711,1,High Risk
13484,19,2,476.92,4,2,2,422,Potential Loyalists,0,180,31,15.384516129032258,0.0001715955119181045,0,Low Risk
13485,12,10,2564.98,5,5,5,555,Champions,0,1521,118,18.99985185185185,7.31941898135936e-05,0,Low Risk
13487,141,2,271.47,2,2,2,222,Lost Customers,1,97,11,18.098000000000003,0.9967713192816285,1,High Risk
13488,3,11,6619.57,5,5,5,555,Champions,0,3373,186,21.9191059602649,2.0902867170598994e-05,0,Low Risk
13490,290,1,154.25,1,1,1,111,Lost Customers,1,25,8,19.28125,0.9999999999194802,1,High Risk
13491,8,18,3350.7400000000002,5,5,5,555,Champions,0,1482,102,18.410659340659343,5.97271397151458e-05,0,Low Risk
13495,4,6,3329.39,5,4,5,545,Champions,0,1845,49,33.63020202020202,2.9771626053073735e-05,0,Low Risk
13497,4,5,972.28,5,4,3,543,Loyal Customers,0,416,45,20.25583333333333,3.0687452774208445e-05,0,Low Risk
13498,366,1,327.38,1,1,2,112,Lost Customers,1,362,17,19.25764705882353,0.9999999999999891,1,High Risk
13500,37,1,299.53,3,1,2,312,Lost Customers,0,229,20,14.976499999999998,0.0014182337601165392,0,Low Risk
13501,122,2,1544.79,2,2,4,224,Lost Customers,1,693,52,24.915967741935482,0.9670650143368549,1,High Risk
13502,51,2,488.5,3,2,2,322,Lost Customers,0,226,14,32.56666666666667,0.007636543752831227,0,Low Risk
13503,115,5,1642.39,2,4,4,244,At Risk,1,857,148,9.548779069767443,0.917255488493157,1,High Risk
13506,5,4,1180.68,5,4,4,544,Champions,0,850,48,16.398333333333333,3.278692782205858e-05,0,Low Risk
13508,278,1,176.07999999999998,1,1,1,111,Lost Customers,1,156,16,11.004999999999999,0.9999999996616222,1,High Risk
13509,143,1,135.0,2,1,1,211,Lost Customers,1,108,5,27.0,0.9974084804277088,1,High Risk
13510,11,7,2766.73,5,5,5,555,Champions,0,1658,126,15.900747126436782,5.839579530218031e-05,0,Low Risk
13511,312,1,282.76,1,1,2,112,Lost Customers,1,60,5,56.552,0.9999999999939808,1,High Risk
13512,23,3,462.18,4,3,2,432,Loyal Customers,0,276,20,19.2575,0.00028892924264641836,0,Low Risk
13513,77,2,619.49,2,2,3,223,Lost Customers,0,255,24,20.64966666666667,0.13789821955787776,0,Low Risk
13514,64,3,663.7,3,3,3,333,Lost Customers,0,248,13,39.04117647058824,0.035306698037308785,0,Low Risk
13515,85,2,374.7,2,2,2,222,Lost Customers,0,138,17,22.041176470588233,0.29500544648733024,0,Low Risk
13516,53,1,295.85,3,1,2,312,Lost Customers,0,129,17,17.40294117647059,0.009343622905466323,0,Low Risk
13519,78,1,220.46,2,1,1,211,Lost Customers,0,110,11,20.041818181818183,0.15344559165009738,0,Low Risk
13520,7,6,3285.05,5,4,5,545,Champions,0,1640,62,29.33080357142857,4.140155118265516e-05,0,Low Risk
13523,2,2,1136.64,5,2,4,524,Potential Loyalists,0,602,57,19.265084745762714,2.1514632220143067e-05,0,Low Risk
13526,374,2,1182.0,1,2,4,124,Lost Customers,1,1911,29,26.863636363636363,0.9999999999999956,1,High Risk
13527,54,5,2298.93,3,4,5,345,Lost Customers,0,1053,152,10.172256637168141,0.008278274635857303,0,Low Risk
13530,270,1,402.97999999999996,1,1,2,112,Lost Customers,1,272,18,22.387777777777774,0.9999999991250681,1,High Risk
13531,2,5,1254.72,5,4,4,544,Champions,0,426,42,18.451764705882354,2.4439395177776947e-05,0,Low Risk
13534,15,10,1850.82,5,5,4,554,Champions,0,908,59,19.279374999999998,0.00012256279739491694,0,Low Risk
13535,38,1,89.5,3,1,1,311,Lost Customers,0,10,1,89.5,0.001679651589483697,0,Low Risk
13537,61,2,717.85,3,2,3,323,Lost Customers,0,337,38,17.09166666666667,0.022946137607908517,0,Low Risk
13538,32,5,1822.28,4,4,4,444,Champions,0,784,102,15.575042735042734,0.00071283759915411,0,Low Risk
13539,56,4,938.02,3,4,3,343,Lost Customers,0,390,45,19.143265306122448,0.013367433359546873,0,Low Risk
13540,103,3,632.39,2,3,3,233,At Risk,1,189,26,19.7621875,0.7776145222728404,1,High Risk
13541,63,2,785.25,3,2,3,323,Lost Customers,0,279,10,78.525,0.030828440907718777,0,Low Risk
13542,12,17,3959.4900000000002,5,5,5,555,Champions,0,804,98,11.962205438066466,9.65292998437178e-05,0,Low Risk
13543,270,2,1439.6100000000001,1,2,4,124,Lost Customers,1,329,37,30.630000000000003,0.9999999991103861,1,High Risk
13544,47,4,514.14,3,4,3,343,Lost Customers,0,219,152,3.213375,0.0036473489771045304,0,Low Risk
13545,26,2,364.93,4,2,2,422,Potential Loyalists,0,252,54,6.757962962962963,0.00036891252730539753,0,Low Risk
13546,18,2,465.15,4,2,2,422,Potential Loyalists,0,230,47,8.457272727272727,0.00014656548195429565,0,Low Risk
13547,44,1,167.08,3,1,1,311,Lost Customers,0,79,44,3.7972727272727274,0.0030635798239782913,0,Low Risk
13548,107,1,223.28,2,1,1,211,Lost Customers,1,122,61,3.660327868852459,0.8298015757000069,1,High Risk
13549,23,1,87.6,4,1,1,411,Potential Loyalists,0,96,8,10.95,0.0002827630655125477,0,Low Risk
13550,19,1,342.55,4,1,2,412,Potential Loyalists,0,430,40,8.155952380952382,0.00016167235518423605,0,Low Risk
13551,302,1,152.39999999999998,1,1,1,111,Lost Customers,1,24,1,152.39999999999998,0.9999999999806501,1,High Risk
13552,64,10,3208.85,3,5,5,355,Lost Customers,0,1213,87,32.743367346938776,0.03497892134450212,0,Low Risk
13553,310,1,499.6,1,1,3,113,Lost Customers,1,201,85,5.613483146067416,0.9999999999907452,1,High Risk
13554,16,7,1629.35,4,5,4,454,Champions,0,579,156,8.270812182741116,0.00010174392438833516,0,Low Risk
13555,14,9,4792.96,5,5,5,555,Champions,0,2126,175,18.293740458015268,7.724819030179758e-05,0,Low Risk
13556,65,2,200.82,3,2,1,321,Lost Customers,0,134,8,22.313333333333333,0.039057431454275905,0,Low Risk
13557,51,11,2448.2,3,5,5,355,Lost Customers,0,1852,107,16.76849315068493,0.0074432713077051205,0,Low Risk
13559,148,2,990.0,2,2,4,224,Lost Customers,1,360,1,495.0,0.9985892965603925,1,High Risk
13561,33,10,1661.54,4,5,4,454,Champions,0,1042,120,7.728093023255814,0.0008749936144200488,0,Low Risk
13562,37,5,3038.85,3,4,5,345,Lost Customers,0,846,65,26.65657894736842,0.0014024834048199316,0,Low Risk
13564,4,35,15310.35,5,5,5,555,Champions,0,8497,479,13.209965487489216,1.9295312102860294e-05,0,Low Risk
13565,47,1,174.57999999999998,3,1,1,311,Lost Customers,0,88,22,7.935454545454545,0.004586514945586649,0,Low Risk
13566,70,3,831.76,3,3,3,333,Lost Customers,0,690,159,4.2221319796954315,0.04895893495235875,0,Low Risk
13567,64,4,1079.29,3,4,4,344,Lost Customers,0,643,180,5.369601990049751,0.02431783719839696,0,Low Risk
13569,3,3,497.74,5,3,2,532,Loyal Customers,0,232,103,4.046666666666667,2.258908054667236e-05,0,Low Risk
13571,18,14,2448.32,4,5,5,455,Champions,0,1434,158,7.352312312312312,0.0001512954460080857,0,Low Risk
13573,15,4,614.27,5,4,3,543,Loyal Customers,0,345,52,9.907580645161291,0.00010722136467488721,0,Low Risk
13574,47,1,404.45,3,1,2,312,Lost Customers,0,304,84,4.444505494505495,0.003927671550881224,0,Low Risk
13576,9,11,4834.400000000001,5,5,5,555,Champions,0,1968,98,31.597385620915038,5.4874274083274e-05,0,Low Risk
13577,18,7,1801.68,4,5,4,454,Champions,0,870,58,21.19623529411765,0.0001608910298245094,0,Low Risk
13578,45,1,147.66,3,1,1,311,Lost Customers,0,127,9,16.406666666666666,0.0037358949357349735,0,Low Risk
13579,5,4,1072.0,5,4,4,544,Champions,0,588,62,16.0,3.202248659790487e-05,0,Low Risk
13580,42,1,107.75,3,1,1,311,Lost Customers,0,45,5,21.55,0.0026608775078578134,0,Low Risk
13581,50,1,162.53,3,1,1,311,Lost Customers,0,89,23,7.066521739130435,0.006499192897310045,0,Low Risk
13582,25,2,241.68,4,2,1,421,Potential Loyalists,0,106,10,21.970909090909092,0.00036614223359005883,0,Low Risk
13583,315,1,664.001,1,1,3,113,Lost Customers,1,372,43,15.441883720930232,0.9999999999953215,1,High Risk
13584,134,2,243.3,2,2,1,221,Lost Customers,1,323,55,4.3446428571428575,0.9917992384889089,1,High Risk
13585,166,3,684.54,2,3,3,233,At Risk,1,1386,29,17.552307692307693,0.9998177421706528,1,High Risk
13586,177,1,127.28,1,1,1,111,Lost Customers,1,38,20,6.364,0.999950821572813,1,High Risk
13587,85,3,961.1,2,3,3,233,At Risk,0,484,20,43.68636363636364,0.2968452473858596,0,Low Risk
13589,85,4,741.09,2,4,3,243,At Risk,0,179,29,23.906129032258065,0.30066597378485854,0,Low Risk
13590,11,12,4354.12,5,5,5,555,Champions,0,3423,225,13.649278996865203,4.978706534095035e-05,0,Low Risk
13591,71,4,976.8100000000001,3,4,3,343,Lost Customers,0,365,42,22.71651162790698,0.07387224198086256,0,Low Risk
13593,23,9,3481.41,4,5,5,455,Champions,0,1451,174,12.389359430604982,0.00022827749723746194,0,Low Risk
13594,121,1,136.35000000000002,2,1,1,211,Lost Customers,1,37,7,19.47857142857143,0.9665254593107722,1,High Risk
13595,152,3,784.48,2,3,3,233,At Risk,1,341,114,5.485874125874126,0.9988884626036141,1,High Risk
13597,36,2,396.71,4,2,2,422,Potential Loyalists,0,231,17,23.335882352941177,0.0013063513358338482,0,Low Risk
13598,131,4,601.92,2,4,3,243,At Risk,1,341,46,10.559999999999999,0.9892323086740363,1,High Risk
13599,2,14,5013.96,5,5,5,555,Champions,0,3200,108,30.760490797546012,2.4409265404285158e-05,0,Low Risk
13600,270,1,298.9,1,1,2,112,Lost Customers,1,275,22,13.586363636363636,0.9999999991164574,1,High Risk
13601,28,2,466.67,4,2,2,422,Potential Loyalists,0,409,77,5.426395348837209,0.0004392504090526284,0,Low Risk
13602,17,3,596.28,4,3,3,433,Loyal Customers,0,271,29,17.036571428571428,0.00013971480772080987,0,Low Risk
13604,294,1,717.62,1,1,3,113,Lost Customers,1,242,21,34.172380952380955,0.9999999999477478,1,High Risk
13605,23,2,522.67,4,2,3,423,Potential Loyalists,0,425,50,9.861698113207547,0.00026007859795066507,0,Low Risk
13607,38,1,400.3,3,1,2,312,Lost Customers,0,178,24,16.679166666666667,0.0015833833905605375,0,Low Risk
13608,176,1,232.05,2,1,1,211,Lost Customers,1,110,31,6.825,0.9999430676876017,1,High Risk
13609,229,1,167.35,1,1,1,111,Lost Customers,1,19,7,23.907142857142855,0.9999998949610861,1,High Risk
13610,23,7,1021.38,4,5,4,454,Champions,0,381,157,5.550978260869565,0.0002326236841948649,0,Low Risk
13611,10,7,2143.53,5,5,5,555,Champions,0,1234,122,13.919025974025976,5.3188853371952435e-05,0,Low Risk
13612,268,1,818.29,1,1,3,113,Lost Customers,1,444,50,16.3658,0.999999998798623,1,High Risk
13613,88,5,1039.8500000000001,2,4,4,244,At Risk,0,445,50,17.62457627118644,0.3722592947582621,0,Low Risk
13614,29,2,747.28,4,2,3,423,Potential Loyalists,0,257,67,10.830144927536232,0.0005093368190484165,0,Low Risk
13615,35,7,5854.84,4,5,5,455,Champions,0,2721,244,17.019883720930235,0.0007174777524924809,0,Low Risk
13616,204,2,283.85,1,2,2,122,Lost Customers,1,172,31,8.110000000000001,0.9999979413059165,1,High Risk
13617,44,5,734.57,3,4,3,343,Lost Customers,0,293,31,11.659841269841271,0.0035112806558281555,0,Low Risk
13619,180,2,224.94,1,2,1,121,Lost Customers,1,79,39,4.998666666666667,0.9999647997151586,1,High Risk
13620,164,1,112.34,2,1,1,211,Lost Customers,1,74,5,22.468,0.9997806748577375,1,High Risk
13622,332,1,658.95,1,1,3,113,Lost Customers,1,379,32,20.5921875,0.9999999999993829,1,High Risk
13623,16,5,1805.32,4,4,4,444,Champions,0,724,152,8.76368932038835,9.660040098915798e-05,0,Low Risk
13624,24,1,462.08,4,1,2,412,Potential Loyalists,0,820,22,21.003636363636364,0.00029935064437802743,0,Low Risk
13625,232,1,301.26,1,1,2,112,Lost Customers,1,144,21,14.345714285714285,0.9999999233601532,1,High Risk
13626,15,1,449.81,5,1,2,512,Potential Loyalists,0,189,25,17.9924,0.00010567172796043747,0,Low Risk
13627,124,2,607.43,2,2,3,223,Lost Customers,1,363,37,16.417027027027025,0.9749404339040066,1,High Risk
13628,312,1,310.14,1,1,2,112,Lost Customers,1,106,16,19.38375,0.9999999999938147,1,High Risk
13629,49,8,5578.5,3,5,5,355,Lost Customers,0,3350,7,199.23214285714286,0.00651846777061731,0,Low Risk
13632,30,3,1526.88,4,3,4,434,Loyal Customers,0,602,63,20.358400000000003,0.0005881913653180003,0,Low Risk
13634,10,11,3486.41,5,5,5,555,Champions,0,1390,153,13.40926923076923,5.515899942232685e-05,0,Low Risk
13635,78,3,1928.1299999999999,2,3,4,234,At Risk,0,1207,89,19.281299999999998,0.13291366175719854,0,Low Risk
13639,72,1,312.93,2,1,2,212,Lost Customers,0,197,19,16.47,0.08048142296157716,0,Low Risk
13640,247,1,405.0,1,1,2,112,Lost Customers,1,108,4,101.25,0.9999999873972826,1,High Risk
13641,276,5,1016.47,1,4,4,144,At Risk,1,1098,41,23.10159090909091,0.9999999995797393,1,High Risk
13642,68,3,159.92,3,3,1,331,Lost Customers,0,80,41,3.3316666666666666,0.05223898416858398,0,Low Risk
13643,18,7,1637.33,4,5,4,454,Champions,0,629,57,22.12608108108108,0.00016270899453253284,0,Low Risk
13646,35,2,326.25,4,2,2,422,Potential Loyalists,0,79,58,5.625,0.0010596610479415207,0,Low Risk
13647,130,4,1393.56,2,4,4,244,At Risk,1,908,50,22.845245901639345,0.987546631902989,1,High Risk
13648,36,8,1764.02,4,5,4,454,Champions,0,960,95,16.641698113207546,0.0012532058334440137,0,Low Risk
13649,2,5,1304.88,5,4,4,544,Champions,0,710,90,13.048800000000002,2.1559030988257507e-05,0,Low Risk
13650,10,4,1451.66,5,4,4,544,Champions,0,824,62,19.100789473684213,5.719698822999537e-05,0,Low Risk
13651,17,1,132.65,4,1,1,411,Potential Loyalists,0,29,8,16.58125,0.00013998204107714012,0,Low Risk
13652,4,3,1475.77,5,3,4,534,Loyal Customers,0,992,91,15.372604166666667,2.5454486630625916e-05,0,Low Risk
13653,123,1,152.2,2,1,1,211,Lost Customers,1,72,9,16.91111111111111,0.9731995109024152,1,High Risk
13654,16,5,3600.67,4,4,5,445,Champions,0,2580,133,22.09,9.453063551016483e-05,0,Low Risk
13655,10,4,1347.54,5,4,4,544,Champions,0,620,55,21.38952380952381,5.8602696748336495e-05,0,Low Risk
13656,135,2,699.2,2,2,3,223,Lost Customers,1,372,38,18.400000000000002,0.992985007209992,1,High Risk
13658,19,4,3386.33,4,4,5,445,Champions,0,1152,92,26.25062015503876,0.00015235239352954963,0,Low Risk
13659,52,10,3321.68,3,5,5,355,Lost Customers,0,1645,137,19.42502923976608,0.007655197497717942,0,Low Risk
13660,36,1,306.64,4,1,2,412,Potential Loyalists,0,136,39,7.6659999999999995,0.0012096897844140237,0,Low Risk
13661,239,1,325.24,1,1,2,112,Lost Customers,1,118,17,19.131764705882354,0.9999999667155861,1,High Risk
13662,21,8,1352.35,4,5,4,454,Champions,0,636,77,16.09940476190476,0.00022683958255885928,0,Low Risk
13663,16,4,1858.04,4,4,4,444,Champions,0,802,75,21.605116279069765,0.00011252858985022848,0,Low Risk
13665,22,3,1711.6599999999999,4,3,4,434,Loyal Customers,0,1652,97,16.147735849056602,0.00020336933559931362,0,Low Risk
13666,56,2,43.25,3,2,1,321,Lost Customers,0,13,7,6.178571428571429,0.01399844206514081,0,Low Risk
13668,19,14,6638.650000000001,4,5,5,455,Champions,0,2374,192,22.65750853242321,0.00015307059335067732,0,Low Risk
13669,43,1,195.0,3,1,1,311,Lost Customers,0,156,5,39.0,0.0029789840712909177,0,Low Risk
13671,30,1,172.6,4,1,1,411,Potential Loyalists,0,95,61,2.696875,0.0005677415627356414,0,Low Risk
13672,366,1,233.53000000000003,1,1,1,111,Lost Customers,1,81,12,19.460833333333337,0.9999999999999893,1,High Risk
13674,68,1,240.68,3,1,1,311,Lost Customers,0,102,14,17.19142857142857,0.05260085258945806,0,Low Risk
13676,175,2,243.9,2,2,1,221,Lost Customers,1,104,13,18.76153846153846,0.9999403602583846,1,High Risk
13677,40,2,551.24,3,2,3,323,Lost Customers,0,217,98,5.200377358490566,0.0017250438770601638,0,Low Risk
13679,129,3,281.26,2,3,2,232,At Risk,1,102,44,5.6251999999999995,0.9862131752385522,1,High Risk
13680,107,8,7700.55,2,5,5,255,At Risk,1,3310,244,17.03661504424779,0.775870442386728,1,High Risk
13683,93,1,258.6,2,1,2,212,Lost Customers,1,180,10,25.860000000000003,0.5141135052513908,1,Medium Risk
13684,26,3,529.75,4,3,3,433,Loyal Customers,0,196,58,6.705696202531645,0.0003768297068571918,0,Low Risk
13686,16,2,337.04,4,2,2,422,Potential Loyalists,0,308,23,12.963076923076924,0.00012224932921867676,0,Low Risk
13687,74,1,11880.84,2,1,5,215,Lost Customers,0,87167,45,264.01866666666666,0.0036702389882367773,0,Low Risk
13688,271,1,375.5,1,1,2,112,Lost Customers,1,130,5,75.1,0.9999999992492501,1,High Risk
13689,80,1,349.5,2,1,2,212,Lost Customers,0,210,3,116.5,0.1886433018531498,0,Low Risk
13691,32,1,212.78,4,1,1,411,Potential Loyalists,0,145,54,3.9403703703703705,0.0007289911984720483,0,Low Risk
13692,44,2,1626.08,3,2,4,324,Lost Customers,0,875,43,37.81581395348837,0.0030733569028277173,0,Low Risk
13693,10,9,2011.82,5,5,4,554,Champions,0,880,78,18.97943396226415,6.333799541776721e-05,0,Low Risk
13694,9,94,131443.19,5,5,5,555,Champions,0,125893,654,137.34920585161964,1.7720250412807715e-06,0,Low Risk
13695,213,1,266.6,1,1,2,112,Lost Customers,1,188,6,44.43333333333334,0.9999993071036097,1,High Risk
13696,57,3,2020.4,3,3,4,334,Lost Customers,0,552,24,84.18333333333334,0.015272611163213204,0,Low Risk
13698,232,2,451.73,1,2,2,122,Lost Customers,1,227,31,11.887631578947369,0.999999923477468,1,High Risk
13699,186,1,455.57,1,1,2,112,Lost Customers,1,153,23,19.807391304347824,0.9999827526073476,1,High Risk
13700,53,3,348.34,3,3,2,332,Lost Customers,0,505,41,7.572608695652173,0.009203626601408652,0,Low Risk
13701,82,1,161.0,2,1,1,211,Lost Customers,0,80,9,17.88888888888889,0.22592793439929582,0,Low Risk
13702,81,1,135.18,2,1,1,211,Lost Customers,0,74,5,27.036,0.20758267227500746,0,Low Risk
13703,51,1,326.06,3,1,2,312,Lost Customers,0,118,35,9.057222222222222,0.007094790820672105,0,Low Risk
13705,9,5,1323.47,5,4,4,544,Champions,0,646,43,23.63339285714286,5.508296141026526e-05,0,Low Risk
13706,262,1,300.38,1,1,2,112,Lost Customers,1,112,18,16.68777777777778,0.9999999977711034,1,High Risk
13707,65,3,2559.45,3,3,5,335,Lost Customers,0,1859,102,23.920093457943924,0.03049025889512805,0,Low Risk
13709,82,5,1263.7,2,4,4,244,At Risk,0,614,64,17.55138888888889,0.2196452989673096,0,Low Risk
13710,59,2,329.04,3,2,2,322,Lost Customers,0,160,7,47.00571428571429,0.019695491602545395,0,Low Risk
13711,42,7,1540.2,3,5,4,354,Lost Customers,0,679,71,19.49620253164557,0.0026367085175448106,0,Low Risk
13712,246,1,537.58,1,1,3,113,Lost Customers,1,776,23,23.373043478260872,0.9999999848060448,1,High Risk
13713,44,3,740.76,3,3,3,333,Lost Customers,0,284,70,9.2595,0.0030265264504750235,0,Low Risk
13714,101,1,161.35,2,1,1,211,Lost Customers,1,50,30,5.378333333333333,0.7221187317143589,1,High Risk
13715,8,13,7348.3,5,5,5,555,Champions,0,4345,233,17.371867612293144,3.4351375524364504e-05,0,Low Risk
13717,93,2,318.29,2,2,2,222,Lost Customers,1,185,21,14.467727272727274,0.5146337731243026,1,Medium Risk
13719,29,6,1741.4,4,4,4,444,Champions,0,979,149,9.26276595744681,0.00045706043089140694,0,Low Risk
13721,31,1,217.39999999999998,4,1,1,411,Potential Loyalists,0,196,14,15.528571428571427,0.0007115096220845618,0,Low Risk
13722,56,7,3260.0,3,5,5,355,Lost Customers,0,1658,84,31.346153846153847,0.012705857182672992,0,Low Risk
13723,28,5,994.23,4,4,4,444,Champions,0,550,46,19.119807692307692,0.000512489554405618,0,Low Risk
13724,273,1,213.01,1,1,1,111,Lost Customers,1,130,39,5.071666666666666,0.9999999993570421,1,High Risk
13727,247,6,740.6700000000001,1,4,3,143,At Risk,1,206,55,11.756666666666668,0.9999999876207385,1,High Risk
13728,23,10,1839.03,4,5,4,454,Champions,0,811,56,18.208217821782178,0.00031749881720081883,0,Low Risk
13729,71,3,724.73,2,3,3,233,At Risk,0,419,36,18.582820512820515,0.07274770640927768,0,Low Risk
13733,46,2,487.03000000000003,3,2,2,322,Lost Customers,0,335,28,16.794137931034484,0.004099801573503914,0,Low Risk
13734,144,4,6695.6900000000005,2,4,5,245,At Risk,1,302,24,247.98851851851853,0.99779863232801,1,High Risk
13735,12,9,6879.2300000000005,5,5,5,555,Champions,0,3007,272,15.21953539823009,4.708525726533495e-05,0,Low Risk
13736,61,5,2022.67,3,4,4,344,Lost Customers,0,1053,225,5.556785714285715,0.015713775491968167,0,Low Risk
13738,32,1,434.78000000000003,4,1,2,412,Potential Loyalists,0,237,88,4.885168539325843,0.0006701886139329418,0,Low Risk
13739,163,1,75.3,2,1,1,211,Lost Customers,1,22,3,25.099999999999998,0.9997549315910043,1,High Risk
13740,51,4,1232.02,3,4,4,344,Lost Customers,0,562,62,17.35239436619718,0.007131473398281653,0,Low Risk
13745,182,1,477.32,1,1,2,112,Lost Customers,1,650,31,15.397419354838709,0.9999713133944957,1,High Risk
13746,49,1,176.69,3,1,1,311,Lost Customers,0,83,9,19.63222222222222,0.005977638140865345,0,Low Risk
13747,9,2,169.79999999999998,5,2,1,521,Potential Loyalists,0,60,4,33.959999999999994,5.6641053492778304e-05,0,Low Risk
13748,9,5,1320.1,5,4,4,544,Champions,0,669,22,42.58387096774193,5.784242430556818e-05,0,Low Risk
13750,16,6,1954.92,4,4,4,444,Champions,0,854,34,38.33176470588236,0.00013102163493514221,0,Low Risk
13752,163,1,404.45000000000005,2,1,2,212,Lost Customers,1,131,19,21.286842105263162,0.9997445689279214,1,High Risk
13753,234,3,1353.31,1,3,4,134,At Risk,1,938,37,30.073555555555554,0.9999999388206378,1,High Risk
13754,73,1,164.45000000000002,2,1,1,211,Lost Customers,0,101,9,18.272222222222226,0.09186804992322979,0,Low Risk
13756,3,10,3999.2300000000005,5,5,5,555,Champions,0,2238,103,19.700640394088673,2.570067437233696e-05,0,Low Risk
13757,310,1,195.55,1,1,1,111,Lost Customers,1,54,8,24.44375,0.9999999999923341,1,High Risk
13758,2,10,6226.43,5,5,5,555,Champions,0,3224,147,32.42932291666667,1.9919274572527424e-05,0,Low Risk
13760,40,3,1076.85,3,3,4,334,Lost Customers,0,426,53,17.368548387096773,0.0019617150776829856,0,Low Risk
13761,138,4,881.52,2,4,3,243,At Risk,1,437,50,16.95230769230769,0.9951853686000679,1,High Risk
13762,229,4,2165.76,1,4,5,145,At Risk,1,2336,21,77.34857142857143,0.9999998913183659,1,High Risk
13763,53,2,3502.48,3,2,5,325,Lost Customers,0,2496,35,100.07085714285715,0.008470170366430649,0,Low Risk
13764,205,3,1400.2,1,3,4,134,At Risk,1,1158,141,8.590184049079754,0.9999976034228839,1,High Risk
13765,289,1,352.821,1,1,2,112,Lost Customers,1,297,17,20.754176470588238,0.9999999999065299,1,High Risk
13766,131,1,190.35,2,1,1,211,Lost Customers,1,137,16,11.197058823529412,0.989167223199706,1,High Risk
13767,5,39,18320.170000000002,5,5,5,555,Champions,0,7913,101,42.904379391100704,6.178078490997035e-05,0,Low Risk
13768,362,2,875.97,1,2,3,123,Lost Customers,1,373,30,26.544545454545457,0.9999999999999825,1,High Risk
13769,3,11,3003.9100000000003,5,5,5,555,Champions,0,1411,81,20.02606666666667,2.8686046532394175e-05,0,Low Risk
13770,58,4,785.37,3,4,3,343,Lost Customers,0,468,48,16.361875,0.01667940052054604,0,Low Risk
13771,169,5,3094.37,2,4,5,245,At Risk,1,1663,85,31.900721649484534,0.999861047828723,1,High Risk
13772,36,5,1977.39,4,4,4,444,Champions,0,906,290,5.018756345177665,0.0007253681693083728,0,Low Risk
13773,32,2,301.54,4,2,2,422,Potential Loyalists,0,174,19,15.870526315789474,0.0008142161988156235,0,Low Risk
13775,226,1,1049.66,1,1,4,114,Lost Customers,1,455,63,16.661269841269842,0.9999998266613371,1,High Risk
13776,64,2,623.98,3,2,3,323,Lost Customers,0,2,1,311.99,0.03546118383281199,0,Low Risk
13777,2,37,30501.260000000002,5,5,5,555,Champions,0,13845,36,157.22298969072165,3.934306644596467e-05,0,Low Risk
13778,127,3,945.79,2,3,3,233,At Risk,1,441,27,27.02257142857143,0.9831070415046268,1,High Risk
13779,151,1,161.13,2,1,1,211,Lost Customers,1,53,27,5.967777777777777,0.9989354338361311,1,High Risk
13780,43,1,372.06,3,1,2,312,Lost Customers,0,161,35,9.074634146341463,0.0027760572083735634,0,Low Risk
13781,228,2,650.99,1,2,3,123,Lost Customers,1,270,39,16.27475,0.9999998749835711,1,High Risk
13782,89,7,877.22,2,5,3,253,At Risk,0,274,106,7.01776,0.3832031553110395,0,Low Risk
13783,123,4,1542.09,2,4,4,244,At Risk,1,3437,4,154.209,0.9723331906166934,1,High Risk
13784,70,3,447.44,3,3,2,332,Lost Customers,0,334,9,37.28666666666667,0.06938038424438392,0,Low Risk
13785,64,4,542.49,3,4,3,343,Lost Customers,0,151,26,18.083000000000002,0.035338396162891486,0,Low Risk
13786,3,6,3127.99,5,4,5,545,Champions,0,1515,80,26.965431034482755,2.4883736107510828e-05,0,Low Risk
13787,94,4,913.46,2,4,3,243,At Risk,1,661,50,16.608363636363638,0.5365473053608,1,Medium Risk
13788,141,1,3.75,2,1,1,211,Lost Customers,1,1,1,3.75,0.996768001479426,1,High Risk
13789,24,1,239.45999999999998,4,1,1,411,Potential Loyalists,0,258,18,13.303333333333333,0.00030872472748629686,0,Low Risk
13792,58,1,188.4,3,1,1,311,Lost Customers,0,64,10,18.84,0.017013948517639436,0,Low Risk
13793,282,1,96.0,1,1,1,111,Lost Customers,1,52,7,13.714285714285714,0.999999999793902,1,High Risk
13794,182,1,126.03,1,1,1,111,Lost Customers,1,63,9,14.003333333333334,0.9999733678971339,1,High Risk
13795,24,4,836.3,4,4,3,443,Loyal Customers,0,1250,23,28.837931034482757,0.0003198738228948576,0,Low Risk
13796,135,1,289.7,2,1,2,212,Lost Customers,1,218,22,13.168181818181818,0.9930884727834247,1,High Risk
13797,72,3,1179.45,2,3,4,234,At Risk,0,573,71,15.121153846153847,0.07475882221141884,0,Low Risk
13798,8,54,38683.02,5,5,5,555,Champions,0,24399,121,103.70782841823055,7.147020744266838e-05,0,Low Risk
13799,80,7,2114.71,2,5,4,254,At Risk,0,1137,44,31.562835820895522,0.19512503220950092,0,Low Risk
13800,66,2,1121.24,3,2,4,324,Lost Customers,0,560,40,28.031,0.040091833317597234,0,Low Risk
13802,10,16,21659.69,5,5,5,555,Champions,0,11557,197,55.82394329896907,4.057076208134083e-05,0,Low Risk
13803,67,2,1061.84,3,2,4,324,Lost Customers,0,710,58,17.407213114754096,0.04282811670119146,0,Low Risk
13804,71,2,572.73,2,2,3,223,Lost Customers,0,335,32,17.8978125,0.07169128329672242,0,Low Risk
13807,3,3,422.2,5,3,2,532,Loyal Customers,0,116,24,16.887999999999998,2.7390176554420108e-05,0,Low Risk
13809,30,2,524.65,4,2,3,423,Potential Loyalists,0,252,13,40.357692307692304,0.0006510377362475836,0,Low Risk
13813,163,4,1398.61,2,4,4,244,At Risk,1,740,50,18.900135135135134,0.9997419277386683,1,High Risk
13814,163,1,678.2,2,1,3,213,Lost Customers,1,350,22,30.827272727272728,0.9997406946420145,1,High Risk
13815,42,4,3448.38,3,4,5,345,Lost Customers,0,2821,124,19.157666666666668,0.0019770382558415324,0,Low Risk
13818,65,1,61.28,3,1,1,311,Lost Customers,0,60,5,12.256,0.03837555115031959,0,Low Risk
13819,305,3,1502.0,1,3,4,134,At Risk,1,1200,34,23.107692307692307,0.9999999999855396,1,High Risk
13820,54,3,652.75,3,3,3,333,Lost Customers,0,285,68,7.334269662921348,0.00979184573476491,0,Low Risk
13821,29,4,993.44,4,4,4,444,Champions,0,324,132,6.851310344827587,0.00046053844998758455,0,Low Risk
13823,16,5,2445.79,4,4,5,445,Champions,0,1125,91,19.884471544715446,0.0001102053323006158,0,Low Risk
13824,15,7,1615.82,5,5,4,554,Champions,0,674,34,29.92259259259259,0.00012054927644954757,0,Low Risk
13825,257,2,255.59,1,2,2,122,Lost Customers,1,182,38,6.38975,0.9999999958959758,1,High Risk
13829,57,1,102.0,3,1,1,311,Lost Customers,0,12,1,102.0,0.015480344876765645,0,Low Risk
13830,217,1,156.85000000000002,1,1,1,111,Lost Customers,1,47,11,14.259090909090911,0.9999995644932258,1,High Risk
13831,5,13,4795.09,5,5,5,555,Champions,0,1810,78,42.81330357142857,3.8258410519441986e-05,0,Low Risk
13832,58,1,557.6899999999999,3,1,3,313,Lost Customers,0,392,51,10.72480769230769,0.015277387043700954,0,Low Risk
13833,40,1,316.56,3,1,2,312,Lost Customers,0,126,16,19.785,0.002044612571171661,0,Low Risk
13834,212,2,324.19,1,2,2,122,Lost Customers,1,221,15,20.261875,0.9999992252811294,1,High Risk
13835,155,3,260.7,2,3,2,232,At Risk,1,78,15,16.29375,0.9993883722731295,1,High Risk
13836,35,2,620.37,4,2,3,423,Potential Loyalists,0,273,29,20.011935483870968,0.001127709766181278,0,Low Risk
13838,5,7,1245.91,5,5,4,554,Champions,0,520,242,4.3411498257839725,2.274463948326706e-05,0,Low Risk
13839,122,1,139.95000000000002,2,1,1,211,Lost Customers,1,25,7,19.992857142857144,0.9701431474795118,1,High Risk
13840,52,1,651.4,3,1,3,313,Lost Customers,0,358,40,16.285,0.007813268095090153,0,Low Risk
13842,2,10,2244.29,5,5,5,555,Champions,0,1111,113,15.062348993288591,2.3190381960712042e-05,0,Low Risk
13843,17,1,319.75,4,1,2,412,Potential Loyalists,0,145,18,17.76388888888889,0.00013613521752103873,0,Low Risk
13846,35,1,442.73,4,1,2,412,Potential Loyalists,0,317,26,17.028076923076924,0.0011019404364156003,0,Low Risk
13847,355,1,310.72,1,1,2,112,Lost Customers,1,96,19,16.353684210526318,0.9999999999999605,1,High Risk
13848,2,6,2080.0,5,4,4,544,Champions,0,6500,1,346.6666666666667,2.1820235809083998e-05,0,Low Risk
13849,33,3,1931.35,4,3,4,434,Loyal Customers,0,867,108,16.22983193277311,0.0007449401940491763,0,Low Risk
13851,15,5,1955.0,5,4,4,544,Champions,0,820,45,33.13559322033898,0.0001104686393611744,0,Low Risk
13852,246,1,187.35000000000002,1,1,1,111,Lost Customers,1,85,11,17.031818181818185,0.9999999856128046,1,High Risk
13854,1,15,4144.44,5,5,5,555,Champions,0,1414,35,58.37239436619718,2.8389037351061577e-05,0,Low Risk
13855,136,4,1310.3400000000001,2,4,4,244,At Risk,1,575,64,17.949863013698632,0.9936844400806192,1,High Risk
13856,99,8,753.53,2,5,3,253,At Risk,1,611,27,18.83825,0.7116999632801435,1,High Risk
13857,29,6,1001.01,4,4,4,444,Champions,0,782,99,7.820390625,0.0005178740296943368,0,Low Risk
13859,165,1,314.7,2,1,2,212,Lost Customers,1,38,8,39.3375,0.9998039314908748,1,High Risk
13861,65,2,273.26,3,2,2,322,Lost Customers,0,225,21,13.012380952380951,0.037794376468784724,0,Low Risk
13862,25,1,346.73,4,1,2,412,Potential Loyalists,0,239,21,16.510952380952382,0.00034511178040923224,0,Low Risk
13863,101,3,933.77,2,3,3,233,At Risk,1,329,43,18.6754,0.725395829477818,1,High Risk
13864,22,1,662.4000000000001,4,1,3,413,Potential Loyalists,0,192,1,662.4000000000001,0.00025183014349880115,0,Low Risk
13869,17,6,4913.22,4,4,5,445,Champions,0,2593,359,9.200786516853933,6.397086300120026e-05,0,Low Risk
13870,23,7,2941.14,4,5,5,455,Champions,0,2124,86,23.342380952380953,0.0002589371829188699,0,Low Risk
13871,64,4,1482.6,3,4,4,344,Lost Customers,0,696,48,22.46363636363636,0.03299415051485901,0,Low Risk
13872,163,3,919.57,2,3,3,233,At Risk,1,339,51,16.13280701754386,0.9997376823312404,1,High Risk
13873,19,5,649.32,4,4,3,443,Loyal Customers,0,332,36,17.54918918918919,0.00018349943309505794,0,Low Risk
13874,140,6,1508.7,2,4,4,244,At Risk,1,684,33,29.58235294117647,0.9965137640511205,1,High Risk
13875,23,9,3027.58,4,5,5,455,Champions,0,1756,114,18.238433734939758,0.00025998368313345967,0,Low Risk
13877,106,2,332.44,2,2,2,222,Lost Customers,1,370,20,16.622,0.829645153555686,1,High Risk
13878,183,3,1145.33,1,3,4,134,At Risk,1,464,59,17.0944776119403,0.9999744590443498,1,High Risk
13879,281,1,395.5,1,1,2,112,Lost Customers,1,204,25,15.82,0.9999999997567564,1,High Risk
13880,3,5,1171.89,5,4,4,544,Champions,0,747,50,18.31078125,2.6630521573632544e-05,0,Low Risk
13881,11,23,28019.58,5,5,5,555,Champions,0,19642,148,100.42860215053764,4.6472254115168244e-05,0,Low Risk
13883,39,10,3885.54,3,5,5,355,Lost Customers,0,2148,136,22.330689655172414,0.0016430183406929478,0,Low Risk
13884,12,5,1037.43,5,4,4,544,Champions,0,452,87,8.43439024390244,7.106907837736133e-05,0,Low Risk
13888,40,5,1405.92,3,4,4,344,Lost Customers,0,541,96,10.650909090909092,0.0018666258217375031,0,Low Risk
13889,18,5,1574.3300000000002,4,4,4,444,Champions,0,833,50,23.151911764705886,0.0001551321294043632,0,Low Risk
13890,10,4,1043.57,5,4,4,544,Champions,0,561,48,16.564603174603175,5.968099304648269e-05,0,Low Risk
13891,14,3,859.21,5,3,3,533,Loyal Customers,0,476,97,8.678888888888888,8.287095017838898e-05,0,Low Risk
13892,113,2,634.68,2,2,3,223,Lost Customers,1,2142,8,70.52,0.914230379357264,1,High Risk
13895,151,2,1415.45,2,2,4,224,Lost Customers,1,695,67,20.81544117647059,0.998836488157528,1,High Risk
13896,261,1,388.55,1,1,2,112,Lost Customers,1,149,21,18.502380952380953,0.9999999974717384,1,High Risk
13897,74,2,849.56,2,2,3,223,Lost Customers,0,620,42,20.227619047619047,0.0960198031970644,0,Low Risk
13898,47,1,530.47,3,1,3,313,Lost Customers,0,411,34,15.602058823529413,0.004406096624772163,0,Low Risk
13900,25,3,869.64,4,3,3,433,Loyal Customers,0,508,46,16.723846153846154,0.0003408815446182991,0,Low Risk
13901,10,10,2809.14,5,5,5,555,Champions,0,1605,148,17.44807453416149,5.3713667311918294e-05,0,Low Risk
13902,268,5,34095.26,1,4,5,145,At Risk,1,220600,58,541.1946031746032,0.9999949131941677,1,High Risk
13903,36,1,165.45000000000002,3,1,1,311,Lost Customers,0,103,10,16.545,0.0012972481750609145,0,Low Risk
13905,368,1,312.65,1,1,2,112,Lost Customers,1,135,12,26.054166666666664,0.9999999999999916,1,High Risk
13906,45,1,42.0,3,1,1,311,Lost Customers,0,100,1,42.0,0.003808599131655927,0,Low Risk
13907,327,1,136.8,1,1,1,111,Lost Customers,1,68,4,34.2,0.9999999999989715,1,High Risk
13909,59,2,282.85,3,2,2,322,Lost Customers,0,301,35,7.44342105263158,0.018357920981430565,0,Low Risk
13911,15,11,1654.08,5,5,4,554,Champions,0,1756,67,18.378666666666668,0.00011961489811626468,0,Low Risk
13912,59,1,124.95,3,1,1,311,Lost Customers,0,29,7,17.85,0.01925466624603773,0,Low Risk
13913,142,1,42.22,2,1,1,211,Lost Customers,1,10,3,14.073333333333332,0.9971106751326428,1,High Risk
13915,30,1,70.80000000000001,4,1,1,411,Potential Loyalists,0,24,2,35.400000000000006,0.0006547929214323725,0,Low Risk
13916,99,4,1275.81,2,4,4,244,At Risk,1,673,72,17.240675675675675,0.664333680330005,1,Medium Risk
13919,60,2,975.87,3,2,3,323,Lost Customers,0,659,45,19.915714285714287,0.01988803993179155,0,Low Risk
13920,67,4,1774.68,3,4,4,344,Lost Customers,0,1772,81,20.635813953488373,0.041305066450897966,0,Low Risk
13921,38,4,730.7,3,4,3,343,Lost Customers,0,210,36,16.606818181818184,0.0016736064848346785,0,Low Risk
13922,73,2,692.95,2,2,3,223,Lost Customers,0,374,23,30.12826086956522,0.09065824487496449,0,Low Risk
13927,73,1,359.27,2,1,2,212,Lost Customers,0,249,20,17.9635,0.08927800830803427,0,Low Risk
13929,52,9,2651.45,3,5,5,355,Lost Customers,0,1423,37,55.23854166666666,0.009489798485015556,0,Low Risk
13931,28,9,4019.85,4,5,5,455,Champions,0,2763,170,18.872535211267603,0.0003949419099250883,0,Low Risk
13935,232,3,6116.92,1,3,5,135,At Risk,1,2252,67,76.4615,0.9999999136004337,1,High Risk
13936,18,2,563.08,4,2,3,423,Potential Loyalists,0,331,31,17.063030303030303,0.00015169636211123796,0,Low Risk
13937,38,1,721.28,3,1,3,313,Lost Customers,0,464,45,16.028444444444442,0.0014908480973247983,0,Low Risk
13939,67,4,992.41,3,4,4,344,Lost Customers,0,761,52,15.267846153846154,0.04572626908418142,0,Low Risk
13941,8,11,6009.34,5,5,5,555,Champions,0,3062,33,100.15566666666668,5.472249461861554e-05,0,Low Risk
13942,170,1,320.0,2,1,2,212,Lost Customers,1,1000,1,320.0,0.9998882321528662,1,High Risk
13943,213,1,246.54,1,1,1,111,Lost Customers,1,94,15,16.436,0.9999992949705422,1,High Risk
13944,289,1,200.43,1,1,1,111,Lost Customers,1,153,35,5.726571428571429,0.999999999902953,1,High Risk
13945,30,2,854.15,4,2,3,423,Potential Loyalists,0,413,49,16.748039215686273,0.000594550042789029,0,Low Risk
13946,12,3,1314.66,5,3,4,534,Loyal Customers,0,2404,41,29.21466666666667,6.954514385837973e-05,0,Low Risk
13948,47,3,446.76,3,3,2,332,Lost Customers,0,208,20,21.274285714285714,0.004854001110573441,0,Low Risk
13952,16,12,9572.45,4,5,5,455,Champions,0,4516,183,35.19283088235294,9.638561773462628e-05,0,Low Risk
13953,45,5,3125.0,3,4,5,345,Lost Customers,0,2500,1,625.0,0.0038732938077114484,0,Low Risk
13955,11,1,221.10999999999999,5,1,1,511,Potential Loyalists,0,118,52,4.252115384615385,6.203457513132799e-05,0,Low Risk
13957,53,3,458.25,3,3,2,332,Lost Customers,0,157,21,16.97222222222222,0.009780555779070868,0,Low Risk
13958,15,8,4709.2300000000005,5,5,5,555,Champions,0,2264,172,20.745506607929517,8.460850237331214e-05,0,Low Risk
13959,35,3,470.73,4,3,2,432,Loyal Customers,0,339,56,7.025820895522388,0.0010845536852987503,0,Low Risk
13961,28,1,538.4,4,1,3,413,Potential Loyalists,0,226,19,28.336842105263155,0.0004938534038246469,0,Low Risk
13962,71,1,193.25,2,1,1,211,Lost Customers,0,73,12,16.104166666666668,0.07362626465870402,0,Low Risk
13963,3,14,2347.33,5,5,5,555,Champions,0,1601,107,17.133795620437954,2.9066790112934032e-05,0,Low Risk
13964,23,2,438.9,4,2,2,422,Potential Loyalists,0,228,22,18.287499999999998,0.0002800786696125505,0,Low Risk
13965,112,3,996.61,2,3,4,234,At Risk,1,425,23,41.525416666666665,0.9096382968393832,1,High Risk
13966,71,1,384.26,2,1,2,212,Lost Customers,0,760,21,18.298095238095236,0.07044416034951159,0,Low Risk
13967,32,1,85.6,4,1,1,411,Potential Loyalists,0,24,4,21.4,0.0008246628116587752,0,Low Risk
13968,59,1,123.66,3,1,1,311,Lost Customers,0,174,8,15.4575,0.019104879790078143,0,Low Risk
13969,1,18,4266.88,5,5,5,555,Champions,0,2245,240,9.078468085106383,1.8355878316897795e-05,0,Low Risk
13970,22,2,846.55,4,2,3,423,Potential Loyalists,0,469,10,65.11923076923077,0.00025391973319399664,0,Low Risk
13971,59,6,1909.31,3,4,4,344,Lost Customers,0,1240,87,18.012358490566037,0.017589676010762428,0,Low Risk
13974,218,1,264.13,1,1,2,112,Lost Customers,1,107,15,17.608666666666668,0.9999996082955716,1,High Risk
13975,29,6,2795.16,4,4,5,445,Champions,0,2187,290,6.850882352941176,0.00031244398966639406,0,Low Risk
13976,142,3,834.38,2,3,3,233,At Risk,1,298,43,18.13869565217391,0.9969683999341032,1,High Risk
13977,47,1,519.8100000000001,3,1,3,313,Lost Customers,0,303,13,39.98538461538462,0.0046486512559906264,0,Low Risk
13979,29,6,2510.06,4,4,5,445,Champions,0,1631,309,7.404306784660767,0.00030483334957430783,0,Low Risk
13980,75,4,568.68,2,4,3,243,At Risk,0,291,47,10.936153846153845,0.11223467733820541,0,Low Risk
13981,51,1,331.14,3,1,2,312,Lost Customers,0,234,22,15.05181818181818,0.00728359279225437,0,Low Risk
13982,1,6,2511.08,5,4,5,545,Champions,0,1550,87,18.32905109489051,1.9283910381015478e-05,0,Low Risk
13983,2,10,4479.82,5,5,5,555,Champions,0,2962,186,19.226695278969956,1.8246305168887784e-05,0,Low Risk
13984,2,8,1128.09,5,5,4,554,Champions,0,742,47,14.65051948051948,2.5950468383017674e-05,0,Low Risk
13985,10,7,2960.73,5,5,5,555,Champions,0,1491,81,22.600992366412214,5.820546708760283e-05,0,Low Risk
13987,15,2,682.54,5,2,3,523,Potential Loyalists,0,492,46,14.837826086956522,0.00010224008124668425,0,Low Risk
13988,19,2,609.84,4,2,3,423,Potential Loyalists,0,341,54,9.997377049180328,0.00016149290551493786,0,Low Risk
13989,100,3,759.98,2,3,3,233,At Risk,1,894,34,16.888444444444445,0.7011737062644121,1,High Risk
13992,16,2,142.7,4,2,1,421,Potential Loyalists,0,90,5,23.78333333333333,0.00012860270112295737,0,Low Risk
13993,15,10,3309.35,5,5,5,555,Champions,0,1235,80,23.638214285714284,0.0001155700903455804,0,Low Risk
13995,15,9,2508.32,5,5,5,555,Champions,0,1480,106,17.41888888888889,0.00010437351439683474,0,Low Risk
13996,22,2,895.76,4,2,3,423,Potential Loyalists,0,613,29,27.144242424242425,0.00024152193859645402,0,Low Risk
13997,155,3,376.46,2,3,2,232,At Risk,1,143,36,8.55590909090909,0.999355621592963,1,High Risk
13998,82,3,566.7,2,3,3,233,At Risk,0,204,30,18.280645161290323,0.22636478709510574,0,Low Risk
13999,10,17,5600.45,5,5,5,555,Champions,0,2800,132,21.70717054263566,6.540147249047431e-05,0,Low Risk
14000,50,4,1410.68,3,4,4,344,Lost Customers,0,1128,23,41.49058823529412,0.006810456616188603,0,Low Risk
14001,9,7,2487.01,5,5,5,555,Champions,0,911,42,34.06863013698631,5.799656320884097e-05,0,Low Risk
14003,368,1,209.41,1,1,1,111,Lost Customers,1,149,16,13.088125,0.9999999999999916,1,High Risk
14004,29,4,1675.81,4,4,4,444,Champions,0,757,61,23.940142857142856,0.0005374002135694073,0,Low Risk
14006,164,4,1234.48,2,4,4,244,At Risk,1,1540,40,26.265531914893618,0.9997687855937657,1,High Risk
14007,148,1,79.48,2,1,1,211,Lost Customers,1,16,5,15.896,0.9985644208900727,1,High Risk
14008,68,1,509.04,3,1,3,313,Lost Customers,0,326,32,15.9075,0.05012218869055496,0,Low Risk
14009,98,1,404.3,2,1,2,212,Lost Customers,1,586,32,12.634375,0.6403947021676515,1,Medium Risk
14010,201,2,445.15,1,2,2,122,Lost Customers,1,177,20,18.547916666666666,0.9999971461700106,1,High Risk
14011,116,2,457.82,2,2,2,222,Lost Customers,1,644,32,14.306875,0.9382346757256881,1,High Risk
14013,16,2,611.5500000000001,4,2,3,423,Potential Loyalists,0,313,30,17.986764705882354,0.00012028148076386483,0,Low Risk
14014,12,2,1443.03,5,2,4,524,Potential Loyalists,0,928,37,39.00081081081081,7.229294148611298e-05,0,Low Risk
14016,32,7,7062.2,4,5,5,455,Champions,0,3597,246,24.60696864111498,0.0004866903432135011,0,Low Risk
14017,207,1,229.75,1,1,1,111,Lost Customers,1,73,14,16.410714285714285,0.9999985764131474,1,High Risk
14018,281,1,367.15000000000003,1,1,2,112,Lost Customers,1,224,13,28.242307692307694,0.9999999997633691,1,High Risk
14020,112,2,606.21,2,2,3,223,Lost Customers,1,207,29,18.37,0.9067454828559839,1,High Risk
14021,10,4,1084.68,5,4,4,544,Champions,0,686,64,15.951176470588237,5.717321828022389e-05,0,Low Risk
14022,122,1,352.15000000000003,2,1,2,212,Lost Customers,1,194,19,18.534210526315793,0.9691251952863326,1,High Risk
14024,26,1,318.04,4,1,2,412,Potential Loyalists,0,88,18,17.66888888888889,0.00039322143106499806,0,Low Risk
14025,100,8,4057.9,2,5,5,255,At Risk,1,1920,60,40.579,0.7111055209747679,1,High Risk
14026,106,2,713.11,2,2,3,223,Lost Customers,1,427,43,14.2622,0.8215818476048777,1,High Risk
14028,186,3,10396.5,1,3,5,135,At Risk,1,7170,3,1155.1666666666667,0.9999797224884966,1,High Risk
14030,2,14,5839.46,5,5,5,555,Champions,0,2834,462,9.588604269293924,1.0658639279856289e-05,0,Low Risk
14031,1,27,23632.72,5,5,5,555,Champions,0,8680,204,44.75893939393939,2.1212370254125027e-05,0,Low Risk
14032,2,6,1874.68,5,4,4,544,Champions,0,1884,53,18.56118811881188,2.3181652113952143e-05,0,Low Risk
14033,191,1,109.44,1,1,1,111,Lost Customers,1,576,1,109.44,0.999990736714295,1,High Risk
14035,42,4,1366.73,3,4,4,344,Lost Customers,0,666,42,17.300379746835443,0.002597179809548194,0,Low Risk
14037,114,4,689.75,2,4,3,243,At Risk,1,544,76,8.020348837209303,0.9199190315966095,1,High Risk
14038,33,2,1509.5,4,2,4,424,Potential Loyalists,0,743,54,21.8768115942029,0.0008267801914722057,0,Low Risk
14039,211,1,115.08000000000001,1,1,1,111,Lost Customers,1,100,4,28.770000000000003,0.9999991303419815,1,High Risk
14040,22,23,8963.49,4,5,5,455,Champions,0,3428,265,16.23820652173913,0.000227854693593412,0,Low Risk
14042,361,1,431.98,1,1,2,112,Lost Customers,1,180,21,20.570476190476192,0.9999999999999802,1,High Risk
14043,127,2,302.6,2,2,2,222,Lost Customers,1,152,37,7.380487804878049,0.9823901382572874,1,High Risk
14044,54,6,2431.28,3,4,5,345,Lost Customers,0,1796,446,3.92141935483871,0.0041183341544556405,0,Low Risk
14045,9,13,9653.279999999999,5,5,5,555,Champions,0,4054,16,292.52363636363634,6.569240472987394e-05,0,Low Risk
14047,8,10,2946.42,5,5,5,555,Champions,0,1268,87,22.321363636363635,4.977149468830022e-05,0,Low Risk
14048,18,2,338.76,4,2,2,422,Potential Loyalists,0,179,55,6.049285714285714,0.00014403105861927282,0,Low Risk
14049,23,9,7444.68,4,5,5,455,Champions,0,4672,364,12.769605488850772,0.00012945662829053458,0,Low Risk
14051,2,15,6784.01,5,5,5,555,Champions,0,2167,56,55.6066393442623,2.9722287877033217e-05,0,Low Risk
14052,26,1,241.3,4,1,1,411,Potential Loyalists,0,85,65,3.7123076923076925,0.00035154032446283666,0,Low Risk
14053,33,2,312.05,4,2,2,422,Potential Loyalists,0,275,3,62.410000000000004,0.0009468578873338191,0,Low Risk
14055,213,2,795.3199999999999,1,2,3,123,Lost Customers,1,504,23,34.579130434782606,0.9999992909898969,1,High Risk
14057,17,5,2135.0,4,4,4,444,Champions,0,1565,124,13.018292682926829,0.00011254628687620613,0,Low Risk
14058,98,2,469.19,2,2,2,222,Lost Customers,1,211,23,19.549583333333334,0.6550487150268965,1,Medium Risk
14060,2,13,3378.66,5,5,5,555,Champions,0,2733,43,49.68617647058824,2.8081575958207266e-05,0,Low Risk
14061,143,3,917.4300000000001,2,3,3,233,At Risk,1,133,17,48.28578947368421,0.9974810887860099,1,High Risk
14062,10,12,15120.800000000001,5,5,5,555,Champions,0,7201,113,66.02969432314411,5.1467643635678216e-05,0,Low Risk
14063,74,9,22710.2,2,5,5,255,At Risk,0,3850,30,567.755,0.11006342976448706,0,Low Risk
14064,66,10,1925.9,3,5,4,354,Lost Customers,0,2139,89,12.112578616352202,0.042046453172557376,0,Low Risk
14065,25,3,891.02,4,3,3,433,Loyal Customers,0,582,42,18.18408163265306,0.0003431790698896385,0,Low Risk
14068,239,3,1250.8700000000001,1,3,4,134,At Risk,1,437,73,14.891309523809525,0.9999999636871073,1,High Risk
14069,150,2,225.81,2,2,1,221,Lost Customers,1,58,37,5.507560975609756,0.9988077861371546,1,High Risk
14070,320,1,321.6,1,1,2,112,Lost Customers,1,85,40,7.843902439024391,0.9999999999974469,1,High Risk
14072,302,1,390.85,1,1,2,112,Lost Customers,1,65,19,20.571052631578947,0.9999999999798344,1,High Risk
14074,259,1,219.39999999999998,1,1,1,111,Lost Customers,1,228,6,36.56666666666666,0.9999999969015958,1,High Risk
14075,39,3,792.61,3,3,3,333,Lost Customers,0,740,36,20.85815789473684,0.001793031326254417,0,Low Risk
14077,31,1,115.66,4,1,1,411,Potential Loyalists,0,108,14,8.26142857142857,0.0007138331555486325,0,Low Risk
14078,9,4,640.34,5,4,3,543,Loyal Customers,0,305,80,6.670208333333334,4.9595993022399066e-05,0,Low Risk
14079,318,1,243.63,1,1,1,111,Lost Customers,1,1,1,243.63,0.9999999999970521,1,High Risk
14080,49,4,1070.08,3,4,4,344,Lost Customers,0,220,70,13.545316455696202,0.005609825448079475,0,Low Risk
14081,5,9,4369.47,5,5,5,555,Champions,0,3041,439,5.726697247706422,1.3753824692659303e-05,0,Low Risk
14082,28,1,231.10999999999999,4,1,1,411,Potential Loyalists,0,136,36,6.419722222222222,0.0004756557621313281,0,Low Risk
14083,7,3,373.3,5,3,2,532,Loyal Customers,0,207,70,5.332857142857143,3.9151102491270474e-05,0,Low Risk
14084,148,1,150.5,2,1,1,211,Lost Customers,1,306,7,21.5,0.9985414168805781,1,High Risk
14085,4,16,5607.43,5,5,5,555,Champions,0,3363,336,9.2076026272578,1.887371172905687e-05,0,Low Risk
14086,98,1,39.95,2,1,1,211,Lost Customers,1,1,1,39.95,0.6619972473464866,1,Medium Risk
14087,40,2,638.0,3,2,3,323,Lost Customers,0,468,126,4.4,0.0015984562940452123,0,Low Risk
14088,42,3,13544.99,3,3,5,335,Lost Customers,0,2611,93,145.64505376344087,0.0021420562826546413,0,Low Risk
14091,290,2,9530.08,1,2,5,125,Lost Customers,1,3316,13,733.0830769230769,0.9999999999111318,1,High Risk
14092,10,10,3152.54,5,5,5,555,Champions,0,1540,92,19.827295597484277,6.161289465560178e-05,0,Low Risk
14094,75,1,311.77,2,1,2,212,Lost Customers,0,158,41,7.250465116279069,0.10585881672320119,0,Low Risk
14095,358,1,2.95,1,1,1,111,Lost Customers,1,1,1,2.95,0.9999999999999734,1,High Risk
14097,117,2,422.85999999999996,2,2,2,222,Lost Customers,1,352,39,10.571499999999999,0.9444262244374689,1,High Risk
14099,11,9,2646.7400000000002,5,5,5,555,Champions,0,1487,165,9.766568265682658,5.664507802774362e-05,0,Low Risk
14101,24,7,3985.14,4,5,5,455,Champions,0,3600,15,72.45709090909091,0.00032654737026268163,0,Low Risk
14103,301,1,0.0,1,1,1,111,Lost Customers,1,5,1,0.0,0.9999999999783067,1,High Risk
14104,25,3,527.3199999999999,4,3,3,433,Loyal Customers,0,424,100,4.625614035087719,0.00030039816029624124,0,Low Risk
14105,44,4,4722.6,3,4,5,345,Lost Customers,0,2734,172,23.03707317073171,0.00224541808720411,0,Low Risk
14106,373,1,214.79999999999998,1,1,1,111,Lost Customers,1,24,1,214.79999999999998,0.9999999999999953,1,High Risk
14107,84,4,2174.07,2,4,5,245,At Risk,0,1696,71,19.239557522123896,0.24662764598747147,0,Low Risk
14108,367,2,447.05,1,2,2,122,Lost Customers,1,292,18,22.3525,0.9999999999999907,1,High Risk
14110,71,21,7304.8,2,5,5,255,At Risk,0,3380,126,29.937704918032786,0.08710014118718523,0,Low Risk
14112,87,6,2919.44,2,4,5,245,At Risk,0,1888,122,17.58698795180723,0.30268583666268534,0,Low Risk
14113,11,12,5252.1900000000005,5,5,5,555,Champions,0,2694,57,59.683977272727276,7.662354815356383e-05,0,Low Risk
14114,31,5,977.5600000000001,4,4,3,443,Loyal Customers,0,549,58,16.568813559322034,0.0007086686318479331,0,Low Risk
14115,137,2,622.6700000000001,2,2,3,223,Lost Customers,1,509,22,28.303181818181823,0.9946241333917579,1,High Risk
14118,64,1,458.45,3,1,2,312,Lost Customers,0,97,15,30.563333333333333,0.03345930819215559,0,Low Risk
14119,11,2,183.37,5,2,1,521,Potential Loyalists,0,177,11,16.67,7.018481804421305e-05,0,Low Risk
14122,42,3,362.42,3,3,2,332,Lost Customers,0,114,12,27.87846153846154,0.002762325991448075,0,Low Risk
14123,369,1,436.18,1,1,2,112,Lost Customers,1,234,24,18.174166666666668,0.9999999999999922,1,High Risk
14126,80,1,466.33000000000004,2,1,2,212,Lost Customers,0,379,28,16.654642857142857,0.17904905456312165,0,Low Risk
14127,16,3,1190.3700000000001,4,3,4,434,Loyal Customers,0,507,64,16.306438356164385,0.00011340369231142248,0,Low Risk
14128,187,1,286.71,1,1,2,112,Lost Customers,1,250,19,15.089999999999998,0.999984749486444,1,High Risk
14129,35,4,1467.48,4,4,4,444,Champions,0,822,22,25.745263157894737,0.001190283723945456,0,Low Risk
14130,11,3,1377.86,5,3,4,534,Loyal Customers,0,958,131,8.947142857142856,5.277189867910292e-05,0,Low Risk
14131,284,1,168.22,1,1,1,111,Lost Customers,1,105,45,3.65695652173913,0.9999999998213405,1,High Risk
14133,369,1,305.5,1,1,2,112,Lost Customers,1,50,8,38.1875,0.9999999999999927,1,High Risk
14134,18,15,11123.35,4,5,5,455,Champions,0,5814,130,61.79638888888889,0.00014377754691367737,0,Low Risk
14135,3,11,4953.61,5,5,5,555,Champions,0,5505,90,40.6033606557377,2.4082107503566844e-05,0,Low Risk
14136,36,5,1570.81,3,4,4,344,Lost Customers,0,1148,86,14.818962264150944,0.0011676853299778201,0,Low Risk
14137,331,1,332.7,1,1,2,112,Lost Customers,1,462,11,30.245454545454546,0.999999999999337,1,High Risk
14139,126,3,670.98,2,3,3,233,At Risk,1,539,29,15.604186046511629,0.9808674700682264,1,High Risk
14142,9,2,671.34,5,2,3,523,Potential Loyalists,0,518,42,15.257727272727273,5.090856345951486e-05,0,Low Risk
14144,122,1,30.599999999999998,2,1,1,211,Lost Customers,1,12,1,30.599999999999998,0.9705549615674199,1,High Risk
14145,95,3,3857.85,2,3,5,235,At Risk,1,899,10,275.56071428571425,0.5806735742977971,1,Medium Risk
14146,19,7,5259.3,4,5,5,455,Champions,0,3343,204,21.379268292682926,0.00011718278085602074,0,Low Risk
14147,24,7,2106.8,4,5,4,454,Champions,0,887,21,84.272,0.0003555711641155431,0,Low Risk
14148,50,1,309.09000000000003,3,1,2,312,Lost Customers,0,207,14,22.077857142857145,0.006610196410194316,0,Low Risk
14151,309,2,679.45,1,2,3,123,Lost Customers,1,405,44,15.442045454545456,0.9999999999907532,1,High Risk
14152,23,5,1376.05,4,4,4,444,Champions,0,1133,75,16.38154761904762,0.0002599820667905348,0,Low Risk
14153,119,1,233.4,2,1,1,211,Lost Customers,1,312,17,13.729411764705883,0.9566234103285431,1,High Risk
14154,17,6,5115.08,4,4,5,445,Champions,0,2757,204,21.312833333333334,9.207588698966534e-05,0,Low Risk
14156,7,102,196549.74,5,5,5,555,Champions,0,108105,1094,74.28183673469387,1.4728975698561416e-06,0,Low Risk
14157,25,3,553.8000000000001,4,3,3,433,Loyal Customers,0,250,33,14.200000000000001,0.00035485759383153997,0,Low Risk
14159,15,9,3230.45,5,5,5,555,Champions,0,2172,367,4.887216338880484,5.460386831158953e-05,0,Low Risk
14160,246,7,8421.47,1,5,5,155,At Risk,1,4661,80,78.70532710280374,0.9999999832696626,1,High Risk
14161,5,5,2182.46,5,4,5,545,Champions,0,1158,153,10.96713567839196,2.6008517342358886e-05,0,Low Risk
14163,98,1,148.71,2,1,1,211,Lost Customers,1,57,6,24.785,0.6589694690596167,1,Medium Risk
14166,141,2,251.15,2,2,2,222,Lost Customers,1,82,39,4.924509803921569,0.9965514643326676,1,High Risk
14167,100,4,711.7,2,4,3,243,At Risk,1,193,32,10.94923076923077,0.71360603856995,1,High Risk
14168,56,2,370.45,3,2,2,322,Lost Customers,0,147,11,24.696666666666665,0.013804088569110874,0,Low Risk
14169,66,2,621.51,3,2,3,323,Lost Customers,0,205,50,9.71109375,0.03966316040367109,0,Low Risk
14170,11,3,570.18,5,3,3,533,Loyal Customers,0,270,123,3.9322758620689653,5.512115504918954e-05,0,Low Risk
14171,366,1,135.0,1,1,1,111,Lost Customers,1,44,6,22.5,0.9999999999999896,1,High Risk
14172,241,3,369.02,1,3,2,132,At Risk,1,78,38,8.386818181818182,0.9999999739043599,1,High Risk
14173,277,2,135.16,1,2,1,121,Lost Customers,1,44,3,33.79,0.9999999996426105,1,High Risk
14175,54,5,4456.58,3,4,5,345,Lost Customers,0,1494,125,24.486703296703297,0.008727349332087896,0,Low Risk
14176,3,2,339.11,5,2,2,522,Potential Loyalists,0,117,14,22.607333333333333,2.726288278543796e-05,0,Low Risk
14177,17,9,1660.23,4,5,4,454,Champions,0,839,118,10.123353658536585,0.00013125304114002825,0,Low Risk
14180,8,9,1570.73,5,5,4,554,Champions,0,159,44,25.74967213114754,5.575465868897986e-05,0,Low Risk
14181,46,2,308.35,3,2,2,322,Lost Customers,0,120,48,5.929807692307692,0.003940710232060382,0,Low Risk
14182,79,4,678.77,2,4,3,243,At Risk,0,174,42,13.5754,0.17068069356587331,0,Low Risk
14183,47,2,278.34000000000003,3,2,2,322,Lost Customers,0,60,27,8.186470588235295,0.004667517215952424,0,Low Risk
14186,63,5,1550.63,3,4,4,344,Lost Customers,0,1550,75,14.909903846153847,0.02752917639128725,0,Low Risk
14187,109,1,123.5,2,1,1,211,Lost Customers,1,50,8,15.4375,0.8752690101210651,1,High Risk
14189,4,2,1160.31,5,2,4,524,Potential Loyalists,0,709,46,22.751176470588234,2.78306602955252e-05,0,Low Risk
14190,302,1,79.9,1,1,1,111,Lost Customers,1,2,1,79.9,0.9999999999806903,1,High Risk
14191,30,2,132.9,4,2,1,421,Potential Loyalists,0,62,6,22.150000000000002,0.0006663902682859893,0,Low Risk
14192,24,1,293.74,4,1,2,412,Potential Loyalists,0,218,14,20.981428571428573,0.00031217176352397866,0,Low Risk
14193,32,1,356.8,4,1,2,412,Potential Loyalists,0,208,22,16.21818181818182,0.0007850658898414813,0,Low Risk
14194,28,15,7321.07,4,5,5,455,Champions,0,4197,246,19.627533512064343,0.0003724155229048915,0,Low Risk
14195,75,4,1603.6,2,4,4,244,At Risk,0,1384,5,178.17777777777778,0.11810556190373352,0,Low Risk
14197,46,1,390.05,3,1,2,312,Lost Customers,0,143,20,19.5025,0.004091893649732262,0,Low Risk
14198,36,5,868.33,3,4,3,343,Lost Customers,0,333,33,16.698653846153846,0.0013647256564487606,0,Low Risk
14199,59,3,906.3,3,3,3,333,Lost Customers,0,226,15,56.64375,0.01984949877396015,0,Low Risk
14200,253,1,379.2,1,1,2,112,Lost Customers,1,140,21,18.057142857142857,0.9999999935224941,1,High Risk
14201,45,3,446.1,3,3,2,332,Lost Customers,0,216,17,24.783333333333335,0.0038662935696937486,0,Low Risk
14202,17,3,847.76,4,3,3,433,Loyal Customers,0,166,27,29.233103448275862,0.00014102302593602947,0,Low Risk
14203,33,1,339.34,4,1,2,412,Potential Loyalists,0,80,16,21.20875,0.0009000372827012161,0,Low Risk
14204,58,3,874.22,3,3,3,333,Lost Customers,0,397,158,4.829944751381215,0.01256211352539033,0,Low Risk
14205,30,7,1947.5,4,5,4,454,Champions,0,1138,65,19.671717171717173,0.0006424510952094556,0,Low Risk
14206,24,2,856.85,4,2,3,423,Potential Loyalists,0,654,43,16.800980392156863,0.000295082604978172,0,Low Risk
14207,323,1,157.8,1,1,1,111,Lost Customers,1,36,2,78.9,0.9999999999983618,1,High Risk
14208,187,1,415.31,1,1,2,112,Lost Customers,1,415,25,16.6124,0.999984435389196,1,High Risk
14209,21,9,2919.84,4,5,5,455,Champions,0,1048,97,20.276666666666667,0.00021987563741818116,0,Low Risk
14210,7,11,3955.6800000000003,5,5,5,555,Champions,0,1844,128,17.42590308370044,4.047542285291618e-05,0,Low Risk
14211,47,9,2161.19,3,5,5,355,Lost Customers,0,1333,96,16.884296875,0.0046128228192327545,0,Low Risk
14212,81,1,1119.6599999999999,2,1,4,214,Lost Customers,0,894,12,93.30499999999999,0.19995944082449046,0,Low Risk
14213,40,1,1192.2,3,1,4,314,Lost Customers,0,244,5,238.44,0.002085573714515263,0,Low Risk
14215,4,4,1626.61,5,4,4,544,Champions,0,927,81,19.364404761904762,2.6891259232179285e-05,0,Low Risk
14216,50,1,310.74,3,1,2,312,Lost Customers,0,118,18,17.263333333333335,0.006570871530914037,0,Low Risk
14217,2,7,1411.91,5,5,4,554,Champions,0,567,68,17.43098765432099,2.4177205765697242e-05,0,Low Risk
14219,45,2,543.89,3,2,3,323,Lost Customers,0,285,32,15.108055555555556,0.003619576906208306,0,Low Risk
14220,203,2,882.5999999999999,1,2,3,123,Lost Customers,1,196,12,51.917647058823526,0.9999977868468051,1,High Risk
14221,85,8,3084.69,2,5,5,255,At Risk,0,1617,67,20.030454545454546,0.2950006014113844,0,Low Risk
14224,26,5,831.98,4,4,3,443,Loyal Customers,0,343,101,7.1722413793103446,0.00035801391451466616,0,Low Risk
14225,70,4,2031.07,3,4,4,344,Lost Customers,0,1167,70,23.617093023255812,0.060581176043224494,0,Low Risk
14226,77,1,770.34,2,1,3,213,Lost Customers,0,418,31,24.84967741935484,0.13196442944258616,0,Low Risk
14227,50,5,3017.75,3,4,5,345,Lost Customers,0,2228,164,14.939356435643564,0.004827429589972354,0,Low Risk
14228,73,3,745.5,2,3,3,233,At Risk,0,260,38,19.61842105263158,0.09041951900247634,0,Low Risk
14229,39,4,1046.84,3,4,4,344,Lost Customers,0,324,21,32.71375,0.0019432237144340605,0,Low Risk
14230,71,3,979.8000000000001,2,3,3,233,At Risk,0,246,27,29.69090909090909,0.07470809257790229,0,Low Risk
14231,86,1,309.91,2,1,2,212,Lost Customers,0,201,19,16.31105263157895,0.3123836171867437,0,Low Risk
14233,101,3,1441.55,2,3,4,234,At Risk,1,581,30,37.935526315789474,0.7298267090019864,1,High Risk
14235,134,4,1573.1299999999999,2,4,4,244,At Risk,1,1055,53,22.798985507246375,0.9920881662316351,1,High Risk
14236,8,4,1253.78,5,4,4,544,Champions,0,502,29,35.82228571428571,4.948293606068154e-05,0,Low Risk
14237,9,2,471.14,5,2,2,522,Potential Loyalists,0,238,26,18.12076923076923,5.3434979236764786e-05,0,Low Risk
14238,298,2,287.38,1,2,2,122,Lost Customers,1,78,5,57.476,0.999999999969599,1,High Risk
14239,67,10,1882.3200000000002,3,5,4,354,Lost Customers,0,736,41,19.207346938775512,0.0552192259533685,0,Low Risk
14240,59,1,357.15,3,1,2,312,Lost Customers,0,237,19,18.79736842105263,0.018585070641510184,0,Low Risk
14241,332,1,120.0,1,1,1,111,Lost Customers,1,96,2,60.0,0.9999999999994307,1,High Risk
14243,1,8,4842.28,5,5,5,555,Champions,0,2466,180,21.053391304347826,1.587201562778256e-05,0,Low Risk
14244,296,1,366.41999999999996,1,1,2,112,Lost Customers,1,814,16,22.901249999999997,0.9999999999582461,1,High Risk
14247,40,4,616.79,3,4,3,343,Lost Customers,0,331,72,6.632150537634408,0.0019332450431992488,0,Low Risk
14248,95,2,730.37,2,2,3,223,Lost Customers,1,590,33,18.727435897435896,0.5623177390918761,1,Medium Risk
14249,46,12,5400.461,3,5,5,355,Lost Customers,0,2383,178,19.854636029411765,0.0035585894447829006,0,Low Risk
14252,17,1,350.99,4,1,2,412,Potential Loyalists,0,111,10,35.099000000000004,0.00013890885515516983,0,Low Risk
14253,129,2,363.40000000000003,2,2,2,222,Lost Customers,1,88,11,30.283333333333335,0.9868891312502795,1,High Risk
14254,68,1,601.03,3,1,3,313,Lost Customers,0,263,23,26.13173913043478,0.05127715446459213,0,Low Risk
14255,182,1,1000.63,1,1,4,114,Lost Customers,1,1,1,1000.63,0.9999734872603673,1,High Risk
14256,127,3,1491.73,2,3,4,234,At Risk,1,733,70,18.646625,0.9811372445966301,1,High Risk
14257,16,4,2854.73,4,4,5,445,Champions,0,1650,97,21.303955223880596,0.0001036132106501064,0,Low Risk
14258,31,16,19381.36,4,5,5,455,Champions,0,10412,85,102.00715789473685,0.000650265906779653,0,Low Risk
14260,107,3,824.28,2,3,3,233,At Risk,1,544,50,16.16235294117647,0.8391511223169744,1,High Risk
14263,59,1,322.93,3,1,2,312,Lost Customers,0,171,16,20.183125,0.018760938959321315,0,Low Risk
14264,15,4,1183.39,5,4,4,544,Champions,0,483,49,19.08693548387097,0.00010757162731439503,0,Low Risk
14265,100,2,843.17,2,2,3,223,Lost Customers,1,385,47,17.566041666666667,0.6928823508291211,1,Medium Risk
14266,64,1,40.56,3,1,1,311,Lost Customers,0,24,1,40.56,0.03460580274424204,0,Low Risk
14268,106,1,354.85,2,1,2,212,Lost Customers,1,147,19,18.676315789473687,0.827214097655578,1,High Risk
14269,75,1,295.73,2,1,2,212,Lost Customers,0,123,16,18.483125,0.11175339650961977,0,Low Risk
14271,45,1,101.86,3,1,1,311,Lost Customers,0,60,28,3.637857142857143,0.0035804119052384,0,Low Risk
14272,198,2,482.85,1,2,2,122,Lost Customers,1,498,31,15.575806451612904,0.9999957787560808,1,High Risk
14274,322,1,256.6,1,1,2,112,Lost Customers,1,178,15,17.10666666666667,0.9999999999980915,1,High Risk
14275,31,6,1189.3799999999999,4,4,4,444,Champions,0,538,14,51.71217391304347,0.0008098711885258808,0,Low Risk
14276,43,4,982.94,3,4,3,343,Lost Customers,0,662,38,17.244561403508772,0.0029456629814398646,0,Low Risk
14277,47,6,13009.61,3,4,5,345,Lost Customers,0,87830,147,82.86375796178345,0.00013611275307692,0,Low Risk
14278,45,1,205.83,3,1,1,311,Lost Customers,0,131,13,15.833076923076923,0.003700584759754859,0,Low Risk
14279,156,2,191.86,2,2,1,221,Lost Customers,1,46,3,63.95333333333334,0.9994565477504993,1,High Risk
14281,44,1,245.15,3,1,1,311,Lost Customers,0,45,7,35.02142857142857,0.003348786301910162,0,Low Risk
14282,3,11,4120.32,5,5,5,555,Champions,0,2810,59,42.04408163265306,2.8717625769254888e-05,0,Low Risk
14283,99,4,628.4399999999999,2,4,3,243,At Risk,1,550,36,15.327804878048779,0.6838694855833559,1,Medium Risk
14284,289,1,704.4,1,1,3,113,Lost Customers,1,349,35,20.125714285714285,0.9999999999023259,1,High Risk
14285,149,4,1374.41,2,4,4,244,At Risk,1,413,33,40.42382352941177,0.9987304305553397,1,High Risk
14286,40,4,3851.0099999999998,3,4,5,345,Lost Customers,0,4457,167,17.584520547945203,0.0013258574178659928,0,Low Risk
14290,49,3,2201.91,3,3,5,335,Lost Customers,0,685,43,44.038199999999996,0.005727900378607469,0,Low Risk
14291,16,12,4020.85,4,5,5,455,Champions,0,3397,158,15.645330739299611,0.00010521026372289467,0,Low Risk
14292,46,7,4354.32,3,5,5,355,Lost Customers,0,1766,66,46.82064516129032,0.004120317584395316,0,Low Risk
14293,4,6,2221.37,5,4,5,545,Champions,0,1021,62,30.42972602739726,2.9705393829399957e-05,0,Low Risk
14294,43,1,375.34,3,1,2,312,Lost Customers,0,190,23,16.319130434782608,0.002852968774524485,0,Low Risk
14295,74,4,2196.71,2,4,5,245,At Risk,0,945,61,32.78671641791045,0.09618762739382158,0,Low Risk
14296,57,2,456.40000000000003,3,2,2,322,Lost Customers,0,314,27,16.903703703703705,0.0148391478752507,0,Low Risk
14298,11,38,39667.19,5,5,5,555,Champions,0,41929,712,32.328598207008966,8.046400450998611e-06,0,Low Risk
14299,1,19,10533.87,5,5,5,555,Champions,0,6079,90,53.47142131979696,2.368537796583881e-05,0,Low Risk
14301,52,3,1352.04,3,3,4,334,Lost Customers,0,1080,29,33.801,0.008261762692736053,0,Low Risk
14302,66,3,742.9000000000001,3,3,3,333,Lost Customers,0,298,25,26.532142857142862,0.043000932384219974,0,Low Risk
14303,43,2,277.94,3,2,2,322,Lost Customers,0,218,21,12.633636363636363,0.002944417894996983,0,Low Risk
14304,15,2,1341.56,5,2,4,524,Potential Loyalists,0,636,63,18.89521126760563,9.780186443464475e-05,0,Low Risk
14306,14,4,1058.0800000000002,5,4,4,544,Champions,0,990,12,81.39076923076924,0.00010227514452550934,0,Low Risk
14307,9,5,2075.31,5,4,4,544,Champions,0,1316,112,15.963923076923077,4.5621451362012486e-05,0,Low Risk
14308,185,2,1147.02,1,2,4,124,Lost Customers,1,2,1,573.51,0.9999820475505061,1,High Risk
14309,49,2,1428.28,3,2,4,324,Lost Customers,0,950,69,19.837222222222223,0.0051740332541117704,0,Low Risk
14310,68,1,492.1,3,1,2,312,Lost Customers,0,230,22,22.36818181818182,0.05144430644235978,0,Low Risk
14311,203,1,206.19,1,1,1,111,Lost Customers,1,89,11,18.744545454545456,0.999997735591745,1,High Risk
14312,14,5,1478.7,5,4,4,544,Champions,0,892,88,15.9,8.828723465383345e-05,0,Low Risk
14314,66,1,109.80000000000001,3,1,1,311,Lost Customers,0,36,2,54.900000000000006,0.04326547059356677,0,Low Risk
14315,200,2,716.69,1,2,3,123,Lost Customers,1,323,26,22.3965625,0.9999967273751527,1,High Risk
14316,58,5,1370.34,3,4,4,344,Lost Customers,0,4494,21,44.20451612903226,0.01568925155584537,0,Low Risk
14318,96,1,158.02,2,1,1,211,Lost Customers,1,152,9,17.55777777777778,0.6017458900119003,1,Medium Risk
14319,60,1,494.85,3,1,2,312,Lost Customers,0,329,26,19.032692307692308,0.020454396346182457,0,Low Risk
14320,182,3,868.96,1,3,3,133,At Risk,1,388,46,17.3792,0.9999722087542564,1,High Risk
14321,67,2,687.3100000000001,3,2,3,323,Lost Customers,0,869,56,12.273392857142857,0.04273189824152053,0,Low Risk
14322,65,4,474.1,3,4,2,342,Lost Customers,0,158,10,36.46923076923077,0.04102127332590933,0,Low Risk
14324,45,2,701.61,3,2,3,323,Lost Customers,0,402,41,17.112439024390245,0.003528345700464428,0,Low Risk
14325,205,1,245.48000000000002,1,1,1,111,Lost Customers,1,320,18,13.637777777777778,0.9999981641888762,1,High Risk
14326,99,2,757.13,2,2,3,223,Lost Customers,1,469,48,15.451632653061225,0.6659983025921528,1,Medium Risk
14327,18,5,1583.28,4,4,4,444,Champions,0,1157,89,16.84340425531915,0.00013959372456918455,0,Low Risk
14328,74,1,445.05,2,1,2,212,Lost Customers,0,1,1,445.05,0.10358117000062048,0,Low Risk
14329,11,8,4912.38,5,5,5,555,Champions,0,2826,206,16.70877551020408,4.771184668614238e-05,0,Low Risk
14330,259,1,200.63,1,1,1,111,Lost Customers,1,103,13,15.433076923076923,0.9999999968657176,1,High Risk
14332,17,2,1077.2,4,2,4,424,Potential Loyalists,0,412,31,29.113513513513514,0.00013460528946771926,0,Low Risk
14334,61,4,1766.27,3,4,4,344,Lost Customers,0,1255,77,18.398645833333333,0.0214397652646423,0,Low Risk
14338,172,1,339.88,2,1,2,212,Lost Customers,1,287,19,17.88842105263158,0.999910833689415,1,High Risk
14339,64,1,310.75,3,1,2,312,Lost Customers,0,288,9,34.52777777777778,0.03366794942545809,0,Low Risk
14341,56,10,2285.04,3,5,5,355,Lost Customers,0,1416,100,16.67912408759124,0.01338992014111369,0,Low Risk
14342,68,2,249.88,3,2,1,321,Lost Customers,0,174,12,20.823333333333334,0.05412109017249348,0,Low Risk
14343,57,4,1079.66,3,4,4,344,Lost Customers,0,626,193,4.613931623931625,0.010500292580063512,0,Low Risk
14344,3,14,2443.77,5,5,5,555,Champions,0,1192,102,14.20796511627907,2.9895751865525705e-05,0,Low Risk
14346,61,3,1294.17,3,3,4,334,Lost Customers,0,1273,78,15.048488372093024,0.020767966790989478,0,Low Risk
14347,372,1,82.6,1,1,1,111,Lost Customers,1,48,6,13.766666666666666,0.9999999999999949,1,High Risk
14350,16,2,689.1,4,2,3,423,Potential Loyalists,0,360,38,16.807317073170733,0.0001178193155193465,0,Low Risk
14353,46,2,285.9,3,2,2,322,Lost Customers,0,280,14,15.04736842105263,0.0042453490461876525,0,Low Risk
14355,1,3,840.0500000000001,5,3,3,533,Loyal Customers,0,617,57,14.000833333333334,1.964701538016169e-05,0,Low Risk
14358,25,2,400.06,4,2,2,422,Potential Loyalists,0,338,21,16.0024,0.00035366211946418754,0,Low Risk
14361,214,1,214.70999999999998,1,1,1,111,Lost Customers,1,251,14,15.33642857142857,0.9999993708556939,1,High Risk
14363,38,2,227.47000000000003,3,2,1,321,Lost Customers,0,105,8,28.433750000000003,0.0016954138459542801,0,Low Risk
14365,30,2,634.68,4,2,3,423,Potential Loyalists,0,557,50,12.44470588235294,0.0005895158468669538,0,Low Risk
14366,161,1,136.0,2,1,1,211,Lost Customers,1,16,1,136.0,0.9996908682611622,1,High Risk
14369,278,2,469.13,1,2,2,122,Lost Customers,1,255,24,18.04346153846154,0.9999999996636155,1,High Risk
14370,86,6,1175.78,2,4,4,244,At Risk,0,266,37,26.722272727272728,0.33370597662521245,0,Low Risk
14372,79,2,860.08,2,2,3,223,Lost Customers,0,378,36,22.633684210526315,0.16378176236977052,0,Low Risk
14374,177,1,108.0,1,1,1,111,Lost Customers,1,20,7,15.428571428571429,0.999952347173852,1,High Risk
14375,86,2,871.26,2,2,3,223,Lost Customers,0,463,128,6.268057553956835,0.26317147582432987,0,Low Risk
14376,319,1,215.46,1,1,1,111,Lost Customers,1,50,17,11.97,0.9999999999972844,1,High Risk
14378,257,1,131.25,1,1,1,111,Lost Customers,1,57,9,14.583333333333334,0.999999996078287,1,High Risk
14379,29,2,917.06,4,2,3,423,Potential Loyalists,0,420,68,11.183658536585366,0.0005051663482857229,0,Low Risk
14380,318,1,48.96,1,1,1,111,Lost Customers,1,1,1,48.96,0.9999999999970619,1,High Risk
14381,87,1,423.26,2,1,2,212,Lost Customers,0,303,56,7.5582142857142856,0.317954084873039,0,Low Risk
14382,26,1,578.14,4,1,3,413,Potential Loyalists,0,436,137,3.778692810457516,0.00029229609831717677,0,Low Risk
14384,136,1,58.5,2,1,1,211,Lost Customers,1,30,3,19.5,0.9941599132555271,1,High Risk
14388,8,9,3488.16,5,5,5,555,Champions,0,2419,109,15.298947368421052,4.398452854218348e-05,0,Low Risk
14389,60,3,854.55,3,3,3,333,Lost Customers,0,659,29,20.34642857142857,0.021216521154950665,0,Low Risk
14390,8,5,1731.16,5,4,4,544,Champions,0,771,112,8.570099009900991,4.1389139977950685e-05,0,Low Risk
14391,212,1,135.6,1,1,1,111,Lost Customers,1,168,14,9.685714285714285,0.9999992064293692,1,High Risk
14392,68,1,266.4,3,1,2,312,Lost Customers,0,114,14,19.02857142857143,0.05257953557047628,0,Low Risk
14394,200,1,93.8,1,1,1,111,Lost Customers,1,58,6,15.633333333333333,0.9999968184987132,1,High Risk
14395,8,12,4630.7,5,5,5,555,Champions,0,2357,227,10.110698689956331,3.631471106252791e-05,0,Low Risk
14396,7,6,1591.74,5,4,4,544,Champions,0,773,167,7.579714285714286,3.317220817234689e-05,0,Low Risk
14398,37,2,707.79,3,2,3,323,Lost Customers,0,267,50,13.354528301886791,0.0013575689115295215,0,Low Risk
14399,30,8,2108.21,4,5,4,454,Champions,0,965,119,10.980260416666667,0.000585140722401773,0,Low Risk
14400,44,2,1157.77,3,2,4,324,Lost Customers,0,1252,47,24.120208333333334,0.0029970308492348473,0,Low Risk
14401,60,9,2744.42,3,5,5,355,Lost Customers,0,1894,63,32.67166666666667,0.022171926951400942,0,Low Risk
14402,288,1,285.6,1,1,2,112,Lost Customers,1,240,8,35.7,0.999999999897274,1,High Risk
14403,225,2,404.7,1,2,2,122,Lost Customers,1,218,4,80.94,0.9999998363488206,1,High Risk
14404,5,8,1404.04,5,5,4,554,Champions,0,806,86,13.24566037735849,3.359201243954183e-05,0,Low Risk
14405,22,1,195.0,4,1,1,411,Potential Loyalists,0,100,2,97.5,0.00025461862374742575,0,Low Risk
14408,107,4,1503.2400000000002,2,4,4,244,At Risk,1,828,11,68.32909090909092,0.8536023177461752,1,High Risk
14409,4,5,1696.64,5,4,4,544,Champions,0,1171,45,32.62769230769231,2.9857241393649595e-05,0,Low Risk
14410,12,2,1531.63,5,2,4,524,Potential Loyalists,0,802,179,7.8144387755102045,5.179631125386694e-05,0,Low Risk
14412,60,1,656.16,3,1,3,313,Lost Customers,0,642,41,16.00390243902439,0.01952530641552539,0,Low Risk
14413,46,3,643.47,3,3,3,333,Lost Customers,0,210,74,8.695540540540541,0.0037998789976927167,0,Low Risk
14414,10,1,902.35,5,1,3,513,Potential Loyalists,0,365,21,42.96904761904762,5.889217902526945e-05,0,Low Risk
14415,15,10,6124.52,5,5,5,555,Champions,0,3267,299,9.350412213740459,6.38427022676182e-05,0,Low Risk
14417,23,1,524.65,4,1,3,413,Potential Loyalists,0,543,106,4.484188034188034,0.00022022468199514415,0,Low Risk
14419,18,1,202.85,4,1,1,411,Potential Loyalists,0,69,23,8.819565217391304,0.00015173257346510268,0,Low Risk
14420,32,3,1251.65,4,3,4,434,Loyal Customers,0,786,58,19.55703125,0.0007471172296758438,0,Low Risk
14421,148,4,1656.26,2,4,4,244,At Risk,1,977,57,24.00376811594203,0.9984564388830462,1,High Risk
14422,10,13,6007.88,5,5,5,555,Champions,0,3161,193,18.20569696969697,4.9873096987621976e-05,0,Low Risk
14423,73,2,651.41,2,2,3,223,Lost Customers,0,299,11,54.284166666666664,0.09324415782339328,0,Low Risk
14425,70,3,661.39,3,3,3,333,Lost Customers,0,325,35,16.958717948717947,0.06555958216165689,0,Low Risk
14426,39,7,7246.27,3,5,5,355,Lost Customers,0,4324,314,19.06913157894737,0.0009166601491071098,0,Low Risk
14427,130,2,900.1800000000001,2,2,3,223,Lost Customers,1,310,27,33.34,0.9877923679089282,1,High Risk
14429,39,1,516.28,3,1,3,313,Lost Customers,0,286,22,23.467272727272725,0.0017821072209949274,0,Low Risk
14430,147,3,1220.9,2,3,4,234,At Risk,1,446,29,34.88285714285715,0.9983614696276473,1,High Risk
14431,15,3,2143.84,5,3,5,535,Loyal Customers,0,1072,61,33.4975,9.958221191574208e-05,0,Low Risk
14433,101,1,280.7,2,1,2,212,Lost Customers,1,131,72,3.7932432432432432,0.7009674375180722,1,High Risk
14435,137,1,90.42,2,1,1,211,Lost Customers,1,282,3,30.14,0.994753387219621,1,High Risk
14436,189,1,182.64000000000001,1,1,1,111,Lost Customers,1,168,2,91.32000000000001,0.9999884422613871,1,High Risk
14437,1,5,873.34,5,4,3,543,Loyal Customers,0,420,34,20.793809523809525,2.212622531414522e-05,0,Low Risk
14439,79,4,6781.8,2,4,5,245,At Risk,0,1718,83,69.91546391752577,0.1515802908235366,0,Low Risk
14440,1,9,4281.05,5,5,5,555,Champions,0,1167,49,49.7796511627907,2.3424083972916905e-05,0,Low Risk
14441,10,7,2898.8,5,5,5,555,Champions,0,814,71,28.14368932038835,6.117896094125783e-05,0,Low Risk
14442,50,5,3777.2,3,4,5,345,Lost Customers,0,949,97,31.476666666666667,0.005957212176424959,0,Low Risk
14443,4,2,966.27,5,2,3,523,Potential Loyalists,0,582,57,16.104499999999998,2.723117315349581e-05,0,Low Risk
14444,92,1,120.44,2,1,1,211,Lost Customers,1,172,11,10.94909090909091,0.48416761687356236,0,Medium Risk
14445,91,1,221.65,2,1,1,211,Lost Customers,1,83,32,6.9265625,0.44340938412968955,0,Medium Risk
14446,22,1,189.93,4,1,1,411,Potential Loyalists,0,175,42,4.522142857142858,0.00023117287931953066,0,Low Risk
14447,36,1,548.5,3,1,3,313,Lost Customers,0,342,36,15.23611111111111,0.0012093581550124027,0,Low Risk
14449,8,5,1555.4,5,4,4,544,Champions,0,1005,173,5.496113074204947,3.543906726198873e-05,0,Low Risk
14450,15,4,645.19,5,4,3,543,Loyal Customers,0,281,24,17.921944444444446,0.00011491322966957116,0,Low Risk
14451,25,10,2614.78,4,5,5,455,Champions,0,1359,194,6.424520884520885,0.00028354856569660415,0,Low Risk
14452,31,2,399.9,4,2,2,422,Potential Loyalists,0,169,62,5.7956521739130435,0.0006537396584755064,0,Low Risk
14454,12,5,977.3,5,4,3,543,Loyal Customers,0,400,93,8.884545454545455,7.018648514108943e-05,0,Low Risk
14455,68,4,617.72,3,4,3,343,Lost Customers,0,706,65,8.022337662337662,0.04971371659758572,0,Low Risk
14458,16,1,228.07,4,1,1,411,Potential Loyalists,0,317,46,4.852553191489362,0.00011244683561103057,0,Low Risk
14459,287,1,3537.821,1,1,5,115,Lost Customers,1,1543,76,46.550276315789475,0.9999999998583233,1,High Risk
14460,32,6,659.16,4,4,3,443,Loyal Customers,0,998,23,25.35230769230769,0.0008749287295881672,0,Low Risk
14461,18,10,4573.85,4,5,5,455,Champions,0,2239,368,10.030372807017544,7.983062184926366e-05,0,Low Risk
14462,68,1,262.24,3,1,2,312,Lost Customers,0,107,48,5.463333333333334,0.04870232464318278,0,Low Risk
14463,135,1,256.95,2,1,2,212,Lost Customers,1,31,2,128.475,0.9934405751889959,1,High Risk
14464,204,2,111.0,1,2,1,121,Lost Customers,1,62,4,27.75,0.9999980763963664,1,High Risk
14465,64,8,2887.4100000000003,3,5,5,355,Lost Customers,0,2141,31,41.24871428571429,0.03636902464754826,0,Low Risk
14466,8,7,2374.5,5,5,5,555,Champions,0,1638,71,16.489583333333332,4.6774881924268155e-05,0,Low Risk
14467,25,8,1606.98,4,5,4,454,Champions,0,911,113,7.509252336448598,0.00032995647842460935,0,Low Risk
14468,369,1,204.24,1,1,1,111,Lost Customers,1,164,12,17.02,0.9999999999999925,1,High Risk
14469,52,4,2093.46,3,4,4,344,Lost Customers,0,973,120,14.437655172413793,0.0068926474761737315,0,Low Risk
14470,66,1,250.85,3,1,2,312,Lost Customers,0,89,17,14.755882352941176,0.04177211180178544,0,Low Risk
14471,227,2,400.95,1,2,2,122,Lost Customers,1,187,38,9.779268292682927,0.9999998600804236,1,High Risk
14472,325,1,266.05,1,1,2,112,Lost Customers,1,136,41,6.046590909090909,0.9999999999985758,1,High Risk
14474,215,1,711.23,1,1,3,113,Lost Customers,1,308,97,7.257448979591837,0.9999993176087927,1,High Risk
14475,44,1,225.3,3,1,1,311,Lost Customers,0,94,6,37.550000000000004,0.003350066971577088,0,Low Risk
14477,72,3,660.0,2,3,3,233,At Risk,0,400,3,165.0,0.08697776508866153,0,Low Risk
14478,18,4,1276.66,4,4,4,444,Champions,0,1226,59,18.774411764705885,0.00014527763680323539,0,Low Risk
14479,1,3,982.86,5,3,3,533,Loyal Customers,0,503,121,7.502748091603054,1.69456499140252e-05,0,Low Risk
14480,38,3,1020.47,3,3,4,334,Lost Customers,0,527,43,19.624423076923076,0.0015819898938091426,0,Low Risk
14481,43,3,1648.18,3,3,4,334,Lost Customers,0,1079,103,13.734833333333334,0.00241877557032752,0,Low Risk
14482,15,6,2283.91,5,4,5,545,Champions,0,1242,91,21.344953271028036,0.0001002678696352681,0,Low Risk
14483,372,1,120.0,1,1,1,111,Lost Customers,1,96,4,30.0,0.9999999999999949,1,High Risk
14484,37,3,749.0600000000001,3,3,3,333,Lost Customers,0,534,37,19.206666666666667,0.0014254572863243735,0,Low Risk
14486,147,2,175.5,2,2,1,221,Lost Customers,1,90,4,29.25,0.9984295093204245,1,High Risk
14487,4,2,225.89000000000001,5,2,1,521,Potential Loyalists,0,86,32,5.5095121951219515,2.941154836431617e-05,0,Low Risk
14489,73,3,1111.55,2,3,4,234,At Risk,0,712,54,15.879285714285714,0.08602752394491724,0,Low Risk
14490,42,2,1273.47,3,2,4,324,Lost Customers,0,933,72,15.918375000000001,0.002261914474393579,0,Low Risk
14491,8,1,127.2,5,1,1,511,Potential Loyalists,0,40,4,31.8,4.899119520197629e-05,0,Low Risk
14492,66,7,1921.91,3,5,4,354,Lost Customers,0,751,70,20.890326086956524,0.04263456657471229,0,Low Risk
14493,26,5,2704.62,4,4,5,445,Champions,0,1863,204,11.509021276595744,0.00026533985435016084,0,Low Risk
14494,37,2,261.9,3,2,2,322,Lost Customers,0,118,10,26.189999999999998,0.001499816537299621,0,Low Risk
14495,295,1,51.0,1,1,1,111,Lost Customers,1,6,1,51.0,0.999999999956019,1,High Risk
14496,9,6,2129.42,5,4,4,544,Champions,0,832,58,23.145869565217392,5.4394932853224864e-05,0,Low Risk
14497,309,1,221.69,1,1,1,111,Lost Customers,1,97,11,20.153636363636362,0.9999999999913021,1,High Risk
14498,37,5,1943.51,3,4,4,344,Lost Customers,0,1022,145,11.042670454545455,0.0011477208791736606,0,Low Risk
14499,10,4,1293.3500000000001,5,4,4,544,Champions,0,735,86,10.688842975206613,5.4181572250319954e-05,0,Low Risk
14505,40,11,6019.65,3,5,5,355,Lost Customers,0,2586,540,7.619810126582278,0.000717259350862554,0,Low Risk
14506,5,3,1256.6000000000001,5,3,4,534,Loyal Customers,0,338,111,8.490540540540541,2.7983271082830614e-05,0,Low Risk
14507,14,5,1848.8600000000001,5,4,4,544,Champions,0,897,127,11.342699386503067,8.051158276747179e-05,0,Low Risk
14508,12,3,554.87,5,3,3,533,Loyal Customers,0,218,100,4.548114754098361,6.563184181095898e-05,0,Low Risk
14509,170,1,110.95,2,1,1,211,Lost Customers,1,38,25,4.438,0.9998866098138554,1,High Risk
14510,11,3,979.85,5,3,3,533,Loyal Customers,0,793,67,13.064666666666668,6.180686335130398e-05,0,Low Risk
14512,19,5,940.69,4,4,3,443,Loyal Customers,0,614,41,16.798035714285714,0.00017950335963732688,0,Low Risk
14513,72,3,332.42,2,3,2,232,At Risk,0,232,5,47.48857142857143,0.08722591837755433,0,Low Risk
14514,72,6,3389.84,2,4,5,245,At Risk,0,1798,178,13.55936,0.06134007441131027,0,Low Risk
14515,23,6,1647.17,4,4,4,444,Champions,0,783,55,21.962266666666668,0.00028450122668438675,0,Low Risk
14516,152,1,151.17,2,1,1,211,Lost Customers,1,63,35,4.3191428571428565,0.999034860875469,1,High Risk
14519,319,2,203.14,1,2,1,121,Lost Customers,1,81,38,5.34578947368421,0.9999999999972209,1,High Risk
14521,127,1,199.45000000000002,2,1,1,211,Lost Customers,1,211,17,11.732352941176472,0.98268098925518,1,High Risk
14522,231,4,773.8800000000001,1,4,3,143,At Risk,1,431,23,27.63857142857143,0.9999999195928375,1,High Risk
14524,45,4,1066.03,3,4,4,344,Lost Customers,0,500,114,8.52824,0.003128604494779478,0,Low Risk
14525,64,8,3810.64,3,5,5,355,Lost Customers,0,2469,163,15.617377049180327,0.026549138155557303,0,Low Risk
14526,25,1,258.65,4,1,2,412,Potential Loyalists,0,178,41,6.308536585365853,0.0003297799728264664,0,Low Risk
14527,1,69,19257.08,5,5,5,555,Champions,0,4667,465,11.16352463768116,4.28331351837731e-05,0,Low Risk
14530,32,10,3226.76,4,5,5,455,Champions,0,1594,180,12.410615384615385,0.0006627914234605518,0,Low Risk
14531,115,1,376.34,2,1,2,212,Lost Customers,1,260,29,12.977241379310344,0.9306486972976423,1,High Risk
14532,47,7,2912.93,3,5,5,355,Lost Customers,0,827,188,11.65172,0.003581088289222729,0,Low Risk
14533,43,4,1516.65,3,4,4,344,Lost Customers,0,2019,25,56.172222222222224,0.0028852963699264505,0,Low Risk
14534,33,8,1790.36,4,5,4,454,Champions,0,795,164,8.649082125603865,0.0007520851697419082,0,Low Risk
14535,31,6,3118.39,4,4,5,445,Champions,0,1390,381,6.274426559356137,0.0003283702318757053,0,Low Risk
14537,259,1,285.84000000000003,1,1,2,112,Lost Customers,1,108,13,21.98769230769231,0.9999999968654663,1,High Risk
14538,166,3,982.59,2,3,3,233,At Risk,1,129,28,29.775454545454547,0.9998269229060324,1,High Risk
14540,15,8,2756.98,5,5,5,555,Champions,0,1184,140,14.284870466321244,9.471355790647538e-05,0,Low Risk
14541,52,6,1038.03,3,4,4,344,Lost Customers,0,482,49,14.828999999999999,0.008762432329321366,0,Low Risk
14543,16,23,10988.14,4,5,5,455,Champions,0,1964,80,77.93007092198582,0.0001860583321201866,0,Low Risk
14544,106,1,934.23,2,1,3,213,Lost Customers,1,876,68,12.2925,0.8057311200546248,1,High Risk
14545,310,1,349.25,1,1,2,112,Lost Customers,1,236,23,15.184782608695652,0.9999999999920033,1,High Risk
14546,12,6,2610.91,5,4,5,545,Champions,0,1375,258,6.6435368956743,4.709423954469734e-05,0,Low Risk
14548,120,7,1888.49,2,5,4,254,At Risk,1,730,66,17.815943396226416,0.9627259211505987,1,High Risk
14549,56,3,624.36,3,3,3,333,Lost Customers,0,258,70,7.176551724137931,0.012310805935232273,0,Low Risk
14550,24,2,587.69,4,2,3,423,Potential Loyalists,0,382,46,11.753800000000002,0.00029588123810961726,0,Low Risk
14551,47,5,691.86,3,4,3,343,Lost Customers,0,380,62,10.02695652173913,0.004619504027040523,0,Low Risk
14552,16,2,343.71,4,2,2,422,Potential Loyalists,0,168,80,3.54340206185567,0.00010729234763316668,0,Low Risk
14553,47,4,959.33,3,4,3,343,Lost Customers,0,625,141,5.481885714285714,0.0036903761842550344,0,Low Risk
14555,17,4,1991.49,4,4,4,444,Champions,0,720,83,20.321326530612247,0.00012462524982131889,0,Low Risk
14556,232,3,815.69,1,3,3,133,At Risk,1,323,158,4.161683673469388,0.9999998989810603,1,High Risk
14558,290,3,655.5,1,3,3,133,At Risk,1,162,13,43.7,0.9999999999226379,1,High Risk
14559,26,1,75.6,4,1,1,411,Potential Loyalists,0,72,2,37.8,0.0004083420145633178,0,Low Risk
14560,15,22,3876.2599999999998,5,5,5,555,Champions,0,3320,38,30.76396825396825,0.0001654573498627365,0,Low Risk
14562,26,8,1631.38,4,5,4,454,Champions,0,759,116,8.963626373626374,0.00037067494739485103,0,Low Risk
14563,145,2,640.54,2,2,3,223,Lost Customers,1,279,95,6.042830188679245,0.9975190123328369,1,High Risk
14564,70,2,2605.62,3,2,5,325,Lost Customers,0,1295,107,24.35158878504673,0.05268506885663806,0,Low Risk
14565,109,1,760.1,2,1,3,213,Lost Customers,1,400,33,23.033333333333335,0.8672390050906227,1,High Risk
14566,53,3,2660.0,3,3,5,335,Lost Customers,0,1600,8,221.66666666666666,0.009563914268287057,0,Low Risk
14568,71,1,919.7,2,1,3,213,Lost Customers,0,645,47,19.56808510638298,0.06685515788631528,0,Low Risk
14569,88,3,369.94,2,3,2,232,At Risk,0,178,21,16.815454545454546,0.3772752085248805,0,Low Risk
14570,79,1,395.69,2,1,2,212,Lost Customers,0,336,37,10.145897435897435,0.1597150782704171,0,Low Risk
14571,61,1,160.0,3,1,1,311,Lost Customers,0,56,30,5.333333333333333,0.02295691209705343,0,Low Risk
14572,53,4,2722.34,3,4,5,345,Lost Customers,0,1458,188,11.111591836734695,0.006482826946567182,0,Low Risk
14573,8,5,925.3,5,4,3,543,Loyal Customers,0,275,130,6.047712418300653,4.032578780511473e-05,0,Low Risk
14574,368,1,143.70000000000002,1,1,1,111,Lost Customers,1,63,11,13.063636363636364,0.9999999999999916,1,High Risk
14575,124,1,420.22,2,1,2,212,Lost Customers,1,163,71,5.836388888888889,0.9723254365349125,1,High Risk
14576,8,1,35.400000000000006,5,1,1,511,Potential Loyalists,0,12,1,35.400000000000006,4.938059722524237e-05,0,Low Risk
14577,30,3,504.44,4,3,3,433,Loyal Customers,0,216,48,8.549830508474576,0.0006171563945581707,0,Low Risk
14579,68,1,105.56,3,1,1,311,Lost Customers,0,56,24,4.2224,0.05150386109373521,0,Low Risk
14580,154,1,14.850000000000001,2,1,1,211,Lost Customers,1,3,1,14.850000000000001,0.9992977337122865,1,High Risk
14581,180,1,271.05,1,1,2,112,Lost Customers,1,87,43,6.303488372093024,0.9999634395655306,1,High Risk
14583,19,3,673.33,4,3,3,433,Loyal Customers,0,320,149,4.156358024691358,0.00013253412738200727,0,Low Risk
14584,57,4,705.1,3,4,3,343,Lost Customers,0,579,79,5.8758333333333335,0.013751363243167199,0,Low Risk
14585,18,4,986.22,4,4,4,444,Champions,0,539,64,12.027073170731708,0.0001473221066448865,0,Low Risk
14588,214,1,135.39,1,1,1,111,Lost Customers,1,62,16,8.461875,0.9999993723980323,1,High Risk
14589,7,1,39.75,5,1,1,511,Potential Loyalists,0,5,3,13.25,4.372263609681105e-05,0,Low Risk
14590,60,20,2993.37,3,5,5,355,Lost Customers,0,901,124,14.818663366336633,0.027041485645263548,0,Low Risk
14593,33,9,3048.38,4,5,5,455,Champions,0,1518,324,6.626913043478261,0.0005152684514241166,0,Low Risk
14594,9,1,255.0,5,1,2,512,Potential Loyalists,0,146,31,8.225806451612904,5.149642915009772e-05,0,Low Risk
14595,89,2,423.85,2,2,2,222,Lost Customers,0,250,28,12.466176470588236,0.39390837113505783,0,Low Risk
14596,262,1,222.22000000000003,1,1,1,111,Lost Customers,1,75,50,4.192830188679245,0.9999999975975626,1,High Risk
14597,15,4,1318.3899999999999,5,4,4,544,Champions,0,870,41,27.466458333333332,0.00010803895848330508,0,Low Risk
14598,205,1,162.07,1,1,1,111,Lost Customers,1,165,40,4.05175,0.99999807663021,1,High Risk
14599,26,2,457.89,4,2,2,422,Potential Loyalists,0,292,77,5.796075949367088,0.0003487575220614908,0,Low Risk
14600,29,1,471.84000000000003,4,1,2,412,Potential Loyalists,0,362,29,16.270344827586207,0.0005395464926259217,0,Low Risk
14602,292,1,205.35999999999999,1,1,1,111,Lost Customers,1,80,31,6.624516129032258,0.9999999999326508,1,High Risk
14604,269,1,143.85999999999999,1,1,1,111,Lost Customers,1,88,20,6.254782608695652,0.9999999990177391,1,High Risk
14605,10,4,921.5600000000001,5,4,3,543,Loyal Customers,0,416,88,8.532962962962964,5.453831670915305e-05,0,Low Risk
14606,2,102,18482.1,5,5,5,555,Champions,0,9287,1086,4.861152025249868,2.309736581783019e-05,0,Low Risk
14607,103,8,7553.63,2,5,5,255,At Risk,1,3809,76,61.915,0.7598464442947461,1,High Risk
14608,15,7,1567.79,5,5,4,554,Champions,0,490,10,68.16478260869565,0.00012845923577644918,0,Low Risk
14609,26,6,884.64,4,4,3,443,Loyal Customers,0,5694,6,98.29333333333334,0.00037490468647927914,0,Low Risk
14610,31,2,24.35,4,2,1,421,Potential Loyalists,0,15,10,2.435,0.0007438106584917378,0,Low Risk
14611,79,2,604.3299999999999,2,2,3,223,Lost Customers,0,582,37,15.903421052631577,0.1622959863750473,0,Low Risk
14612,51,1,877.7,3,1,3,313,Lost Customers,0,134,14,62.69285714285714,0.007456232362155594,0,Low Risk
14613,316,1,76.32000000000001,1,1,1,111,Lost Customers,1,72,1,76.32000000000001,0.9999999999962705,1,High Risk
14614,22,1,295.13,4,1,2,412,Potential Loyalists,0,189,19,15.533157894736842,0.00024411277873958426,0,Low Risk
14615,30,5,951.76,4,4,3,443,Loyal Customers,0,495,40,19.828333333333333,0.0006590137369862158,0,Low Risk
14616,21,2,121.7,4,2,1,421,Potential Loyalists,0,66,2,60.85,0.00023325554990407074,0,Low Risk
14617,38,2,190.47000000000003,3,2,1,321,Lost Customers,0,81,7,21.163333333333338,0.0017011045268172547,0,Low Risk
14618,12,4,788.88,5,4,3,543,Loyal Customers,0,440,33,22.539428571428573,7.85668511653106e-05,0,Low Risk
14619,177,1,896.8000000000001,1,1,3,113,Lost Customers,1,442,40,22.42,0.9999476999714096,1,High Risk
14621,147,4,1212.21,2,4,4,244,At Risk,1,713,63,18.09268656716418,0.9982549449619341,1,High Risk
14623,16,5,1130.28,4,4,4,444,Champions,0,607,110,7.585771812080536,0.00010707429654759823,0,Low Risk
14624,51,4,588.22,3,4,3,343,Lost Customers,0,483,30,15.479473684210527,0.007703211115022837,0,Low Risk
14625,10,9,3598.25,5,5,5,555,Champions,0,1820,141,16.893192488262912,5.278179542340517e-05,0,Low Risk
14626,31,7,2619.65,4,5,5,455,Champions,0,1732,89,23.815,0.0006680777658731286,0,Low Risk
14627,15,1,462.75,5,1,2,512,Potential Loyalists,0,284,29,15.956896551724139,0.00010429059955820635,0,Low Risk
14628,78,3,1326.04,2,3,4,234,At Risk,0,875,52,21.38774193548387,0.1448028661058773,0,Low Risk
14630,120,1,338.65,2,1,2,212,Lost Customers,1,111,21,16.126190476190477,0.9611945884615303,1,High Risk
14631,22,3,1018.71,4,3,4,434,Loyal Customers,0,785,39,20.374200000000002,0.00024106136007342958,0,Low Risk
14634,73,4,2124.46,2,4,4,244,At Risk,0,1906,105,19.49045871559633,0.07584180323507883,0,Low Risk
14635,89,1,215.22,2,1,1,211,Lost Customers,0,118,15,14.348,0.3956711074189017,0,Low Risk
14637,313,1,106.67999999999999,1,1,1,111,Lost Customers,1,100,7,15.239999999999998,0.9999999999946165,1,High Risk
14639,44,3,1994.47,3,3,4,334,Lost Customers,0,979,97,16.620583333333332,0.002772322192358347,0,Low Risk
14640,45,4,1541.98,3,4,4,344,Lost Customers,0,765,91,15.734489795918368,0.0032750289861486308,0,Low Risk
14643,253,3,986.08,1,3,4,134,At Risk,1,562,28,31.809032258064516,0.9999999936805379,1,High Risk
14644,50,5,1416.96,3,4,4,344,Lost Customers,0,512,29,39.36,0.007070600327096055,0,Low Risk
14645,270,1,279.8,1,1,2,112,Lost Customers,1,206,18,15.544444444444444,0.9999999991271138,1,High Risk
14646,10,78,248396.5,5,5,5,555,Champions,0,170342,606,140.0205749718151,3.5543075616571627e-07,0,Low Risk
14647,159,1,270.0,2,1,2,212,Lost Customers,1,84,18,13.5,0.9995927659314182,1,High Risk
14648,52,15,4466.65,3,5,5,355,Lost Customers,0,3265,286,10.363457076566124,0.0058286597215984285,0,Low Risk
14649,18,5,2248.6,4,4,5,445,Champions,0,1411,270,6.5941348973607035,8.990134833404189e-05,0,Low Risk
14650,224,1,62.5,1,1,1,111,Lost Customers,1,22,4,15.625,0.9999998121534117,1,High Risk
14651,30,7,1371.77,4,5,4,454,Champions,0,537,146,7.537197802197802,0.0005412045142772301,0,Low Risk
14653,149,5,1666.41,2,4,4,244,At Risk,1,1024,132,11.259527027027028,0.9984017266366613,1,High Risk
14654,374,1,246.86,1,1,1,111,Lost Customers,1,273,27,9.142962962962963,0.9999999999999956,1,High Risk
14655,24,3,1946.28,4,3,4,434,Loyal Customers,0,1252,48,36.04222222222222,0.00029383832469473875,0,Low Risk
14656,51,3,498.95,3,3,3,333,Lost Customers,0,189,95,3.928740157480315,0.006493527125528484,0,Low Risk
14657,65,2,601.97,3,2,3,323,Lost Customers,0,413,66,7.252650602409639,0.03386944640055613,0,Low Risk
14662,63,3,635.06,3,3,3,333,Lost Customers,0,329,70,7.840246913580247,0.027541558251082177,0,Low Risk
14663,66,2,490.6,3,2,2,322,Lost Customers,0,397,60,7.214705882352941,0.03847508835206788,0,Low Risk
14665,63,2,913.95,3,2,3,323,Lost Customers,0,404,40,21.760714285714286,0.028664452646161336,0,Low Risk
14667,1,31,12418.01,5,5,5,555,Champions,0,7386,392,16.02323870967742,1.5438423067252706e-05,0,Low Risk
14668,81,1,111.63,2,1,1,211,Lost Customers,0,49,10,9.3025,0.20582960812675716,0,Low Risk
14669,269,4,1957.54,1,4,4,144,At Risk,1,1273,203,8.85764705882353,0.9999999985442352,1,High Risk
14670,368,1,190.47,1,1,1,111,Lost Customers,1,97,56,3.40125,0.9999999999999907,1,High Risk
14671,185,2,1127.45,1,2,4,124,Lost Customers,1,571,48,20.49909090909091,0.9999796892685044,1,High Risk
14672,151,2,347.59,2,2,2,222,Lost Customers,1,192,38,7.724222222222222,0.9989322314610652,1,High Risk
14673,3,3,1674.41,5,3,4,534,Loyal Customers,0,1031,65,18.81359550561798,2.40549938158057e-05,0,Low Risk
14674,145,1,173.66,2,1,1,211,Lost Customers,1,103,14,12.404285714285715,0.9979074873498055,1,High Risk
14675,24,1,419.22,4,1,2,412,Potential Loyalists,0,324,114,3.3808064516129033,0.000245025398531914,0,Low Risk
14676,30,6,5808.55,4,4,5,445,Champions,0,6292,63,63.830219780219785,0.0005193138682417616,0,Low Risk
14677,228,1,184.91,1,1,1,111,Lost Customers,1,139,14,13.207857142857142,0.9999998793275388,1,High Risk
14678,215,1,403.39,1,1,2,112,Lost Customers,1,179,24,16.807916666666667,0.9999994290474004,1,High Risk
14679,17,3,1289.44,4,3,4,434,Loyal Customers,0,794,49,20.467301587301588,0.00013077638757519593,0,Low Risk
14680,7,43,28615.27,5,5,5,555,Champions,0,13882,205,27.781815533980584,5.578578367150756e-05,0,Low Risk
14681,23,3,376.20000000000005,4,3,2,432,Loyal Customers,0,96,13,28.938461538461542,0.0002957255040582992,0,Low Risk
14682,64,4,1462.81,3,4,4,344,Lost Customers,0,869,78,17.414404761904763,0.03058477932352841,0,Low Risk
14683,224,1,146.56,1,1,1,111,Lost Customers,1,386,21,6.979047619047619,0.9999998016719758,1,High Risk
14684,26,1,228.52,4,1,1,411,Potential Loyalists,0,184,94,2.3804166666666666,0.00032676289021132325,0,Low Risk
14685,212,8,4536.64,1,5,5,155,At Risk,1,1969,109,24.26010695187166,0.9999991340089859,1,High Risk
14686,50,5,852.53,3,4,3,343,Lost Customers,0,457,185,3.8928310502283106,0.004887808063251638,0,Low Risk
14687,36,2,773.6800000000001,3,2,3,323,Lost Customers,0,380,23,30.947200000000002,0.001281567516294818,0,Low Risk
14688,9,8,2056.3,5,5,4,554,Champions,0,1911,94,11.17554347826087,5.064411994923131e-05,0,Low Risk
14690,28,2,422.63,4,3,2,432,Loyal Customers,0,174,43,7.684181818181818,0.00048066659285642794,0,Low Risk
14692,16,8,1123.59,4,5,4,454,Champions,0,625,60,12.347142857142856,0.00013118169971409273,0,Low Risk
14693,61,6,992.46,3,4,4,344,Lost Customers,0,354,39,14.812835820895524,0.025556133941950977,0,Low Risk
14694,253,1,244.31,1,1,1,111,Lost Customers,1,193,15,16.287333333333333,0.9999999935993014,1,High Risk
14695,155,3,1534.22,2,3,4,234,At Risk,1,661,76,18.71,0.9992789430634104,1,High Risk
14696,9,2,688.95,5,3,3,533,Loyal Customers,0,521,41,16.40357142857143,5.102577902370675e-05,0,Low Risk
14699,71,3,593.47,2,3,3,233,At Risk,0,407,40,14.130238095238095,0.07211777949522422,0,Low Risk
14700,51,2,880.96,3,3,3,333,Lost Customers,0,292,45,16.017454545454545,0.00708756759954352,0,Low Risk
14701,78,6,1961.02,2,4,4,244,At Risk,0,823,230,7.317238805970149,0.10788238504417866,0,Low Risk
14702,1,13,3427.44,5,5,5,555,Champions,0,1601,204,9.364590163934427,1.7773549211016916e-05,0,Low Risk
14704,60,2,258.96,3,3,2,332,Lost Customers,0,121,53,4.176774193548387,0.019888034406299562,0,Low Risk
14706,254,1,367.54,1,1,2,112,Lost Customers,1,246,25,14.701600000000001,0.9999999941623898,1,High Risk
14707,71,2,139.2,2,3,1,231,At Risk,0,96,1,69.6,0.07727580197419719,0,Low Risk
14708,4,3,1085.91,5,3,4,534,Loyal Customers,0,888,14,43.436400000000006,3.0666457798112286e-05,0,Low Risk
14709,15,12,3965.29,5,5,5,555,Champions,0,1657,60,24.62913043478261,0.0001264000563541795,0,Low Risk
14710,15,9,1300.31,5,5,4,554,Champions,0,760,203,4.392939189189189,8.486036562006286e-05,0,Low Risk
14712,54,1,411.0,3,1,2,312,Lost Customers,0,96,7,58.714285714285715,0.01075728939448235,0,Low Risk
14713,1,11,2752.5099999999998,5,5,5,555,Champions,0,1841,147,7.582672176308539,1.903654562795866e-05,0,Low Risk
14714,43,3,746.05,3,3,3,333,Lost Customers,0,413,59,8.988554216867469,0.002749307657229524,0,Low Risk
14715,78,4,958.0699999999999,2,4,3,243,At Risk,0,509,57,14.51621212121212,0.14849157305815772,0,Low Risk
14716,80,1,235.77,2,1,1,211,Lost Customers,0,148,44,5.239333333333334,0.17472493367080283,0,Low Risk
14717,369,1,81.3,1,1,1,111,Lost Customers,1,32,11,7.390909090909091,0.9999999999999925,1,High Risk
14718,46,1,226.42,3,1,1,311,Lost Customers,0,202,11,20.583636363636362,0.004168906774053681,0,Low Risk
14721,15,1,109.07,5,1,1,511,Potential Loyalists,0,57,24,4.3628,0.00010639264228691745,0,Low Risk
14722,113,2,309.1,2,3,2,232,At Risk,1,96,53,5.238983050847458,0.9120203935877832,1,High Risk
14723,7,7,927.89,5,5,3,553,Loyal Customers,0,609,152,4.662763819095478,3.5524097399613664e-05,0,Low Risk
14724,226,1,341.9,1,1,2,112,Lost Customers,1,184,40,8.339024390243901,0.9999998373394003,1,High Risk
14725,30,3,597.16,4,3,3,433,Loyal Customers,0,747,41,11.267169811320754,0.0006149151182450562,0,Low Risk
14726,290,1,116.5,1,1,1,111,Lost Customers,1,82,15,7.766666666666667,0.9999999999179514,1,High Risk
14727,182,2,195.15,1,3,1,131,At Risk,1,396,33,5.420833333333333,0.9999722337658873,1,High Risk
14728,49,1,190.58,3,1,1,311,Lost Customers,0,68,14,13.612857142857143,0.005911437297651635,0,Low Risk
14729,9,3,586.24,5,3,3,533,Loyal Customers,0,372,126,4.441212121212121,4.3085239318759205e-05,0,Low Risk
14732,28,11,2814.58,4,5,5,455,Champions,0,868,82,21.650615384615385,0.0005528058464792512,0,Low Risk
14733,3,4,6579.26,5,4,5,545,Champions,0,2715,90,45.374206896551726,2.2131781039376476e-05,0,Low Risk
14734,61,4,1056.42,3,4,4,344,Lost Customers,0,378,48,16.76857142857143,0.02367020408036411,0,Low Risk
14735,24,24,6174.47,4,5,5,455,Champions,0,2249,122,35.89808139534884,0.0004330436092324679,0,Low Risk
14736,121,2,374.05,2,3,2,232,At Risk,1,148,70,4.250568181818182,0.9622131957377386,1,High Risk
14737,36,1,2389.62,3,1,5,315,Lost Customers,0,726,28,85.34357142857142,0.0012191800094151514,0,Low Risk
14738,196,2,507.45,1,3,3,133,At Risk,1,156,23,19.517307692307693,0.9999948290199258,1,High Risk
14739,3,19,8385.22,5,5,5,555,Champions,0,6352,112,42.781734693877546,2.7968898820469676e-05,0,Low Risk
14740,45,8,2712.85,3,5,5,355,Lost Customers,0,1346,116,19.104577464788733,0.0033868042159549594,0,Low Risk
14741,8,2,497.25,5,3,2,532,Loyal Customers,0,279,23,19.125,4.777303945061891e-05,0,Low Risk
14742,71,1,579.85,2,1,3,213,Lost Customers,0,374,34,17.054411764705883,0.06943495609035118,0,Low Risk
14743,228,1,50.48,1,1,1,111,Lost Customers,1,40,3,16.826666666666664,0.9999998828534986,1,High Risk
14744,2,8,2785.1,5,5,5,555,Champions,0,1920,45,29.316842105263156,2.5022332014867285e-05,0,Low Risk
14745,137,7,1331.15,2,5,4,254,At Risk,1,931,39,18.748591549295774,0.9950651083177396,1,High Risk
14746,42,4,593.5,3,4,3,343,Lost Customers,0,398,7,65.94444444444444,0.0028433816143724196,0,Low Risk
14748,4,7,1736.57,5,5,4,554,Champions,0,1529,77,17.02519607843137,2.88715765978596e-05,0,Low Risk
14749,115,1,310.15,2,1,2,212,Lost Customers,1,403,18,17.230555555555554,0.9319577382100359,1,High Risk
14750,372,1,112.03,1,1,1,111,Lost Customers,1,65,32,3.5009375,0.9999999999999944,1,High Risk
14751,320,2,126.45,1,3,1,131,At Risk,1,65,7,18.064285714285713,0.9999999999977061,1,High Risk
14753,96,1,306.36,2,1,2,212,Lost Customers,1,201,18,17.02,0.5962305295098574,1,Medium Risk
14754,61,4,909.88,3,4,3,343,Lost Customers,0,524,82,9.577684210526316,0.021737752308717294,0,Low Risk
14755,17,14,4962.27,4,5,5,455,Champions,0,2182,144,20.676125000000003,0.00013604411035042185,0,Low Risk
14756,18,2,1914.8,4,3,4,434,Loyal Customers,0,1007,68,23.639506172839507,0.00013578285992523224,0,Low Risk
14758,32,3,1380.9099999999999,4,3,4,434,Loyal Customers,0,421,52,21.24476923076923,0.0007689358795896699,0,Low Risk
14761,80,1,192.02,2,1,1,211,Lost Customers,0,88,13,14.77076923076923,0.18596474124818144,0,Low Risk
14762,262,1,117.05000000000001,1,1,1,111,Lost Customers,1,87,9,13.005555555555556,0.9999999978196377,1,High Risk
14766,2,6,4082.76,5,4,5,545,Champions,0,2714,164,19.915902439024393,1.7328497286949775e-05,0,Low Risk
14767,110,1,382.81,2,1,2,212,Lost Customers,1,117,18,21.267222222222223,0.8849492340793187,1,High Risk
14769,26,9,5097.13,4,5,5,455,Champions,0,3819,252,15.170029761904763,0.00024714509423424204,0,Low Risk
14770,103,6,2761.2200000000003,2,4,5,245,At Risk,1,1108,119,19.04289655172414,0.7473694506784254,1,High Risk
14771,257,2,594.62,1,3,3,133,At Risk,1,622,46,12.651489361702128,0.9999999957484689,1,High Risk
14773,228,1,140.55,1,1,1,111,Lost Customers,1,53,10,14.055000000000001,0.9999998808554789,1,High Risk
14774,164,1,241.45,2,1,1,211,Lost Customers,1,99,13,18.573076923076922,0.999776327542062,1,High Risk
14775,8,1,406.56,5,1,2,512,Potential Loyalists,0,384,20,20.328,4.6577741217033075e-05,0,Low Risk
14776,23,4,1170.0,4,4,4,444,Champions,0,1524,45,16.027397260273972,0.00026730198009050155,0,Low Risk
14777,39,1,307.56,3,1,2,312,Lost Customers,0,212,16,19.2225,0.0018120400002381808,0,Low Risk
14783,295,1,307.3,1,1,2,112,Lost Customers,1,262,17,18.076470588235296,0.9999999999539138,1,High Risk
14784,25,1,159.94,4,1,1,411,Potential Loyalists,0,126,12,13.328333333333333,0.00035398851361848294,0,Low Risk
14786,186,1,90.96,1,1,1,111,Lost Customers,1,112,7,12.994285714285713,0.999983410641327,1,High Risk
14787,107,1,110.65,2,1,1,211,Lost Customers,1,59,14,7.376666666666667,0.8453427696764586,1,High Risk
14788,232,1,476.88,1,1,2,112,Lost Customers,1,298,28,17.03142857142857,0.9999999216367274,1,High Risk
14790,10,6,1781.56,5,4,4,544,Champions,0,1943,52,17.995555555555555,5.9400797508658444e-05,0,Low Risk
14791,242,1,303.63,1,1,2,112,Lost Customers,1,127,19,15.980526315789474,0.9999999764932169,1,High Risk
14793,171,1,396.91,2,1,2,212,Lost Customers,1,270,25,15.8764,0.9998983431429672,1,High Risk
14794,38,3,633.99,3,3,3,333,Lost Customers,0,110,23,26.41625,0.0016841664049404832,0,Low Risk
14796,2,11,2865.05,5,5,5,555,Champions,0,1627,195,6.9709245742092465,1.925891029325356e-05,0,Low Risk
14797,143,1,300.31,2,1,2,212,Lost Customers,1,99,16,18.769375,0.9973422780224747,1,High Risk
14798,17,5,550.5699999999999,4,4,3,443,Loyal Customers,0,451,22,14.880270270270268,0.00014924112913666739,0,Low Risk
14799,373,1,180.45,1,1,1,111,Lost Customers,1,349,10,18.044999999999998,0.9999999999999953,1,High Risk
14800,5,6,3415.38,5,4,5,545,Champions,0,3294,175,12.743955223880597,2.3447533169970946e-05,0,Low Risk
14802,74,2,1502.98,2,3,4,234,At Risk,0,2,1,751.49,0.10593260367438073,0,Low Risk
14805,40,3,536.15,3,3,3,333,Lost Customers,0,302,72,6.619135802469136,0.0018813513356903298,0,Low Risk
14806,75,1,110.03999999999999,2,1,1,211,Lost Customers,0,93,9,12.226666666666667,0.1134999761204788,0,Low Risk
14807,26,2,504.14,4,3,3,433,Loyal Customers,0,234,37,13.266842105263157,0.00038456607661955193,0,Low Risk
14809,257,2,686.76,1,3,3,133,At Risk,1,232,18,38.153333333333336,0.9999999960821957,1,High Risk
14810,5,3,446.59,5,3,2,532,Loyal Customers,0,230,51,6.472318840579709,3.235700122407076e-05,0,Low Risk
14811,23,1,170.5,4,1,1,411,Potential Loyalists,0,74,28,6.089285714285714,0.0002698956661956615,0,Low Risk
14812,234,1,178.85,1,1,1,111,Lost Customers,1,135,36,4.968055555555555,0.9999999372299887,1,High Risk
14813,5,4,888.91,5,4,3,543,Loyal Customers,0,392,110,6.4413768115942025,2.8761837854848545e-05,0,Low Risk
14814,217,1,154.21,1,1,1,111,Lost Customers,1,93,28,5.140333333333333,0.9999995457146506,1,High Risk
14817,31,5,2849.52,4,4,5,445,Champions,0,1807,107,17.06299401197605,0.0006036820960593708,0,Low Risk
14818,94,3,495.76,2,3,2,232,At Risk,1,219,52,8.852857142857143,0.5323554751263752,1,Medium Risk
14819,130,2,184.34,2,3,1,231,At Risk,1,61,40,4.49609756097561,0.9875134017168503,1,High Risk
14820,16,5,767.47,4,4,3,443,Loyal Customers,0,471,31,21.927714285714288,0.00012981992824572213,0,Low Risk
14821,2,7,1230.15,5,5,4,554,Champions,0,459,65,17.82826086956522,2.4440298085875217e-05,0,Low Risk
14822,121,1,157.70000000000002,2,1,1,211,Lost Customers,1,94,9,17.522222222222226,0.9663019595201576,1,High Risk
14824,15,6,2895.2000000000003,5,4,5,545,Champions,0,1429,76,22.443410852713182,0.00010335284619918788,0,Low Risk
14825,4,13,2698.17,5,5,5,555,Champions,0,1857,129,14.276031746031746,2.9894453810012482e-05,0,Low Risk
14826,217,2,385.2,1,3,2,132,At Risk,1,152,10,38.519999999999996,0.9999995759452456,1,High Risk
14827,301,1,0.0,1,1,1,111,Lost Customers,1,5,1,0.0,0.9999999999783067,1,High Risk
14828,24,10,7699.7,4,5,5,455,Champions,0,7546,65,91.66309523809524,0.00027342079209651644,0,Low Risk
14829,8,4,995.29,5,4,4,544,Champions,0,695,61,14.636617647058824,4.548586930162193e-05,0,Low Risk
14831,316,3,1676.57,1,3,4,134,At Risk,1,885,67,20.445975609756097,0.9999999999957647,1,High Risk
14832,266,1,322.69,1,1,2,112,Lost Customers,1,1,1,322.69,0.9999999986608676,1,High Risk
14833,134,1,94.8,2,1,1,211,Lost Customers,1,58,7,13.542857142857143,0.9925454715783698,1,High Risk
14834,43,1,485.86,3,1,2,312,Lost Customers,0,138,20,24.293,0.0028796571909786685,0,Low Risk
14835,164,2,297.0,2,3,2,232,At Risk,1,180,1,148.5,0.9997875036411338,1,High Risk
14837,78,5,1810.82,2,4,4,244,At Risk,0,1594,91,17.928910891089107,0.13714522439469648,0,Low Risk
14838,59,2,769.9200000000001,3,3,3,333,Lost Customers,0,361,69,10.998857142857144,0.016933504637703815,0,Low Risk
14839,54,3,915.28,3,3,3,333,Lost Customers,0,927,61,12.368648648648648,0.009719373127388105,0,Low Risk
14840,175,1,299.86,2,1,2,212,Lost Customers,1,148,18,16.65888888888889,0.9999378269767801,1,High Risk
14841,10,8,3867.2400000000002,5,5,5,555,Champions,0,2386,129,23.871851851851854,5.169583906801723e-05,0,Low Risk
14843,72,1,211.79999999999998,2,1,1,211,Lost Customers,0,132,9,23.53333333333333,0.08242480556138955,0,Low Risk
14844,66,6,3512.62,3,5,5,355,Lost Customers,0,2536,98,23.89537414965986,0.036571510570781576,0,Low Risk
14845,235,1,150.0,1,1,1,111,Lost Customers,1,600,1,150.0,0.9999999475845992,1,High Risk
14846,63,1,437.4,3,1,2,312,Lost Customers,0,193,12,36.449999999999996,0.02995154751795597,0,Low Risk
14847,43,2,1039.55,3,3,4,334,Lost Customers,0,413,47,21.21530612244898,0.002752334243456167,0,Low Risk
14848,40,1,310.56,3,1,2,312,Lost Customers,0,260,11,28.232727272727274,0.002058056936986546,0,Low Risk
14849,9,21,7832.91,5,5,5,555,Champions,0,6332,182,21.34307901907357,5.068621164691642e-05,0,Low Risk
14850,53,6,1445.21,3,5,4,354,Lost Customers,0,1100,120,8.30580459770115,0.008137677781822244,0,Low Risk
14851,266,1,318.06,1,1,2,112,Lost Customers,1,306,14,22.71857142857143,0.9999999986104644,1,High Risk
14852,60,12,3295.7400000000002,3,5,5,355,Lost Customers,0,2619,73,19.85385542168675,0.022928314638187425,0,Low Risk
14853,59,3,901.0699999999999,3,3,3,333,Lost Customers,0,263,19,40.95772727272727,0.019642536832445635,0,Low Risk
14854,26,4,1563.03,4,4,4,444,Champions,0,1167,75,17.761704545454545,0.0003594130485931204,0,Low Risk
14855,110,5,5874.65,2,4,5,245,At Risk,1,3243,156,31.41524064171123,0.8478088509064037,1,High Risk
14857,78,5,2478.731,2,4,5,245,At Risk,0,1617,125,16.200856209150327,0.1279319372311383,0,Low Risk
14858,141,1,180.75,2,1,1,211,Lost Customers,1,105,11,16.431818181818183,0.9966776553715864,1,High Risk
14859,190,1,351.9,1,1,2,112,Lost Customers,1,217,8,43.9875,0.999989571678989,1,High Risk
14861,16,9,1254.94,4,5,4,454,Champions,0,959,58,15.68675,0.0001338717760811132,0,Low Risk
14865,8,3,77.52000000000001,5,3,1,531,Loyal Customers,0,192,3,15.504000000000001,5.165717381343748e-05,0,Low Risk
14866,2,8,6460.32,5,5,5,555,Champions,0,2481,13,170.00842105263158,2.663354428846484e-05,0,Low Risk
14867,31,13,2241.78,4,5,5,455,Champions,0,668,53,22.19584158415842,0.0008971923343376893,0,Low Risk
14868,16,4,1230.42,4,4,4,444,Champions,0,825,56,18.3644776119403,0.0001174447346130603,0,Low Risk
14869,24,4,2056.69,4,4,4,444,Champions,0,1581,136,11.820057471264368,0.00024203679223648922,0,Low Risk
14870,49,5,1511.7,3,4,4,344,Lost Customers,0,364,34,29.071153846153848,0.006255049944126095,0,Low Risk
14871,129,5,726.89,2,4,3,243,At Risk,1,267,73,7.196930693069307,0.9859647544936239,1,High Risk
14872,119,3,816.6,2,3,3,233,At Risk,1,662,34,18.990697674418605,0.956776901356206,1,High Risk
14873,269,1,334.45,1,1,2,112,Lost Customers,1,143,21,15.926190476190476,0.9999999990136377,1,High Risk
14874,171,1,116.18,2,1,1,211,Lost Customers,1,148,6,19.363333333333333,0.999903226971488,1,High Risk
14875,77,1,1397.08,2,1,4,214,Lost Customers,0,774,42,33.26380952380952,0.12762259808881052,0,Low Risk
14876,157,2,256.7,2,3,2,232,At Risk,1,162,12,19.746153846153845,0.9995046423546974,1,High Risk
14877,54,2,425.85,3,3,2,332,Lost Customers,0,168,57,6.7595238095238095,0.009811410093419562,0,Low Risk
14878,12,16,2600.41,5,5,5,555,Champions,0,1617,122,10.527975708502023,8.554398598799632e-05,0,Low Risk
14879,320,1,185.06,1,1,1,111,Lost Customers,1,104,27,6.854074074074074,0.9999999999975222,1,High Risk
14882,26,12,2956.9500000000003,4,5,5,455,Champions,0,1456,31,54.75833333333334,0.0004960739093319097,0,Low Risk
14884,305,1,120.6,1,1,1,111,Lost Customers,1,72,8,15.075,0.9999999999861857,1,High Risk
14885,63,2,832.8,3,3,3,333,Lost Customers,0,584,16,52.05,0.030075944044157032,0,Low Risk
14890,254,2,691.6,1,3,3,133,At Risk,1,585,49,13.832,0.9999999939158712,1,High Risk
14891,52,2,552.35,3,3,3,333,Lost Customers,0,283,29,18.41166666666667,0.008267859729348523,0,Low Risk
14892,326,1,202.35000000000002,1,1,1,111,Lost Customers,1,79,13,15.565384615384618,0.9999999999988181,1,High Risk
14893,253,1,571.76,1,1,3,113,Lost Customers,1,248,33,17.326060606060604,0.9999999933099679,1,High Risk
14894,79,2,837.0600000000001,2,3,3,233,At Risk,0,338,23,36.393913043478264,0.16824853602409248,0,Low Risk
14895,19,18,13980.83,4,5,5,455,Champions,0,5863,265,34.77818407960199,0.00012834479943971683,0,Low Risk
14896,1,7,1614.45,5,5,4,554,Champions,0,836,140,6.671280991735538,1.792445638766116e-05,0,Low Risk
14897,45,4,1774.16,3,4,4,344,Lost Customers,0,694,61,24.641111111111112,0.003528830340407509,0,Low Risk
14898,7,9,2195.14,5,5,5,555,Champions,0,1224,124,11.86562162162162,3.937164875268e-05,0,Low Risk
14899,31,1,1331.38,4,1,4,414,Potential Loyalists,0,570,126,10.32077519379845,0.0005385244253663219,0,Low Risk
14900,158,1,13.919999999999998,2,1,1,211,Lost Customers,1,48,1,13.919999999999998,0.9995604568307215,1,High Risk
14901,2,5,860.11,5,4,3,543,Loyal Customers,0,387,60,12.287285714285714,2.3422797934004302e-05,0,Low Risk
14902,31,2,702.96,4,3,3,433,Loyal Customers,0,498,34,18.024615384615384,0.0006905095830517905,0,Low Risk
14904,44,2,605.05,3,3,3,333,Lost Customers,0,537,62,8.403472222222222,0.0029690881075705375,0,Low Risk
14905,10,6,1355.24,5,5,4,554,Champions,0,722,39,22.21704918032787,6.415853676469201e-05,0,Low Risk
14906,81,1,68.44,2,1,1,211,Lost Customers,0,1,1,68.44,0.20945967875092653,0,Low Risk
14907,3,10,2664.69,5,5,5,555,Champions,0,1126,79,20.34114503816794,2.8306745108532538e-05,0,Low Risk
14908,99,1,104.10000000000001,2,1,1,211,Lost Customers,1,50,5,20.82,0.6854554758089202,1,Medium Risk
14909,73,3,1404.68,2,3,4,234,At Risk,0,888,61,17.558500000000002,0.08425666026712562,0,Low Risk
14911,1,205,152121.22,5,5,5,555,Champions,0,69709,1741,27.320621408045977,1.099689327374303e-05,0,Low Risk
14912,37,4,1021.4,3,4,4,344,Lost Customers,0,848,28,28.37222222222222,0.0014807090062196526,0,Low Risk
14913,24,4,2845.7,4,4,5,445,Champions,0,2212,124,17.785625,0.00024357842067381972,0,Low Risk
14915,11,9,1503.77,5,5,4,554,Champions,0,595,56,19.279102564102566,7.581144246884634e-05,0,Low Risk
14916,67,4,1773.97,3,4,4,344,Lost Customers,0,1279,52,31.122280701754388,0.0449407245870333,0,Low Risk
14917,232,2,1123.75,1,3,4,134,At Risk,1,891,29,38.75,0.9999999219659027,1,High Risk
14918,40,7,4345.66,3,5,5,355,Lost Customers,0,1876,64,45.267291666666665,0.0020394668640746007,0,Low Risk
14919,175,1,359.35,2,1,2,212,Lost Customers,1,129,13,27.642307692307693,0.9999386073280536,1,High Risk
14920,201,1,629.4,1,1,3,113,Lost Customers,1,377,40,15.735,0.9999968989042197,1,High Risk
14922,29,2,843.74,4,3,3,433,Loyal Customers,0,376,49,16.8748,0.0005293392546241712,0,Low Risk
14924,246,2,620.96,1,3,3,133,At Risk,1,248,20,29.56952380952381,0.9999999856319624,1,High Risk
14926,17,2,359.4,4,3,2,432,Loyal Customers,0,204,2,119.8,0.00014486783940986857,0,Low Risk
14927,32,1,308.2,4,1,2,412,Potential Loyalists,0,196,20,15.41,0.0007890920663941031,0,Low Risk
14928,263,1,223.91000000000003,1,1,1,111,Lost Customers,1,268,21,10.662380952380953,0.9999999979919318,1,High Risk
14929,57,1,612.8100000000001,3,1,3,313,Lost Customers,0,351,23,26.643913043478264,0.014552732020836146,0,Low Risk
14930,106,3,2873.77,2,3,5,235,At Risk,1,1033,129,19.03158940397351,0.7912426390615008,1,High Risk
14932,1,2,666.13,5,3,3,533,Loyal Customers,0,257,29,20.8165625,2.069651060143993e-05,0,Low Risk
14933,79,4,1770.0,2,4,4,244,At Risk,0,600,1,442.5,0.18171780046860161,0,Low Risk
14934,14,3,1612.56,5,3,4,534,Loyal Customers,0,1058,66,16.45469387755102,8.742441795691107e-05,0,Low Risk
14935,255,1,1065.12,1,1,4,114,Lost Customers,1,996,16,66.57,0.9999999947759466,1,High Risk
14936,26,4,4273.79,4,4,5,445,Champions,0,2189,129,26.21957055214724,0.00030597884682572114,0,Low Risk
14938,198,2,2322.43,1,3,5,135,At Risk,1,1369,71,32.710281690140846,0.9999952196860804,1,High Risk
14940,53,2,531.49,3,3,3,333,Lost Customers,0,384,32,16.6090625,0.009188805790143577,0,Low Risk
14941,214,1,182.1,1,1,1,111,Lost Customers,1,80,7,26.014285714285712,0.9999993851857868,1,High Risk
14942,37,4,746.56,3,4,3,343,Lost Customers,0,354,12,39.292631578947365,0.0015664162285052535,0,Low Risk
14943,299,1,107.62,1,1,1,111,Lost Customers,1,46,5,21.524,0.9999999999722413,1,High Risk
14944,25,7,3884.42,4,5,5,455,Champions,0,2049,110,29.206165413533835,0.00031105564611409823,0,Low Risk
14945,49,1,179.4,3,1,1,311,Lost Customers,0,156,11,16.30909090909091,0.005933051072713329,0,Low Risk
14947,24,4,758.97,4,4,3,443,Loyal Customers,0,237,37,18.97425,0.00032172703069485877,0,Low Risk
14949,105,4,515.0,2,4,3,243,At Risk,1,250,16,19.074074074074073,0.8229493639142224,1,High Risk
14952,32,21,9529.86,4,5,5,455,Champions,0,3622,141,56.38970414201184,0.0009322502213031642,0,Low Risk
14953,54,3,685.65,3,3,3,333,Lost Customers,0,790,153,3.58979057591623,0.007854438364366273,0,Low Risk
14954,339,1,167.27,1,1,1,111,Lost Customers,1,92,41,4.079756097560976,0.999999999999726,1,High Risk
14955,368,1,163.77,1,1,1,111,Lost Customers,1,74,30,5.282903225806452,0.9999999999999911,1,High Risk
14956,57,1,1325.0,3,1,4,314,Lost Customers,0,2500,4,331.25,0.0139644119445961,0,Low Risk
14957,280,1,203.2,1,1,1,111,Lost Customers,1,63,15,12.7,0.9999999997341735,1,High Risk
14958,231,3,458.26,1,3,2,132,At Risk,1,120,26,15.275333333333332,0.9999999176455981,1,High Risk
14961,15,13,9365.47,5,5,5,555,Champions,0,4664,212,26.160530726256983,8.173404861906896e-05,0,Low Risk
14962,175,3,240.21000000000004,2,3,1,231,At Risk,1,79,9,26.690000000000005,0.9999426132414091,1,High Risk
14963,15,7,1651.23,5,5,4,554,Champions,0,1128,193,5.814190140845071,8.106916521592185e-05,0,Low Risk
14966,23,5,881.24,4,4,3,443,Loyal Customers,0,881,93,7.6629565217391304,0.00025117509858729997,0,Low Risk
14967,77,5,1518.81,2,4,4,244,At Risk,0,512,19,66.03521739130434,0.1487122738149497,0,Low Risk
14968,94,1,353.65,2,1,2,212,Lost Customers,1,130,47,7.524468085106382,0.5220616835307885,1,Medium Risk
14969,339,1,906.23,1,1,3,113,Lost Customers,1,665,13,69.71000000000001,0.9999999999997382,1,High Risk
14970,45,8,3327.29,3,5,5,355,Lost Customers,0,732,54,42.11759493670886,0.004024592318308892,0,Low Risk
14972,17,1,30.300000000000004,4,1,1,411,Potential Loyalists,0,12,2,15.150000000000002,0.00014205842962306174,0,Low Risk
14975,57,1,192.45,3,1,1,311,Lost Customers,0,127,15,12.83,0.014943002290569723,0,Low Risk
14977,361,1,31.929999999999996,1,1,1,111,Lost Customers,1,17,4,7.982499999999999,0.9999999999999811,1,High Risk
14978,66,5,1190.82,3,4,4,344,Lost Customers,0,213,56,15.668684210526315,0.04247117043994803,0,Low Risk
14979,371,1,429.66,1,1,2,112,Lost Customers,1,209,42,8.768571428571429,0.9999999999999936,1,High Risk
14980,373,1,150.68,1,1,1,111,Lost Customers,1,79,24,6.278333333333333,0.9999999999999951,1,High Risk
14981,59,1,270.8,3,1,2,312,Lost Customers,0,144,14,19.342857142857145,0.018865992838959574,0,Low Risk
14982,208,1,237.78,1,1,1,111,Lost Customers,1,125,39,6.096923076923077,0.999998654130661,1,High Risk
14983,325,1,183.20000000000002,1,1,1,111,Lost Customers,1,90,30,6.106666666666667,0.9999999999986149,1,High Risk
14984,24,4,1058.1399999999999,4,4,4,444,Champions,0,290,11,70.54266666666666,0.00034157496517175364,0,Low Risk
14986,12,2,563.1,5,3,3,533,Loyal Customers,0,338,87,5.745918367346939,6.55169100772543e-05,0,Low Risk
14987,1,7,1387.4499999999998,5,5,4,554,Champions,0,543,4,106.72692307692306,2.5021386312068245e-05,0,Low Risk
14988,16,6,1704.11,4,5,4,454,Champions,0,1119,140,8.739025641025641,0.00010066581326830044,0,Low Risk
14989,297,1,342.4,1,1,2,112,Lost Customers,1,200,18,19.022222222222222,0.9999999999635794,1,High Risk
14990,248,2,304.17,1,3,2,132,At Risk,1,129,41,7.242142857142857,0.9999999881095577,1,High Risk
14991,66,1,314.67,3,1,2,312,Lost Customers,0,191,21,14.984285714285715,0.041241862376571736,0,Low Risk
14992,78,1,210.5,2,1,1,211,Lost Customers,0,145,27,7.796296296296297,0.1484022342988945,0,Low Risk
14993,199,1,36.13,1,1,1,111,Lost Customers,1,21,9,3.6130000000000004,0.9999964010083424,1,High Risk
14994,18,5,946.72,4,4,3,443,Loyal Customers,0,568,233,3.1348344370860928,0.00010109815044445015,0,Low Risk
14996,117,2,442.28999999999996,2,3,2,232,At Risk,1,404,37,10.787560975609756,0.9445737236869359,1,High Risk
14997,291,1,230.4,1,1,1,111,Lost Customers,1,288,12,19.2,0.9999999999270053,1,High Risk
14998,64,2,338.31,3,3,2,332,Lost Customers,0,94,49,6.633529411764706,0.03179289392798488,0,Low Risk
14999,228,1,129.48000000000002,1,1,1,111,Lost Customers,1,88,9,14.386666666666668,0.9999998809739108,1,High Risk
15001,30,2,199.10999999999999,4,3,1,431,Loyal Customers,0,70,44,4.328478260869565,0.0006087443654774511,0,Low Risk
15002,3,6,3127.9700000000003,5,5,5,555,Champions,0,1631,172,12.363517786561266,1.989094198419719e-05,0,Low Risk
15003,109,6,1027.03,2,5,4,254,At Risk,1,525,253,3.1216717325227963,0.8158327192894197,1,High Risk
15005,2,29,7681.71,5,5,5,555,Champions,0,4554,409,5.8954029163468915,1.7356787809562426e-05,0,Low Risk
15006,89,1,277.4,2,1,2,212,Lost Customers,0,101,47,5.547999999999999,0.37778512774215356,0,Low Risk
15008,116,2,360.0,2,3,2,232,At Risk,1,1500,6,30.0,0.9398573910460387,1,High Risk
15011,31,2,416.6,4,3,2,432,Loyal Customers,0,289,17,20.830000000000002,0.0007243149225006657,0,Low Risk
15012,9,2,429.78,5,3,2,532,Loyal Customers,0,242,107,3.5519008264462806,4.4036322536399156e-05,0,Low Risk
15013,123,10,1610.82,2,5,4,254,At Risk,1,1715,177,4.737705882352941,0.9672335793516166,1,High Risk
15015,137,13,2354.97,2,5,5,255,At Risk,1,1584,158,8.010102040816326,0.994341959028468,1,High Risk
15016,29,4,450.85,4,4,2,442,Loyal Customers,0,167,77,5.304117647058824,0.0005275619296959866,0,Low Risk
15018,3,1,111.25,5,1,1,511,Potential Loyalists,0,21,5,22.25,2.7165405171922687e-05,0,Low Risk
15020,15,1,198.47,5,1,1,511,Potential Loyalists,0,111,27,7.350740740740741,0.0001054329916200813,0,Low Risk
15021,2,4,826.91,5,4,3,543,Loyal Customers,0,350,154,3.626798245614035,1.8220416467819488e-05,0,Low Risk
15022,313,1,281.05,1,1,2,112,Lost Customers,1,113,19,14.792105263157895,0.9999999999944602,1,High Risk
15023,5,10,5287.64,5,5,5,555,Champions,0,2157,264,12.04473804100228,2.2291547447176005e-05,0,Low Risk
15024,3,8,2414.18,5,5,5,555,Champions,0,1281,120,11.176759259259258,2.410268985984705e-05,0,Low Risk
15025,204,1,617.83,1,1,3,113,Lost Customers,1,319,72,8.580972222222222,0.9999976535345271,1,High Risk
15026,11,2,579.89,5,3,3,533,Loyal Customers,0,370,65,7.531038961038961,6.131303334669314e-05,0,Low Risk
15027,31,6,2129.45,4,5,4,454,Champions,0,2217,46,38.02589285714286,0.0007051794614458111,0,Low Risk
15028,4,3,521.78,5,3,3,533,Loyal Customers,0,333,45,7.673235294117647,2.90704992395241e-05,0,Low Risk
15029,255,1,365.1,1,1,2,112,Lost Customers,1,234,10,36.510000000000005,0.9999999949930631,1,High Risk
15030,16,6,1461.63,4,5,4,454,Champions,0,853,19,56.21653846153846,0.00013556676752234136,0,Low Risk
15031,30,10,2449.75,4,5,5,455,Champions,0,1176,187,8.595614035087719,0.0005225126573063849,0,Low Risk
15032,2,7,8821.55,5,5,5,555,Champions,0,5291,39,120.8431506849315,2.1993903938333983e-05,0,Low Risk
15034,22,6,3957.04,4,5,5,455,Champions,0,2335,231,10.931049723756907,0.00015751406512142625,0,Low Risk
15037,12,2,397.76,5,3,2,532,Loyal Customers,0,298,40,8.83911111111111,7.337480406110603e-05,0,Low Risk
15038,5,4,579.67,5,4,3,543,Loyal Customers,0,212,119,4.082183098591549,2.8323456433099795e-05,0,Low Risk
15039,4,47,19960.3,5,5,5,555,Champions,0,8905,389,15.692059748427672,3.345147464131806e-05,0,Low Risk
15040,177,1,7.49,1,1,1,111,Lost Customers,1,1,1,7.49,0.9999530536800364,1,High Risk
15041,80,1,109.47,2,1,1,211,Lost Customers,0,91,35,2.8807894736842106,0.17812364320564605,0,Low Risk
15042,231,1,179.52,1,1,1,111,Lost Customers,1,208,4,44.88,0.9999999169383038,1,High Risk
15043,99,5,2333.3199999999997,2,4,5,245,At Risk,1,719,39,48.610833333333325,0.6878872134304128,1,Medium Risk
15044,15,18,8389.42,5,5,5,555,Champions,0,2456,202,18.560663716814158,0.00010469121863430244,0,Low Risk
15046,61,10,2533.37,3,5,5,355,Lost Customers,0,1213,139,13.126269430051813,0.02196542608508582,0,Low Risk
15048,4,1,98.7,5,1,1,511,Potential Loyalists,0,32,23,4.291304347826087,2.9267646971125893e-05,0,Low Risk
15050,57,2,2349.5,3,3,5,335,Lost Customers,0,1384,58,32.18493150684932,0.013308744986706525,0,Low Risk
15051,15,6,2543.55,5,5,5,555,Champions,0,2042,113,17.3030612244898,9.230815570319278e-05,0,Low Risk
15055,110,3,549.12,2,3,3,233,At Risk,1,225,77,6.779259259259259,0.8756774016340455,1,High Risk
15056,156,1,113.64999999999999,2,1,1,211,Lost Customers,1,69,6,18.941666666666666,0.9994368944077898,1,High Risk
15057,79,3,1766.46,2,3,4,234,At Risk,0,726,38,39.254666666666665,0.165453099715498,0,Low Risk
15058,12,5,1285.04,5,4,4,544,Champions,0,591,52,15.864691358024691,7.689351239598019e-05,0,Low Risk
15059,12,10,2153.48,5,5,5,555,Champions,0,995,210,6.117840909090909,5.9909670048925895e-05,0,Low Risk
15061,3,86,83284.38,5,5,5,555,Champions,0,51791,116,142.6102397260274,3.8834677542083244e-05,0,Low Risk
15062,59,4,1597.76,3,4,4,344,Lost Customers,0,1109,75,15.664313725490196,0.017189595679255966,0,Low Risk
15064,46,4,1254.41,3,4,4,344,Lost Customers,0,810,75,15.486543209876544,0.0038155488395424444,0,Low Risk
15065,46,1,168.73,3,1,1,311,Lost Customers,0,63,11,15.339090909090908,0.0041910683744036175,0,Low Risk
15067,49,2,2118.12,3,3,4,334,Lost Customers,0,1197,94,22.296,0.0048386009608625755,0,Low Risk
15068,54,2,621.54,3,3,3,333,Lost Customers,0,468,104,5.452105263157894,0.008683140596861795,0,Low Risk
15070,8,3,737.0500000000001,5,3,3,533,Loyal Customers,0,347,26,22.334848484848486,4.868818579992944e-05,0,Low Risk
15071,22,2,473.49,4,3,2,432,Loyal Customers,0,147,27,16.910357142857144,0.00024685052090804154,0,Low Risk
15072,115,1,187.51999999999998,2,1,1,211,Lost Customers,1,164,13,14.424615384615382,0.9332716270814669,1,High Risk
15073,36,5,1744.61,3,4,4,344,Lost Customers,0,919,89,16.615333333333332,0.0011702145887720573,0,Low Risk
15074,65,2,817.46,3,3,3,333,Lost Customers,0,608,31,26.36967741935484,0.03645632215869288,0,Low Risk
15076,128,2,566.89,2,3,3,233,At Risk,1,295,30,18.286774193548386,0.9844938319843364,1,High Risk
15077,130,2,2428.08,2,3,5,235,At Risk,1,528,28,75.8775,0.9877038305330785,1,High Risk
15078,4,23,8018.77,5,5,5,555,Champions,0,3885,58,22.716062322946176,4.404661478093431e-05,0,Low Risk
15079,1,8,2871.74,5,5,5,555,Champions,0,1115,83,29.3034693877551,2.096382964661008e-05,0,Low Risk
15080,63,2,546.25,3,3,3,333,Lost Customers,0,287,31,17.620967741935484,0.029370573154224203,0,Low Risk
15081,3,8,1460.92,5,5,4,554,Champions,0,616,58,19.222631578947368,2.8596802257574265e-05,0,Low Risk
15082,304,1,93.35000000000001,1,1,1,111,Lost Customers,1,43,6,15.558333333333335,0.999999999984551,1,High Risk
15084,15,2,965.2,5,3,3,533,Loyal Customers,0,600,31,31.135483870967743,0.00010557792828829322,0,Low Risk
15085,365,1,347.54,1,1,2,112,Lost Customers,1,169,9,38.61555555555556,0.999999999999988,1,High Risk
15086,200,2,218.53,1,3,1,131,At Risk,1,95,10,19.866363636363637,0.9999968735019689,1,High Risk
15091,310,2,565.9,1,3,3,133,At Risk,1,236,27,20.95925925925926,0.9999999999921545,1,High Risk
15092,98,1,318.65,2,1,2,212,Lost Customers,1,95,19,16.771052631578947,0.6517691501683279,1,Medium Risk
15093,8,18,9729.09,5,5,5,555,Champions,0,7897,86,43.433437500000004,4.9264096917507976e-05,0,Low Risk
15094,99,2,83.0,2,3,1,231,At Risk,1,28,4,16.6,0.6921899106982536,1,Medium Risk
15095,56,6,1771.04,3,5,4,354,Lost Customers,0,1154,60,23.00051948051948,0.013277840374812614,0,Low Risk
15097,219,2,660.27,1,3,3,133,At Risk,1,254,39,16.104146341463416,0.9999996398317068,1,High Risk
15100,2,6,2018.6999999999998,5,5,4,554,Champions,0,254,11,134.57999999999998,2.724694312774719e-05,0,Low Risk
15101,151,4,1160.41,2,4,4,244,At Risk,1,435,48,23.2082,0.9989585918445185,1,High Risk
15102,166,2,554.67,2,3,3,233,At Risk,1,339,26,20.543333333333333,0.9998211972187149,1,High Risk
15105,66,2,795.98,3,3,3,333,Lost Customers,0,536,50,15.9196,0.03919171582350641,0,Low Risk
15107,8,4,620.85,5,4,3,543,Loyal Customers,0,187,28,20.02741935483871,5.013531874679935e-05,0,Low Risk
15109,215,2,498.15000000000003,1,3,2,132,At Risk,1,127,18,24.907500000000002,0.9999994539586421,1,High Risk
15110,39,2,509.75,3,3,3,333,Lost Customers,0,91,14,28.319444444444443,0.0018821225043589378,0,Low Risk
15111,8,3,1163.39,5,3,4,534,Loyal Customers,0,454,60,17.36402985074627,4.476371675853584e-05,0,Low Risk
15112,247,1,209.4,1,1,1,111,Lost Customers,1,72,7,29.914285714285715,0.9999999873351465,1,High Risk
15114,19,2,639.56,4,3,3,433,Loyal Customers,0,436,33,18.810588235294116,0.00016915981668783978,0,Low Risk
15115,368,1,191.74,1,1,1,111,Lost Customers,1,88,14,13.695714285714287,0.9999999999999916,1,High Risk
15117,84,3,934.19,2,3,3,233,At Risk,0,1145,46,17.96519230769231,0.2559194088379949,0,Low Risk
15122,58,8,2853.4900000000002,3,5,5,355,Lost Customers,0,1233,107,19.679241379310348,0.01584596211919562,0,Low Risk
15123,57,3,2456.86,3,3,5,335,Lost Customers,0,1329,66,31.90727272727273,0.013460463179189384,0,Low Risk
15124,112,2,266.63,2,3,2,232,At Risk,1,229,16,16.664375,0.9091907251462412,1,High Risk
15125,115,9,5496.39,2,5,5,255,At Risk,1,2240,72,48.640619469026554,0.9344059693628914,1,High Risk
15126,172,2,449.49,2,3,2,232,At Risk,1,273,25,17.9796,0.9999121327205748,1,High Risk
15127,155,1,304.97,2,1,2,212,Lost Customers,1,213,12,25.41416666666667,0.9993541814820528,1,High Risk
15128,66,1,312.68,3,1,2,312,Lost Customers,0,240,21,14.88952380952381,0.041166716995530164,0,Low Risk
15129,21,12,3412.78,4,5,5,455,Champions,0,2208,56,27.746178861788618,0.0002525846978448042,0,Low Risk
15131,30,1,80.28,4,1,1,411,Potential Loyalists,0,88,7,11.468571428571428,0.000645745928162163,0,Low Risk
15133,18,2,824.48,4,3,3,433,Loyal Customers,0,280,20,41.224000000000004,0.0001560840546308912,0,Low Risk
15134,17,2,208.3,4,3,1,431,Loyal Customers,0,170,12,17.358333333333334,0.0001418615014454374,0,Low Risk
15135,192,1,166.63,1,1,1,111,Lost Customers,1,41,11,15.148181818181818,0.9999917554741375,1,High Risk
15137,156,2,823.4,2,3,3,233,At Risk,1,596,34,24.21764705882353,0.9994037531260442,1,High Risk
15138,29,1,502.52,4,1,3,413,Potential Loyalists,0,300,31,16.210322580645162,0.0005383148823510525,0,Low Risk
15140,78,1,889.44,2,1,3,213,Lost Customers,0,438,32,27.795,0.145674158939389,0,Low Risk
15141,93,7,1388.47,2,5,4,254,At Risk,1,1197,44,17.355875,0.5270190168452531,1,Medium Risk
15142,46,5,2121.18,3,4,4,344,Lost Customers,0,1790,97,18.28603448275862,0.003594355311980971,0,Low Risk
15143,68,1,304.18,3,1,2,312,Lost Customers,0,170,17,17.89294117647059,0.052122873866006156,0,Low Risk
15144,15,12,5579.87,5,5,5,555,Champions,0,2201,98,42.271742424242426,0.00011350890562313409,0,Low Risk
15149,212,4,1033.81,1,4,4,144,At Risk,1,252,44,22.47413043478261,0.9999992157885998,1,High Risk
15150,92,3,3686.61,2,3,5,235,At Risk,1,2525,231,15.890560344827588,0.3512364355690126,0,Low Risk
15151,59,2,2085.61,3,3,4,334,Lost Customers,0,795,56,36.58964912280702,0.01722705865632932,0,Low Risk
15152,337,1,518.14,1,1,3,113,Lost Customers,1,290,29,17.86689655172414,0.9999999999996609,1,High Risk
15154,114,2,1089.44,2,3,4,234,At Risk,1,244,101,10.680784313725491,0.9119702225714449,1,High Risk
15155,19,1,383.96999999999997,4,1,2,412,Potential Loyalists,0,192,24,15.99875,0.0001695189400239232,0,Low Risk
15157,205,2,718.04,1,3,3,133,At Risk,1,1074,27,26.594074074074072,0.9999981243657589,1,High Risk
15158,37,1,204.62,3,1,1,311,Lost Customers,0,21,4,51.155,0.0014838434639226025,0,Low Risk
15159,31,4,3475.7200000000003,4,4,5,445,Champions,0,2071,91,34.757200000000005,0.00060444949299808,0,Low Risk
15160,10,3,431.11,5,3,2,532,Loyal Customers,0,223,16,22.69,6.333987973816589e-05,0,Low Risk
15161,24,1,119.92,4,1,1,411,Potential Loyalists,0,144,33,3.633939393939394,0.000299135750415243,0,Low Risk
15162,367,1,312.9,1,1,2,112,Lost Customers,1,74,12,26.075,0.9999999999999905,1,High Risk
15164,25,6,1203.53,4,5,4,454,Champions,0,561,193,4.794940239043824,0.0002608888219629623,0,Low Risk
15165,9,1,487.75,5,1,2,512,Potential Loyalists,0,160,27,18.064814814814813,5.19869857774932e-05,0,Low Risk
15166,103,1,167.16,2,1,1,211,Lost Customers,1,140,12,13.93,0.7737546018238368,1,High Risk
15167,43,4,1468.82,3,4,4,344,Lost Customers,0,798,233,5.542716981132076,0.001844140062029851,0,Low Risk
15169,18,2,569.22,4,3,3,433,Loyal Customers,0,356,58,9.647796610169491,0.00014210900038600106,0,Low Risk
15170,42,1,81.15,3,1,1,311,Lost Customers,0,33,4,20.2875,0.0026683252850862394,0,Low Risk
15173,16,7,1494.6,4,5,4,454,Champions,0,840,68,17.37906976744186,0.00012420781977323122,0,Low Risk
15174,46,1,345.71,3,1,2,312,Lost Customers,0,237,23,15.03086956521739,0.0040479336565721205,0,Low Risk
15176,303,1,988.04,1,1,4,114,Lost Customers,1,448,52,19.00076923076923,0.9999999999803464,1,High Risk
15177,61,1,948.93,3,1,3,313,Lost Customers,0,485,26,36.49730769230769,0.022835412524511014,0,Low Risk
15179,28,8,5284.97,4,5,5,455,Champions,0,3478,154,23.913891402714935,0.0003894036506200578,0,Low Risk
15180,3,3,816.9300000000001,5,3,3,533,Loyal Customers,0,654,46,15.710192307692308,2.548128972900238e-05,0,Low Risk
15181,56,2,510.72,3,3,3,333,Lost Customers,0,144,4,127.68,0.01401254651334253,0,Low Risk
15182,21,9,2376.1020000000003,4,5,5,455,Champions,0,933,68,24.751062500000003,0.00023630656188691437,0,Low Risk
15183,183,3,639.93,1,3,3,133,At Risk,1,297,33,16.840263157894736,0.9999761174285486,1,High Risk
15184,23,2,283.19,4,3,2,432,Loyal Customers,0,263,19,12.872272727272728,0.0002816152160945692,0,Low Risk
15186,110,3,991.7900000000001,2,3,4,234,At Risk,1,501,22,30.054242424242428,0.8883106664048261,1,High Risk
15188,361,1,310.43,1,1,2,112,Lost Customers,1,233,23,13.496956521739131,0.9999999999999802,1,High Risk
15189,17,5,1298.99,4,4,4,444,Champions,0,753,20,44.79275862068965,0.00014844066136448467,0,Low Risk
15190,70,1,834.4399999999999,3,1,3,313,Lost Customers,0,790,40,20.860999999999997,0.06049230017829851,0,Low Risk
15191,99,3,588.05,2,3,3,233,At Risk,1,287,33,16.80142857142857,0.6814984935694023,1,Medium Risk
15192,1,3,937.07,5,3,3,533,Loyal Customers,0,726,40,17.037636363636363,2.0379401173777245e-05,0,Low Risk
15194,4,14,4811.16,5,5,5,555,Champions,0,3466,105,26.434945054945054,3.07720761655182e-05,0,Low Risk
15196,68,2,313.7,3,3,2,332,Lost Customers,0,130,34,7.469047619047619,0.05159833704999159,0,Low Risk
15197,30,3,797.9,4,3,3,433,Loyal Customers,0,589,23,29.55185185185185,0.0006459872796767778,0,Low Risk
15198,44,3,377.71,3,3,2,332,Lost Customers,0,207,20,17.986190476190476,0.0034151776225980366,0,Low Risk
15199,10,6,1853.7,5,5,4,554,Champions,0,498,17,48.78157894736842,6.827042221555753e-05,0,Low Risk
15200,130,1,549.05,2,1,3,213,Lost Customers,1,195,30,18.301666666666666,0.9874057530015986,1,High Risk
15201,75,2,606.4100000000001,2,3,3,233,At Risk,0,450,23,19.56161290322581,0.11171687772927151,0,Low Risk
15202,56,3,6001.49,3,3,5,335,Lost Customers,0,3,1,2000.4966666666667,0.014283239218912875,0,Low Risk
15203,26,9,2572.38,4,5,5,455,Champions,0,2429,108,12.797910447761195,0.0003652225166579742,0,Low Risk
15207,52,3,683.9200000000001,3,3,3,333,Lost Customers,0,428,19,28.49666666666667,0.008658842144579198,0,Low Risk
15208,59,1,100.4,3,1,1,311,Lost Customers,0,40,6,16.733333333333334,0.01929085237861918,0,Low Risk
15209,366,1,178.98000000000002,1,1,1,111,Lost Customers,1,94,13,13.76769230769231,0.9999999999999893,1,High Risk
15210,14,2,845.01,5,3,3,533,Loyal Customers,0,613,46,17.978936170212766,9.050521840340134e-05,0,Low Risk
15211,1,1,383.07,5,1,2,512,Potential Loyalists,0,117,23,16.655217391304348,2.0508509850113115e-05,0,Low Risk
15212,12,1,106.47999999999999,5,1,1,511,Potential Loyalists,0,48,5,21.296,7.822808052573908e-05,0,Low Risk
15215,29,4,1687.49,4,4,4,444,Champions,0,551,59,21.63448717948718,0.0005443393458578493,0,Low Risk
15216,254,1,389.49,1,1,2,112,Lost Customers,1,189,22,17.704090909090908,0.9999999942168747,1,High Risk
15217,199,1,426.24,1,1,2,112,Lost Customers,1,190,28,15.222857142857142,0.9999962125218268,1,High Risk
15218,25,11,5711.9400000000005,4,5,5,455,Champions,0,3201,95,24.834521739130437,0.0003469071539435245,0,Low Risk
15219,284,1,379.7,1,1,2,112,Lost Customers,1,226,17,22.33529411764706,0.9999999998321525,1,High Risk
15221,2,4,2062.2000000000003,5,4,4,544,Champions,0,244,21,71.11034482758622,2.5191680098867627e-05,0,Low Risk
15222,108,10,2965.91,2,5,5,255,At Risk,1,4018,97,22.300075187969924,0.8488736918646245,1,High Risk
15223,245,3,662.2,1,3,3,133,At Risk,1,172,12,47.300000000000004,0.9999999846260785,1,High Risk
15224,148,3,549.28,2,3,3,233,At Risk,1,291,19,26.156190476190474,0.9985834374554752,1,High Risk
15227,32,4,1269.0900000000001,4,4,4,444,Champions,0,467,54,20.4691935483871,0.0007854708878239734,0,Low Risk
15228,64,2,2193.56,3,3,5,335,Lost Customers,0,1120,94,20.12440366972477,0.027695176082452744,0,Low Risk
15229,222,1,160.5,1,1,1,111,Lost Customers,1,114,9,17.833333333333332,0.9999997586663786,1,High Risk
15231,257,1,250.26,1,1,1,111,Lost Customers,1,190,14,17.875714285714285,0.9999999960117618,1,High Risk
15233,37,1,59.400000000000006,3,1,1,311,Lost Customers,0,12,1,59.400000000000006,0.0014941572609086253,0,Low Risk
15235,5,6,690.3000000000001,5,5,3,553,Loyal Customers,0,411,43,15.688636363636364,3.5655473702552014e-05,0,Low Risk
15240,10,7,2753.41,5,5,5,555,Champions,0,1845,97,18.858972602739726,5.523148469279922e-05,0,Low Risk
15241,66,3,1293.72,3,3,4,334,Lost Customers,0,1510,56,17.482702702702703,0.03835243412289908,0,Low Risk
15242,58,1,302.04,3,1,2,312,Lost Customers,0,196,4,75.51,0.017155361561995115,0,Low Risk
15243,71,1,610.6,2,1,3,213,Lost Customers,0,358,39,15.656410256410258,0.06871427087672988,0,Low Risk
15244,302,1,280.51,1,1,2,112,Lost Customers,1,67,14,20.03642857142857,0.9999999999800662,1,High Risk
15245,38,5,2095.0,3,4,4,344,Lost Customers,0,1237,36,35.50847457627118,0.0016601062311342892,0,Low Risk
15246,191,1,266.25,1,1,2,112,Lost Customers,1,112,18,14.791666666666666,0.9999905466474637,1,High Risk
15247,113,2,620.06,2,3,3,233,At Risk,1,354,10,56.36909090909091,0.9191718096168527,1,High Risk
15248,47,3,1893.93,3,3,4,334,Lost Customers,0,1065,103,17.867264150943395,0.0038710800559390375,0,Low Risk
15249,66,5,2577.54,3,4,5,345,Lost Customers,0,1403,122,16.9575,0.03504841851080151,0,Low Risk
15250,276,1,60.0,1,1,1,111,Lost Customers,1,48,3,20.0,0.9999999995864741,1,High Risk
15251,50,10,9839.55,3,5,5,355,Lost Customers,0,5937,99,82.68529411764705,0.005719525646183584,0,Low Risk
15252,57,3,1362.63,3,3,4,334,Lost Customers,0,908,73,18.41391891891892,0.013417170736768668,0,Low Risk
15253,39,3,1136.89,3,3,4,334,Lost Customers,0,722,58,18.045873015873017,0.0017043484215704986,0,Low Risk
15254,182,2,787.99,1,3,3,133,At Risk,1,436,46,16.08142857142857,0.9999713561022174,1,High Risk
15255,32,8,2815.17,4,5,5,455,Champions,0,1725,101,19.965744680851063,0.0007517171579149402,0,Low Risk
15256,197,1,71.95,1,1,1,111,Lost Customers,1,37,4,17.9875,0.9999954967676578,1,High Risk
15257,50,1,368.75,3,1,2,312,Lost Customers,0,25,5,73.75,0.006794572026259986,0,Low Risk
15259,148,4,1182.3799999999999,2,4,4,244,At Risk,1,631,50,20.74350877192982,0.9985002488499739,1,High Risk
15260,8,20,7377.46,5,5,5,555,Champions,0,3837,161,22.982741433021808,5.067047995684942e-05,0,Low Risk
15261,17,3,1253.18,4,3,4,434,Loyal Customers,0,536,70,17.166849315068493,0.00012562367423881468,0,Low Risk
15262,16,2,239.87,4,3,1,431,Loyal Customers,0,145,14,14.991875,0.0001256567367446283,0,Low Risk
15264,166,1,454.66,2,1,2,212,Lost Customers,1,178,32,14.208125,0.9998145683459813,1,High Risk
15265,240,2,1839.52,1,3,4,134,At Risk,1,958,109,16.57225225225225,0.9999999631368246,1,High Risk
15266,15,4,732.91,5,4,3,543,Loyal Customers,0,218,36,18.792564102564103,0.00011196552156841884,0,Low Risk
15268,114,3,961.9000000000001,2,3,3,233,At Risk,1,428,21,43.722727272727276,0.9275082250138263,1,High Risk
15269,16,2,816.56,4,3,3,433,Loyal Customers,0,346,32,24.744242424242422,0.00011960934769777846,0,Low Risk
15270,36,14,6145.37,3,5,5,355,Lost Customers,0,2489,55,48.38874015748031,0.0015566161322969375,0,Low Risk
15271,1,10,2146.95,5,5,5,555,Champions,0,1239,248,6.50590909090909,1.4858586774467864e-05,0,Low Risk
15272,86,4,1309.01,2,4,4,244,At Risk,0,355,209,5.87,0.2384360006530019,0,Low Risk
15273,235,1,228.96,1,1,1,111,Lost Customers,1,216,1,228.96,0.9999999482895232,1,High Risk
15276,30,3,491.17,4,3,2,432,Loyal Customers,0,256,115,3.8075193798449614,0.0005251509079833516,0,Low Risk
15277,61,1,220.44,3,1,1,311,Lost Customers,0,168,14,15.745714285714286,0.02372843218875735,0,Low Risk
15278,197,4,496.15999999999997,1,4,2,142,At Risk,1,458,29,17.10896551724138,0.9999955400999567,1,High Risk
15279,16,4,1290.03,4,4,4,444,Champions,0,613,58,17.2004,0.00011787166296351298,0,Low Risk
15280,124,2,284.4,2,3,2,232,At Risk,1,353,39,6.463636363636363,0.9748151733651692,1,High Risk
15281,14,7,6211.42,5,5,5,555,Champions,0,4022,337,16.217806788511748,4.626699027614616e-05,0,Low Risk
15282,206,1,348.59,1,1,2,112,Lost Customers,1,395,27,12.91074074074074,0.9999983281362328,1,High Risk
15283,26,3,148.33,4,3,1,431,Loyal Customers,0,27,9,16.48111111111111,0.0004258344282111448,0,Low Risk
15284,136,1,24.75,2,1,1,211,Lost Customers,1,5,1,24.75,0.9941920225871604,1,High Risk
15285,43,1,94.92,3,1,1,311,Lost Customers,0,120,6,15.82,0.002976546617094083,0,Low Risk
15287,15,3,369.34000000000003,5,3,2,532,Loyal Customers,0,577,13,23.083750000000002,0.00011328895347992788,0,Low Risk
15288,1,6,1574.51,5,5,4,554,Champions,0,627,78,17.302307692307693,2.0366128684469064e-05,0,Low Risk
15289,94,2,653.3100000000001,2,3,3,233,At Risk,1,619,33,16.751538461538463,0.5328595160837167,1,Medium Risk
15290,29,8,2553.06,4,5,5,455,Champions,0,2066,34,29.012045454545454,0.0006112298759649292,0,Low Risk
15291,9,26,9178.26,5,5,5,555,Champions,0,2914,80,64.18363636363637,8.523726168306878e-05,0,Low Risk
15293,301,1,247.5,1,1,1,111,Lost Customers,1,178,19,13.026315789473685,0.9999999999772116,1,High Risk
15294,46,1,233.35,3,1,1,311,Lost Customers,0,97,15,15.556666666666667,0.004146683241895607,0,Low Risk
15295,290,1,207.04,1,1,1,111,Lost Customers,1,139,50,3.9815384615384612,0.9999999999106297,1,High Risk
15296,56,6,6650.17,3,5,5,355,Lost Customers,0,3686,253,19.559323529411763,0.007741473870320123,0,Low Risk
15298,2,12,4659.47,5,5,5,555,Champions,0,3170,145,18.637880000000003,2.1129463000065893e-05,0,Low Risk
15299,8,6,3484.5299999999997,5,5,5,555,Champions,0,2505,5,580.755,5.10727912706368e-05,0,Low Risk
15301,4,6,2533.09,5,5,5,555,Champions,0,1515,106,18.489708029197082,2.6264597882440454e-05,0,Low Risk
15302,366,1,308.0,1,1,2,112,Lost Customers,1,102,15,20.533333333333335,0.9999999999999893,1,High Risk
15303,201,2,650.16,1,3,3,133,At Risk,1,266,36,17.109473684210524,0.9999970265772234,1,High Risk
15304,4,2,225.15,5,3,1,531,Loyal Customers,0,29,5,37.525,3.142017092244414e-05,0,Low Risk
15305,191,1,93.6,1,1,1,111,Lost Customers,1,40,5,18.72,0.9999908559891938,1,High Risk
15306,136,6,2310.38,2,5,5,255,At Risk,1,2264,80,22.21519230769231,0.9933984817882041,1,High Risk
15309,246,4,797.96,1,4,3,143,At Risk,1,440,49,14.777037037037038,0.9999999853475856,1,High Risk
15310,114,1,1634.64,2,1,4,214,Lost Customers,1,1476,45,36.32533333333333,0.9165873427688446,1,High Risk
15311,1,121,55942.74,5,5,5,555,Champions,0,32784,594,27.449823356231597,5.082176094692846e-05,0,Low Risk
15312,19,8,2005.3400000000001,4,5,4,454,Champions,0,1177,90,17.28741379310345,0.0001705187098356288,0,Low Risk
15314,49,2,492.47999999999996,3,3,2,332,Lost Customers,0,437,25,18.94153846153846,0.00584331931046587,0,Low Risk
15317,313,1,129.75,1,1,1,111,Lost Customers,1,45,5,25.95,0.9999999999946529,1,High Risk
15321,73,9,3961.42,2,5,5,255,At Risk,0,2472,186,18.511308411214955,0.07112077183242901,0,Low Risk
15322,112,1,711.18,2,1,3,213,Lost Customers,1,555,41,17.345853658536583,0.9006572636460806,1,High Risk
15323,198,3,434.6,1,3,2,132,At Risk,1,188,29,14.986206896551725,0.9999959637585595,1,High Risk
15324,337,1,140.22000000000003,1,1,1,111,Lost Customers,1,74,8,17.527500000000003,0.9999999999996798,1,High Risk
15325,31,7,1439.72,4,5,4,454,Champions,0,1151,141,8.180227272727272,0.0006016739935061465,0,Low Risk
15326,245,4,1388.81,1,4,4,144,At Risk,1,965,78,13.8881,0.9999999820039654,1,High Risk
15328,43,1,107.24,3,1,1,311,Lost Customers,0,88,8,13.405,0.002966312182438331,0,Low Risk
15329,10,8,1909.13,5,5,4,554,Champions,0,731,60,19.68175257731959,6.463711690952885e-05,0,Low Risk
15331,135,3,767.91,2,3,3,233,At Risk,1,701,41,17.4525,0.9930436830022916,1,High Risk
15332,2,6,4892.68,5,5,5,555,Champions,0,2306,113,31.770649350649354,1.992649378055331e-05,0,Low Risk
15336,37,1,240.5,3,1,1,311,Lost Customers,0,84,15,16.033333333333335,0.001443049279361898,0,Low Risk
15337,47,1,373.02,3,1,2,312,Lost Customers,0,200,21,17.762857142857143,0.004579313618838627,0,Low Risk
15338,313,1,277.93,1,1,2,112,Lost Customers,1,148,56,4.791896551724138,0.9999999999939411,1,High Risk
15339,57,5,1246.95,3,4,4,344,Lost Customers,0,722,108,9.305597014925374,0.013151950914552773,0,Low Risk
15340,197,1,105.5,1,1,1,111,Lost Customers,1,76,7,15.071428571428571,0.9999954582216369,1,High Risk
15341,85,1,382.2,2,1,2,212,Lost Customers,0,196,7,54.6,0.2935228762744328,0,Low Risk
15346,61,2,343.7,3,3,2,332,Lost Customers,0,116,20,17.185,0.02410571619225917,0,Low Risk
15347,2,4,1162.0,5,4,4,544,Champions,0,542,29,32.27777777777778,2.4387258529063082e-05,0,Low Risk
15350,9,2,547.6,5,3,3,533,Loyal Customers,0,272,26,18.253333333333334,5.3376147728078846e-05,0,Low Risk
15351,5,4,1770.23,5,4,4,544,Champions,0,737,103,12.124863013698631,2.892788199323768e-05,0,Low Risk
15352,184,1,111.15,1,1,1,111,Lost Customers,1,40,34,3.269117647058824,0.9999776798065789,1,High Risk
15353,3,6,2336.0,5,5,5,555,Champions,0,1181,247,7.511254019292605,1.6884454472941332e-05,0,Low Risk
15354,239,3,284.4,1,3,2,132,At Risk,1,3,1,94.8,0.9999999698037059,1,High Risk
15356,4,4,664.66,5,4,3,543,Loyal Customers,0,324,153,3.0349771689497715,2.3121572876154014e-05,0,Low Risk
15358,1,22,8703.210000000001,5,5,5,555,Champions,0,8328,264,15.031450777202075,1.551996666319878e-05,0,Low Risk
15359,298,8,181.35,1,5,1,151,At Risk,1,145,10,11.334375,0.9999999999739642,1,High Risk
15361,162,3,270.15000000000003,2,3,2,232,At Risk,1,37,3,90.05000000000001,0.9997390933909207,1,High Risk
15362,84,2,613.08,2,3,3,233,At Risk,0,368,38,15.327000000000002,0.25978317926111755,0,Low Risk
15363,8,2,678.11,5,3,3,533,Loyal Customers,0,383,32,19.37457142857143,4.6592864724665e-05,0,Low Risk
15365,39,6,2242.81,3,5,5,355,Lost Customers,0,1047,82,21.565480769230767,0.0017346183384287172,0,Low Risk
15366,45,5,1786.57,3,4,4,344,Lost Customers,0,1826,67,19.006063829787234,0.0034252910449848305,0,Low Risk
15367,54,7,3203.74,3,5,5,355,Lost Customers,0,1887,148,17.41163043478261,0.008579063100137754,0,Low Risk
15368,30,1,275.8,4,1,2,412,Potential Loyalists,0,176,4,68.95,0.000647799732361462,0,Low Risk
15369,128,11,6251.26,2,5,5,255,At Risk,1,3288,44,105.9535593220339,0.9862025843741598,1,High Risk
15370,46,1,1352.96,3,1,4,314,Lost Customers,0,567,50,27.0592,0.0037578891528827836,0,Low Risk
15371,298,1,59.400000000000006,1,1,1,111,Lost Customers,1,12,1,59.400000000000006,0.9999999999690861,1,High Risk
15372,86,7,4009.66,2,5,5,255,At Risk,0,3486,19,133.65533333333332,0.32320190161525325,0,Low Risk
15373,7,6,1002.9300000000001,5,5,4,554,Champions,0,268,49,14.748970588235295,4.475916174157305e-05,0,Low Risk
15374,260,1,139.32,1,1,1,111,Lost Customers,1,164,6,19.90285714285714,0.9999999972525728,1,High Risk
15375,326,1,60.959999999999994,1,1,1,111,Lost Customers,1,84,6,10.159999999999998,0.9999999999988369,1,High Risk
15377,18,4,1211.75,4,4,4,444,Champions,0,253,15,57.70238095238095,0.0001674126784533473,0,Low Risk
15378,98,2,246.5,2,3,1,231,At Risk,1,130,8,20.541666666666668,0.6636534754821369,1,Medium Risk
15379,36,1,1174.55,3,1,4,314,Lost Customers,0,695,69,17.02246376811594,0.001104559680200698,0,Low Risk
15380,1,7,1788.8,5,5,4,554,Champions,0,656,6,105.2235294117647,2.482251425118994e-05,0,Low Risk
15381,59,3,1293.72,3,3,4,334,Lost Customers,0,631,16,80.8575,0.019512788593126912,0,Low Risk
15382,10,6,7777.84,5,5,5,555,Champions,0,5166,196,23.56921212121212,3.7807575210616327e-05,0,Low Risk
15384,17,2,1385.38,4,3,4,434,Loyal Customers,0,1171,70,17.991948051948054,0.00011921186612617388,0,Low Risk
15385,28,2,625.2,4,3,3,433,Loyal Customers,0,267,8,69.46666666666667,0.0005203427606031035,0,Low Risk
15387,128,1,468.65,2,1,2,212,Lost Customers,1,335,20,23.432499999999997,0.9843988818753676,1,High Risk
15389,36,4,2233.8,3,4,5,345,Lost Customers,0,3540,2,446.76000000000005,0.0012562123847635566,0,Low Risk
15390,32,2,1216.66,4,3,4,434,Loyal Customers,0,894,77,15.800779220779221,0.0006912696931542035,0,Low Risk
15391,220,1,289.87,1,1,2,112,Lost Customers,1,109,12,24.155833333333334,0.9999996925870939,1,High Risk
15392,10,3,1376.0900000000001,5,3,4,534,Loyal Customers,0,867,48,22.934833333333337,5.7387622084830864e-05,0,Low Risk
15393,203,3,659.48,1,3,3,133,At Risk,1,228,29,20.60875,0.999997756300766,1,High Risk
15394,31,7,3103.26,4,5,5,455,Champions,0,1462,101,21.853943661971833,0.0006569653621156953,0,Low Risk
15396,219,1,508.20000000000005,1,1,3,113,Lost Customers,1,156,2,254.10000000000002,0.9999996604254396,1,High Risk
15400,56,3,586.1,3,3,3,333,Lost Customers,0,272,11,39.07333333333334,0.014129689816229172,0,Low Risk
15401,88,2,216.95000000000002,2,3,1,231,At Risk,0,93,14,15.496428571428572,0.3752679781038677,0,Low Risk
15402,23,4,1203.77,4,4,4,444,Champions,0,1340,58,13.525505617977528,0.0002610228242488708,0,Low Risk
15403,127,2,170.88,2,3,1,231,At Risk,1,492,6,21.36,0.9834022547621135,1,High Risk
15404,11,1,257.06,5,1,2,512,Potential Loyalists,0,334,16,16.06625,6.703245013279422e-05,0,Low Risk
15405,212,1,310.74,1,1,2,112,Lost Customers,1,155,22,14.124545454545455,0.9999991918597076,1,High Risk
15406,89,2,465.15999999999997,2,3,2,232,At Risk,0,293,66,6.741449275362318,0.37212440420247345,0,Low Risk
15409,357,1,131.25,1,1,1,111,Lost Customers,1,59,9,14.583333333333334,0.9999999999999696,1,High Risk
15410,204,2,1234.88,1,3,4,134,At Risk,1,702,32,30.872000000000003,0.9999978983352326,1,High Risk
15413,327,5,6798.72,1,4,5,145,At Risk,1,2694,20,271.9488,0.999999999998958,1,High Risk
15416,114,3,588.5,2,3,3,233,At Risk,1,330,36,16.34722222222222,0.9252885631685284,1,High Risk
15418,61,2,449.42,3,3,2,332,Lost Customers,0,264,64,6.609117647058824,0.02164229580084277,0,Low Risk
15420,70,6,743.0,3,5,3,353,Lost Customers,0,844,52,13.267857142857142,0.0670489901041617,0,Low Risk
15421,21,6,2854.98,4,5,5,455,Champions,0,1427,160,10.855437262357414,0.00017131131637028053,0,Low Risk
15422,15,5,1522.27,5,4,4,544,Champions,0,672,79,13.353245614035087,0.00010235203331196012,0,Low Risk
15423,217,2,223.39,1,3,1,131,At Risk,1,97,12,18.61583333333333,0.9999995747926195,1,High Risk
15424,99,1,214.44,2,1,1,211,Lost Customers,1,319,16,13.4025,0.6775911727866686,1,Medium Risk
15425,36,4,1941.1200000000001,3,4,4,344,Lost Customers,0,1041,114,13.574265734265735,0.001067494700480654,0,Low Risk
15426,5,5,1134.85,5,4,4,544,Champions,0,534,199,4.934130434782609,2.3804056123729377e-05,0,Low Risk
15428,23,3,668.97,4,3,3,433,Loyal Customers,0,245,35,17.60447368421053,0.0002792720439370198,0,Low Risk
15430,103,2,954.75,2,3,3,233,At Risk,1,309,36,26.520833333333332,0.7677972318987902,1,High Risk
15431,138,1,153.24,2,1,1,211,Lost Customers,1,84,2,76.62,0.9953760586528317,1,High Risk
15432,177,1,149.57,1,1,1,111,Lost Customers,1,27,6,24.92833333333333,0.9999524446677795,1,High Risk
15434,10,6,1525.5800000000002,5,5,4,554,Champions,0,776,60,19.311139240506332,6.0925486862775434e-05,0,Low Risk
15437,276,1,193.29000000000002,1,1,1,111,Lost Customers,1,98,12,16.1075,0.9999999995768627,1,High Risk
15439,40,4,1269.05,3,4,4,344,Lost Customers,0,572,49,22.264035087719297,0.0020263970269782322,0,Low Risk
15441,32,3,1254.21,4,3,4,434,Loyal Customers,0,587,45,22.003684210526316,0.0007765900007092074,0,Low Risk
15443,110,7,1900.64,2,5,4,254,At Risk,1,1060,212,7.512411067193677,0.8473250563942162,1,High Risk
15445,226,1,171.0,1,1,1,111,Lost Customers,1,60,9,19.0,0.9999998495675253,1,High Risk
15446,12,3,399.75,5,3,2,532,Loyal Customers,0,265,90,3.5691964285714284,6.706761878311984e-05,0,Low Risk
15447,163,4,337.71000000000004,2,4,2,242,At Risk,1,143,20,16.8855,0.9997645582527963,1,High Risk
15448,310,1,294.17,1,1,2,112,Lost Customers,1,255,21,14.008095238095239,0.9999999999920344,1,High Risk
15451,70,2,226.86,3,3,1,331,Lost Customers,0,76,56,3.781,0.06141975976169868,0,Low Risk
15452,26,3,1256.63,4,3,4,434,Loyal Customers,0,807,126,8.787622377622379,0.000313498656131946,0,Low Risk
15454,254,1,126.89,1,1,1,111,Lost Customers,1,60,15,8.459333333333333,0.9999999943379105,1,High Risk
15455,233,1,38.25,1,1,1,111,Lost Customers,1,3,2,19.125,0.9999999351890403,1,High Risk
15456,39,7,1656.93,3,5,4,354,Lost Customers,0,2094,105,9.80431952662722,0.0016195040907349945,0,Low Risk
15458,38,1,208.79999999999998,3,1,1,311,Lost Customers,0,144,6,34.8,0.0016535105522693873,0,Low Risk
15459,53,2,202.82999999999998,3,3,1,331,Lost Customers,0,121,6,28.975714285714282,0.009859335036852114,0,Low Risk
15461,96,2,429.7,2,3,2,232,At Risk,1,230,1,214.85,0.6115566387922082,1,Medium Risk
15462,81,1,502.45,2,1,3,213,Lost Customers,0,323,30,16.74833333333333,0.19660209885569374,0,Low Risk
15465,5,15,5281.53,5,5,5,555,Champions,0,1506,77,32.00927272727272,4.111769306997491e-05,0,Low Risk
15466,25,3,1225.93,4,3,4,434,Loyal Customers,0,695,172,5.980146341463415,0.00025079804423170927,0,Low Risk
15468,28,1,962.97,4,1,3,413,Potential Loyalists,0,1245,56,17.19589285714286,0.0004352299802790555,0,Low Risk
15469,74,1,335.7,2,1,2,212,Lost Customers,0,134,19,17.66842105263158,0.09992498719255871,0,Low Risk
15470,211,1,63.419999999999995,1,1,1,111,Lost Customers,1,232,4,15.854999999999999,0.9999991259777888,1,High Risk
15471,16,2,837.53,4,3,3,433,Loyal Customers,0,414,67,10.213780487804877,0.00010976626345415612,0,Low Risk
15473,80,1,274.8,2,1,2,212,Lost Customers,0,104,3,91.60000000000001,0.18931550765588306,0,Low Risk
15474,231,1,150.35,1,1,1,111,Lost Customers,1,55,19,7.913157894736842,0.9999999144725682,1,High Risk
15476,16,4,2209.98,4,4,5,445,Champions,0,1174,67,27.974430379746835,0.00011315764700569621,0,Low Risk
15477,285,1,368.4,1,1,2,112,Lost Customers,1,216,2,184.2,0.9999999998556226,1,High Risk
15478,211,1,583.56,1,1,3,113,Lost Customers,1,319,24,23.342399999999998,0.9999990813438097,1,High Risk
15479,369,1,147.4,1,1,1,111,Lost Customers,1,38,9,16.37777777777778,0.9999999999999927,1,High Risk
15480,101,4,5373.5,2,4,5,245,At Risk,1,1549,162,31.608823529411765,0.6638387105622026,1,Medium Risk
15481,37,1,1993.34,3,1,4,314,Lost Customers,0,1450,38,52.456315789473685,0.0013012479549146408,0,Low Risk
15482,22,7,3537.6,4,5,5,455,Champions,0,1512,41,69.36470588235294,0.00026267753135909166,0,Low Risk
15483,21,6,592.56,4,5,3,453,Loyal Customers,0,614,149,3.203027027027027,0.0001803574046886451,0,Low Risk
15484,176,2,1061.69,2,3,4,234,At Risk,1,924,53,20.03188679245283,0.9999399196636025,1,High Risk
15485,9,5,3186.01,5,4,5,545,Champions,0,1263,45,43.054189189189195,5.379020932379481e-05,0,Low Risk
15486,163,1,102.0,2,1,1,211,Lost Customers,1,40,1,102.0,0.9997555763530754,1,High Risk
15487,315,1,231.32,1,1,1,111,Lost Customers,1,144,14,16.52285714285714,0.9999999999956677,1,High Risk
15488,92,4,340.6,2,4,2,242,At Risk,1,178,8,37.84444444444445,0.5070357122467442,1,Medium Risk
15489,36,5,1285.3300000000002,3,4,4,344,Lost Customers,0,656,43,20.083281250000002,0.0013174847467324609,0,Low Risk
15490,66,1,210.85,3,1,1,311,Lost Customers,0,82,22,8.434,0.041307847518465904,0,Low Risk
15493,25,4,2168.27,4,4,5,445,Champions,0,655,201,6.712910216718266,0.00024171690125777533,0,Low Risk
15494,114,3,2422.02,2,3,5,235,At Risk,1,1913,219,9.845609756097561,0.8832315725527693,1,High Risk
15495,15,1,246.5,5,1,1,511,Potential Loyalists,0,194,20,12.325,0.00010687045739612907,0,Low Risk
15496,267,1,146.14000000000001,1,1,1,111,Lost Customers,1,98,22,6.6427272727272735,0.9999999987507404,1,High Risk
15497,18,7,7395.19,4,5,5,455,Champions,0,2313,61,69.7659433962264,0.00015334105707604035,0,Low Risk
15498,2,19,12633.18,5,5,5,555,Champions,0,6493,340,27.643719912472648,1.452432004667989e-05,0,Low Risk
15499,359,1,158.65,1,1,1,111,Lost Customers,1,59,40,3.8695121951219513,0.999999999999974,1,High Risk
15501,40,2,399.95,3,3,2,332,Lost Customers,0,205,64,5.796376811594203,0.0018707507867920844,0,Low Risk
15502,4,5,3548.34,5,4,5,545,Champions,0,1613,114,24.471310344827586,2.5026642307951046e-05,0,Low Risk
15503,362,1,116.26,1,1,1,111,Lost Customers,1,60,50,2.279607843137255,0.9999999999999813,1,High Risk
15504,156,3,349.87,2,3,2,232,At Risk,1,108,33,6.860196078431373,0.9994319318772313,1,High Risk
15506,17,3,1058.25,4,3,4,434,Loyal Customers,0,795,82,9.448660714285714,0.00012080711144203083,0,Low Risk
15509,16,1,152.41,4,1,1,411,Potential Loyalists,0,58,26,5.861923076923077,0.00011910954284413365,0,Low Risk
15512,26,2,210.58,4,3,1,431,Loyal Customers,0,167,22,8.423200000000001,0.0003993281418568406,0,Low Risk
15513,1,18,12992.33,5,5,5,555,Champions,0,5122,154,51.150905511811025,2.065528828123257e-05,0,Low Risk
15514,15,7,2368.34,4,5,5,455,Champions,0,1989,97,15.684370860927153,9.879865985994529e-05,0,Low Risk
15515,23,1,171.81,4,1,1,411,Potential Loyalists,0,131,7,24.544285714285714,0.00028304703516190385,0,Low Risk
15518,15,7,2268.44,4,5,5,455,Champions,0,1547,166,9.531260504201681,8.522078745079359e-05,0,Low Risk
15519,19,2,344.61,4,3,2,432,Loyal Customers,0,116,34,9.313783783783784,0.0001707494207328777,0,Low Risk
15521,36,8,4098.04,3,5,5,355,Lost Customers,0,2671,121,18.79834862385321,0.0011096854091231882,0,Low Risk
15523,24,15,16847.18,4,5,5,455,Champions,0,15501,63,83.40188118811881,0.00023857409354950123,0,Low Risk
15524,242,1,151.4,1,1,1,111,Lost Customers,1,24,8,18.925,0.9999999771827494,1,High Risk
15525,9,2,430.78,5,3,2,532,Loyal Customers,0,253,66,5.983055555555556,4.85440135895397e-05,0,Low Risk
15527,30,15,3126.36,4,5,5,455,Champions,0,1220,119,18.720718562874254,0.0007074663100684664,0,Low Risk
15529,2,2,1116.72,5,3,4,534,Loyal Customers,0,992,133,8.092173913043478,1.7676921594296636e-05,0,Low Risk
15530,148,1,311.37,2,1,2,212,Lost Customers,1,390,31,8.896285714285714,0.9984515607364635,1,High Risk
15532,12,6,2174.12,5,5,5,555,Champions,0,822,281,5.940218579234973,4.5486073474211054e-05,0,Low Risk
15534,361,1,162.25,1,1,1,111,Lost Customers,1,63,8,20.28125,0.9999999999999809,1,High Risk
15535,40,2,541.47,3,3,3,333,Lost Customers,0,179,50,9.335689655172414,0.001936834325806046,0,Low Risk
15536,45,1,259.09,3,1,2,312,Lost Customers,0,242,16,16.193125,0.003659078593244926,0,Low Risk
15538,173,6,3358.3999999999996,2,5,5,255,At Risk,1,1016,3,239.88571428571427,0.9999321085968736,1,High Risk
15540,11,1,247.38,5,1,1,511,Potential Loyalists,0,244,16,15.46125,6.72655096274324e-05,0,Low Risk
15542,148,3,855.71,2,3,3,233,At Risk,1,418,212,3.7863274336283186,0.9977476007371932,1,High Risk
15543,95,1,114.4,2,1,1,211,Lost Customers,1,81,28,4.085714285714286,0.5628194635383164,1,Medium Risk
15544,8,12,4615.72,5,5,5,555,Champions,0,3910,125,15.488993288590605,4.362095572969285e-05,0,Low Risk
15545,7,1,135.32999999999998,5,1,1,511,Potential Loyalists,0,75,31,4.365483870967742,4.080175435963641e-05,0,Low Risk
15546,242,2,1079.1000000000001,1,3,4,134,At Risk,1,198,6,89.92500000000001,0.9999999778002131,1,High Risk
15547,12,12,5146.45,5,5,5,555,Champions,0,3279,365,8.079199372056515,4.040502002865331e-05,0,Low Risk
15548,231,1,158.09,1,1,1,111,Lost Customers,1,64,23,6.8734782608695655,0.9999999136250656,1,High Risk
15549,57,5,652.7,3,4,3,343,Lost Customers,0,242,43,13.887234042553192,0.01558285459601981,0,Low Risk
15550,14,8,1635.42,5,5,4,554,Champions,0,844,138,9.398965517241379,8.546187055546101e-05,0,Low Risk
15551,30,6,1243.75,4,5,4,454,Champions,0,578,95,10.910087719298245,0.000593114498844747,0,Low Risk
15552,259,1,162.4,1,1,1,111,Lost Customers,1,106,13,12.492307692307692,0.9999999968651938,1,High Risk
15555,1,22,7267.83,5,5,5,555,Champions,0,4579,437,9.402108667529108,1.1824352488364466e-05,0,Low Risk
15558,275,1,202.68,1,1,1,111,Lost Customers,1,73,23,8.812173913043479,0.9999999995119229,1,High Risk
15559,204,1,1109.4,1,1,4,114,Lost Customers,1,526,62,17.893548387096775,0.9999976932828879,1,High Risk
15560,33,2,153.52,4,3,1,431,Loyal Customers,0,72,10,15.352,0.0009389663335887314,0,Low Risk
15561,19,4,1133.8,4,4,4,444,Champions,0,1067,44,17.443076923076923,0.0001703526419995905,0,Low Risk
15562,60,2,536.88,3,3,3,333,Lost Customers,0,521,31,16.7775,0.02063426143588395,0,Low Risk
15563,150,3,1459.02,2,3,4,234,At Risk,1,1504,111,10.132083333333334,0.9985424770416874,1,High Risk
15564,99,2,70.74000000000001,2,3,1,231,At Risk,1,42,4,17.685000000000002,0.6920623117183604,1,Medium Risk
15566,28,2,227.87,4,3,1,431,Loyal Customers,0,153,9,18.989166666666666,0.000521327974260022,0,Low Risk
15569,26,5,2207.74,4,4,5,445,Champions,0,1068,102,20.254495412844033,0.00034854667552872257,0,Low Risk
15570,5,14,5105.32,5,5,5,555,Champions,0,2181,302,11.220483516483515,2.2751440121822616e-05,0,Low Risk
15571,22,10,3241.92,4,5,5,455,Champions,0,2147,410,5.970386740331492,0.00011557992975928886,0,Low Risk
15572,16,3,1431.78,4,3,4,434,Loyal Customers,0,876,113,10.929618320610686,9.952680013933053e-05,0,Low Risk
15573,254,3,597.23,1,3,3,133,At Risk,1,415,104,5.238859649122807,0.999999993297948,1,High Risk
15574,8,3,774.84,5,3,3,533,Loyal Customers,0,577,159,4.234098360655738,3.5139422843861417e-05,0,Low Risk
15575,255,1,30.1,1,1,1,111,Lost Customers,1,6,3,10.033333333333333,0.9999999951172749,1,High Risk
15577,359,2,137.15,1,3,1,131,At Risk,1,31,20,6.8575,0.999999999999976,1,High Risk
15579,19,3,923.03,4,3,3,433,Loyal Customers,0,596,106,8.168407079646018,0.00014539832774830309,0,Low Risk
15580,12,8,1375.39,5,5,4,554,Champions,0,955,150,6.112844444444445,6.531140810037855e-05,0,Low Risk
15581,2,26,4076.9700000000003,5,5,5,555,Champions,0,2849,456,7.293327370304115,1.507438790794723e-05,0,Low Risk
15583,12,1,95.96,5,1,1,511,Potential Loyalists,0,56,37,2.4605128205128204,7.247432143414021e-05,0,Low Risk
15584,35,2,547.34,4,3,3,433,Loyal Customers,0,170,93,5.585102040816327,0.0009719437144290727,0,Low Risk
15586,228,3,1139.1,1,3,4,134,At Risk,1,1338,30,29.97631578947368,0.9999998761531013,1,High Risk
15587,28,3,608.4000000000001,4,3,3,433,Loyal Customers,0,216,3,121.68000000000002,0.0005421048080434439,0,Low Risk
15588,313,1,579.6,1,1,3,113,Lost Customers,1,96,4,144.9,0.9999999999946494,1,High Risk
15590,18,5,1496.6,4,4,4,444,Champions,0,832,75,17.20229885057471,0.0001461314019670897,0,Low Risk
15591,218,3,217.9,1,3,1,131,At Risk,1,58,6,31.12857142857143,0.9999996381605106,1,High Risk
15595,123,1,357.6,2,1,2,212,Lost Customers,1,144,4,89.4,0.9734152981497234,1,High Risk
15596,1,5,1723.45,5,4,4,544,Champions,0,815,65,17.40858585858586,2.0285556181213054e-05,0,Low Risk
15597,211,1,238.8,1,1,1,111,Lost Customers,1,114,15,15.92,0.9999991072472313,1,High Risk
15598,63,1,307.34,3,1,2,312,Lost Customers,0,244,22,13.969999999999999,0.02921130275899342,0,Low Risk
15599,81,1,488.32,2,1,2,212,Lost Customers,0,380,31,15.752258064516129,0.19587379965481827,0,Low Risk
15600,64,4,1199.31,3,4,4,344,Lost Customers,0,657,55,16.89169014084507,0.03249037383322329,0,Low Risk
15601,8,17,8183.56,5,5,5,555,Champions,0,6078,161,17.713333333333335,4.279714847144497e-05,0,Low Risk
15602,4,8,1932.64,5,5,4,554,Champions,0,1212,47,23.56878048780488,3.231003384098191e-05,0,Low Risk
15603,284,1,40.0,1,1,1,111,Lost Customers,1,32,2,20.0,0.999999999839124,1,High Risk
15605,9,5,738.57,5,4,3,543,Loyal Customers,0,271,37,16.785681818181818,5.6608822733613934e-05,0,Low Risk
15606,26,8,2310.83,4,5,5,455,Champions,0,723,47,33.98279411764706,0.000438302188160286,0,Low Risk
15607,179,8,1604.21,1,5,4,154,At Risk,1,1268,83,16.710520833333334,0.9999612466378109,1,High Risk
15608,51,1,692.3,3,1,3,313,Lost Customers,0,548,45,15.384444444444444,0.006821039654970749,0,Low Risk
15611,19,13,1405.83,4,5,4,454,Champions,0,243,24,27.565294117647056,0.00023780974122717283,0,Low Risk
15613,246,1,433.71999999999997,1,1,2,112,Lost Customers,1,700,27,16.063703703703702,0.9999999847029581,1,High Risk
15614,73,4,3147.36,2,4,5,245,At Risk,0,1632,73,38.8562962962963,0.08236429119888833,0,Low Risk
15615,26,24,10974.23,4,5,5,455,Champions,0,6582,193,22.958640167364017,0.00039649187421042005,0,Low Risk
15616,74,1,317.11,2,1,2,212,Lost Customers,0,137,13,24.393076923076926,0.10119387818058977,0,Low Risk
15617,32,3,828.5500000000001,4,3,3,433,Loyal Customers,0,485,41,19.727380952380955,0.0007862221255069241,0,Low Risk
15620,45,1,389.18,3,1,2,312,Lost Customers,0,334,29,13.42,0.0035365250555002567,0,Low Risk
15622,63,8,4143.05,3,5,5,355,Lost Customers,0,2417,197,17.191078838174274,0.02192900809854514,0,Low Risk
15623,29,7,2136.02,4,5,4,454,Champions,0,962,77,24.000224719101123,0.0005591064715130469,0,Low Risk
15625,12,5,1702.1399999999999,5,4,4,544,Champions,0,1832,78,15.907850467289718,6.895389671594369e-05,0,Low Risk
15626,57,1,391.72,3,1,2,312,Lost Customers,0,372,31,12.636129032258065,0.014264799130994996,0,Low Risk
15627,93,2,566.9,2,3,3,233,At Risk,1,344,23,23.620833333333334,0.5120334621644422,1,Medium Risk
15628,2,9,2782.02,5,5,5,555,Champions,0,1925,86,17.06760736196319,2.3336846523398493e-05,0,Low Risk
15629,86,4,2240.9,2,4,5,245,At Risk,0,1518,39,29.102597402597404,0.31043848505279203,0,Low Risk
15630,280,1,295.05,1,1,2,112,Lost Customers,1,187,20,14.752500000000001,0.9999999997297442,1,High Risk
15631,278,1,596.67,1,1,3,113,Lost Customers,1,525,39,15.299230769230768,0.9999999996377695,1,High Risk
15633,145,13,4335.96,2,5,5,255,At Risk,1,2048,77,24.636136363636364,0.9981504481787539,1,High Risk
15634,19,1,311.1,4,1,2,412,Potential Loyalists,0,128,19,16.373684210526317,0.00017194406924131043,0,Low Risk
15635,31,1,100.35,4,1,1,411,Potential Loyalists,0,5,2,50.175,0.0007368665933369016,0,Low Risk
15636,73,2,719.82,2,3,3,233,At Risk,0,276,27,22.494375,0.090203378741509,0,Low Risk
15637,49,4,574.23,3,4,3,343,Lost Customers,0,523,23,22.08576923076923,0.006189644853401737,0,Low Risk
15638,14,6,2265.2,5,5,5,555,Champions,0,1134,20,90.60799999999999,0.00010590559466547995,0,Low Risk
15639,87,2,639.76,2,3,3,233,At Risk,0,526,40,14.54,0.3307097056880006,0,Low Risk
15640,8,15,11411.92,5,5,5,555,Champions,0,5748,139,40.90293906810036,4.3564636621434536e-05,0,Low Risk
15641,32,8,3458.35,4,5,5,455,Champions,0,2860,168,18.012239583333333,0.0006142275567568219,0,Low Risk
15642,365,1,105.78000000000002,1,1,1,111,Lost Customers,1,270,6,17.630000000000003,0.999999999999988,1,High Risk
15645,50,2,443.16,3,3,2,332,Lost Customers,0,140,16,27.6975,0.006784785918384924,0,Low Risk
15646,8,3,526.97,5,3,3,533,Loyal Customers,0,657,50,10.5394,4.541025314653701e-05,0,Low Risk
15647,51,1,169.0,3,1,1,311,Lost Customers,0,124,11,15.363636363636363,0.007504246797166108,0,Low Risk
15649,3,3,1354.35,5,3,4,534,Loyal Customers,0,293,8,135.435,2.827162554629222e-05,0,Low Risk
15650,157,2,553.88,2,3,3,233,At Risk,1,210,33,15.385555555555555,0.9994786926734247,1,High Risk
15651,56,2,612.76,3,3,3,333,Lost Customers,0,392,28,21.884285714285713,0.0131481265565197,0,Low Risk
15652,23,4,1068.2,4,4,4,444,Champions,0,449,76,13.187654320987654,0.000258721854025788,0,Low Risk
15658,8,4,1399.3700000000001,5,4,4,544,Champions,0,451,59,20.28072463768116,4.6185791208921066e-05,0,Low Risk
15659,22,2,226.04,4,3,1,431,Loyal Customers,0,50,8,22.604,0.0002590686530618143,0,Low Risk
15660,1,7,1212.13,5,5,4,554,Champions,0,843,44,17.07225352112676,2.250732507465947e-05,0,Low Risk
15661,15,6,906.15,4,5,3,453,Loyal Customers,0,543,26,23.234615384615385,0.00011984451742566312,0,Low Risk
15662,297,2,283.73,1,3,2,132,At Risk,1,145,12,23.644166666666667,0.9999999999651596,1,High Risk
15664,85,3,867.6,2,3,3,233,At Risk,0,373,46,16.369811320754717,0.2849791851749427,0,Low Risk
15665,47,3,1764.86,3,3,4,334,Lost Customers,0,1123,122,10.320818713450292,0.003690881668985627,0,Low Risk
15666,108,2,632.9399999999999,2,3,3,233,At Risk,1,469,62,9.44686567164179,0.8475148928108679,1,High Risk
15670,192,1,152.15,1,1,1,111,Lost Customers,1,41,7,21.735714285714288,0.9999918324679291,1,High Risk
15672,361,1,45.300000000000004,1,1,1,111,Lost Customers,1,10,3,15.100000000000001,0.9999999999999813,1,High Risk
15673,87,5,3478.09,2,4,5,245,At Risk,0,1823,95,26.754538461538463,0.3112518244365025,0,Low Risk
15674,53,8,4501.63,3,5,5,355,Lost Customers,0,2373,199,18.9942194092827,0.006852435893862615,0,Low Risk
15675,40,1,218.35,3,1,1,311,Lost Customers,0,97,14,15.596428571428572,0.002056282855431272,0,Low Risk
15677,57,2,648.4,3,3,3,333,Lost Customers,0,356,32,16.625641025641023,0.014650053769648237,0,Low Risk
15678,31,2,1473.24,4,3,4,434,Loyal Customers,0,838,67,18.4155,0.000631238642131514,0,Low Risk
15680,2,8,3173.9,5,5,5,555,Champions,0,2122,128,16.88244680851064,2.039011890568336e-05,0,Low Risk
15681,15,9,1563.54,4,5,4,454,Champions,0,576,23,44.67257142857143,0.00013136615812771982,0,Low Risk
15682,235,2,318.24,1,3,2,132,At Risk,1,222,25,12.7296,0.9999999469872648,1,High Risk
15683,109,1,330.79,2,1,2,212,Lost Customers,1,201,16,20.674375,0.8725728432268453,1,High Risk
15684,183,3,173.95,1,3,1,131,At Risk,1,77,9,15.813636363636363,0.9999776100845209,1,High Risk
15685,86,1,55.980000000000004,2,1,1,211,Lost Customers,0,36,17,3.2929411764705883,0.31468709241497145,0,Low Risk
15686,56,1,90.0,3,1,1,311,Lost Customers,0,72,1,90.0,0.013757123876904757,0,Low Risk
15688,54,1,190.57,3,1,1,311,Lost Customers,0,95,26,7.058148148148148,0.010289304524129529,0,Low Risk
15689,253,1,266.93,1,1,2,112,Lost Customers,1,123,15,17.795333333333335,0.9999999936168573,1,High Risk
15691,30,3,434.5,4,3,2,432,Loyal Customers,0,140,10,36.208333333333336,0.0006772403748903761,0,Low Risk
15693,295,1,37.5,1,1,1,111,Lost Customers,1,30,1,37.5,0.9999999999559881,1,High Risk
15694,1,12,4331.41,5,5,5,555,Champions,0,981,43,56.25207792207792,2.604383227058143e-05,0,Low Risk
15695,233,2,721.06,1,3,3,133,At Risk,1,272,35,19.488108108108108,0.9999999312399434,1,High Risk
15696,59,5,1170.1100000000001,3,4,4,344,Lost Customers,0,371,36,22.07754716981132,0.019887848026781778,0,Low Risk
15697,325,1,246.75,1,1,1,111,Lost Customers,1,127,14,17.625,0.9999999999986648,1,High Risk
15698,260,1,46.2,1,1,1,111,Lost Customers,1,60,2,23.1,0.9999999972887483,1,High Risk
15702,112,2,140.39000000000001,2,3,1,231,At Risk,1,103,30,4.679666666666667,0.9067946992907306,1,High Risk
15704,138,2,1441.04,2,3,4,234,At Risk,1,681,75,16.56367816091954,0.9945539059310047,1,High Risk
15708,5,3,969.19,5,3,3,533,Loyal Customers,0,369,57,9.595940594059407,3.177067829804788e-05,0,Low Risk
15709,225,1,194.6,1,1,1,111,Lost Customers,1,48,20,9.266666666666666,0.999999826408336,1,High Risk
15710,53,1,898.87,3,1,3,313,Lost Customers,0,641,110,8.171545454545454,0.007364120910509481,0,Low Risk
15711,192,2,420.25,1,3,2,132,At Risk,1,199,25,16.81,0.9999916666582984,1,High Risk
15712,15,7,2400.05,4,5,5,455,Champions,0,791,69,21.239380530973452,0.00011064696443775425,0,Low Risk
15713,2,3,654.09,5,3,3,533,Loyal Customers,0,360,39,15.57357142857143,2.3288340405689616e-05,0,Low Risk
15714,89,3,453.93,2,3,2,232,At Risk,0,175,14,32.42357142857143,0.40933365012505607,0,Medium Risk
15715,191,5,658.02,1,4,3,143,At Risk,1,246,33,17.316315789473684,0.9999912092407006,1,High Risk
15716,5,8,1913.55,5,5,4,554,Champions,0,1070,141,9.289077669902913,2.9201642101068893e-05,0,Low Risk
15717,57,4,456.70000000000005,3,4,2,342,Lost Customers,0,154,13,26.864705882352943,0.01630598042414696,0,Low Risk
15718,176,1,293.79,1,1,2,112,Lost Customers,1,95,18,16.32166666666667,0.9999448396831376,1,High Risk
15719,17,18,5165.9,4,5,5,455,Champions,0,2638,283,6.157210965435041,0.0001074277038067626,0,Low Risk
15720,186,1,140.49,1,1,1,111,Lost Customers,1,46,25,5.6196,0.9999827310305022,1,High Risk
15722,81,6,3022.79,2,5,5,255,At Risk,0,1256,74,27.232342342342342,0.19763351796421777,0,Low Risk
15723,47,3,740.0,3,3,3,333,Lost Customers,0,354,77,8.705882352941176,0.004219516196487197,0,Low Risk
15724,36,1,92.6,3,1,1,311,Lost Customers,0,44,6,15.433333333333332,0.0013124350209218652,0,Low Risk
15726,26,1,321.91,4,1,2,412,Potential Loyalists,0,123,23,13.99608695652174,0.00038806113302315774,0,Low Risk
15727,23,8,4212.65,4,5,5,455,Champions,0,2845,278,10.970442708333332,0.00016437781520229675,0,Low Risk
15728,15,2,544.6,4,3,3,433,Loyal Customers,0,132,10,45.38333333333333,0.00011287163272512754,0,Low Risk
15729,36,2,107.55000000000001,3,3,1,331,Lost Customers,0,19,5,17.925,0.0013543856814623079,0,Low Risk
15730,17,2,605.7,4,3,3,433,Loyal Customers,0,372,40,14.773170731707317,0.00013180720101552422,0,Low Risk
15731,189,1,125.3,1,1,1,111,Lost Customers,1,122,8,15.6625,0.9999883118940189,1,High Risk
15732,8,9,1387.95,5,5,4,554,Champions,0,1146,53,15.421666666666667,5.250521880808447e-05,0,Low Risk
15734,72,2,923.85,2,3,3,233,At Risk,0,170,14,54.34411764705882,0.08365546392926543,0,Low Risk
15735,57,1,327.68,3,1,2,312,Lost Customers,0,206,19,17.246315789473684,0.014762787695895022,0,Low Risk
15736,71,2,1767.12,2,3,4,234,At Risk,0,1208,95,17.6712,0.06054662436787943,0,Low Risk
15738,8,26,8560.550000000001,5,5,5,555,Champions,0,6303,64,26.503250773993813,6.897339116456116e-05,0,Low Risk
15741,94,2,208.62,2,3,1,231,At Risk,1,70,11,17.385,0.5508644524786785,1,Medium Risk
15742,255,1,156.87,1,1,1,111,Lost Customers,1,51,41,3.82609756097561,0.9999999946466178,1,High Risk
15747,11,6,1553.17,5,5,4,554,Champions,0,878,78,12.326746031746032,6.54024478689833e-05,0,Low Risk
15748,85,2,465.45000000000005,2,3,2,232,At Risk,0,211,16,29.090625000000003,0.2949388986848132,0,Low Risk
15750,2,12,4330.461,5,5,5,555,Champions,0,2806,250,12.164216292134832,1.666253004012823e-05,0,Low Risk
15751,96,11,1380.44,2,5,4,254,At Risk,1,443,90,10.618769230769232,0.6208538747110749,1,Medium Risk
15752,8,3,1557.96,5,3,4,534,Loyal Customers,0,985,174,7.989538461538462,3.344326487167939e-05,0,Low Risk
15754,129,6,2579.04,2,5,5,255,At Risk,1,1563,90,25.039223300970875,0.9851430890051761,1,High Risk
15755,15,11,3628.87,4,5,5,455,Champions,0,2607,181,15.777695652173913,8.86527550137751e-05,0,Low Risk
15757,22,4,2225.94,4,4,5,445,Champions,0,1266,127,15.040135135135136,0.0001979412114368971,0,Low Risk
15759,147,4,577.8900000000001,2,4,3,243,At Risk,1,463,7,57.78900000000001,0.9984838649160678,1,High Risk
15760,266,2,13916.34,1,3,5,135,At Risk,1,2,1,6958.17,0.999999998571879,1,High Risk
15761,78,1,143.05,2,1,1,211,Lost Customers,0,31,5,28.610000000000003,0.155667149635343,0,Low Risk
15764,70,2,1223.1100000000001,3,3,4,334,Lost Customers,0,895,69,17.726231884057974,0.05803890406042589,0,Low Risk
15765,302,1,370.63,1,1,2,112,Lost Customers,1,335,25,14.8252,0.9999999999793294,1,High Risk
15766,92,2,516.0,2,3,3,233,At Risk,1,164,15,34.4,0.4890579840954714,0,Medium Risk
15768,112,31,14687.06,2,5,5,255,At Risk,1,3971,416,12.436121930567316,0.8870666708091058,1,High Risk
15769,7,21,32451.6,5,5,5,555,Champions,0,19432,11,345.22978723404253,3.8673728032123025e-05,0,Low Risk
15770,248,1,321.45,1,1,2,112,Lost Customers,1,67,18,17.858333333333334,0.999999988449699,1,High Risk
15771,240,3,1006.54,1,3,4,134,At Risk,1,512,26,35.94785714285714,0.9999999710292495,1,High Risk
15772,54,1,280.88,3,1,2,312,Lost Customers,0,110,16,17.555,0.010529877018551332,0,Low Risk
15773,45,1,138.84,3,1,1,311,Lost Customers,0,99,37,3.7524324324324327,0.0034996187105880844,0,Low Risk
15774,54,5,1017.54,3,4,4,344,Lost Customers,0,378,69,11.971058823529411,0.010301641151162352,0,Low Risk
15775,267,1,45.6,1,1,1,111,Lost Customers,1,192,2,22.8,0.9999999988039465,1,High Risk
15777,32,3,715.5,4,3,3,433,Loyal Customers,0,221,15,39.75,0.0008445409234713082,0,Low Risk
15778,67,1,307.95,3,1,2,312,Lost Customers,0,101,17,18.11470588235294,0.046726815920343605,0,Low Risk
15779,99,2,124.08000000000001,2,3,1,231,At Risk,1,20,8,15.510000000000002,0.6902464463595307,1,Medium Risk
15782,66,1,1399.36,3,1,4,314,Lost Customers,0,980,18,77.74222222222221,0.040398236678696145,0,Low Risk
15784,103,2,848.3299999999999,2,3,3,233,At Risk,1,381,33,19.72860465116279,0.7685464523346247,1,High Risk
15785,15,11,3640.96,4,5,5,455,Champions,0,2867,78,25.64056338028169,0.00011222374014777483,0,Low Risk
15786,53,2,3582.62,3,3,5,335,Lost Customers,0,2617,166,18.003115577889446,0.006191059108043183,0,Low Risk
15788,144,1,221.82999999999998,2,1,1,211,Lost Customers,1,115,14,15.844999999999999,0.9976459417730288,1,High Risk
15789,67,5,1610.71,3,4,4,344,Lost Customers,0,2061,90,14.254070796460176,0.041112269052157514,0,Low Risk
15791,165,3,1995.65,2,3,4,234,At Risk,1,1239,73,21.691847826086956,0.9997743997356102,1,High Risk
15792,35,2,933.84,4,3,3,433,Loyal Customers,0,606,57,16.383157894736843,0.0010423308280788982,0,Low Risk
15793,14,5,1433.96,5,4,4,544,Champions,0,1132,9,79.66444444444444,0.00010548723072095489,0,Low Risk
15794,372,2,777.0,1,3,3,133,At Risk,1,288,15,51.8,0.9999999999999949,1,High Risk
15795,66,7,1369.8600000000001,3,5,4,354,Lost Customers,0,830,74,15.39168539325843,0.04206350413456615,0,Low Risk
15796,10,9,2463.02,5,5,5,555,Champions,0,873,107,15.298260869565217,5.919587815022067e-05,0,Low Risk
15797,217,2,613.6800000000001,1,3,3,133,At Risk,1,408,4,153.42000000000002,0.9999995771280697,1,High Risk
15798,128,3,1535.37,2,3,4,234,At Risk,1,915,73,18.49843373493976,0.9829611848974511,1,High Risk
15799,54,1,537.1999999999999,3,1,3,313,Lost Customers,0,386,54,9.592857142857142,0.00953200188718132,0,Low Risk
15800,89,5,530.18,2,4,3,243,At Risk,0,243,97,4.6102608695652165,0.3750694433078218,0,Low Risk
15803,81,3,1513.84,2,3,4,234,At Risk,0,740,42,35.20558139534884,0.19882490381072954,0,Low Risk
15805,21,13,4660.75,4,5,5,455,Champions,0,2838,176,20.264130434782608,0.0001910691174816963,0,Low Risk
15807,44,2,913.62,3,3,3,333,Lost Customers,0,1102,40,22.8405,0.0030630641610787258,0,Low Risk
15808,5,18,14482.03,5,5,5,555,Champions,0,5775,314,22.914604430379747,2.210656551413822e-05,0,Low Risk
15809,95,2,758.67,2,3,3,233,At Risk,1,399,22,32.98565217391304,0.5705379988350879,1,Medium Risk
15810,22,4,1607.06,4,4,4,444,Champions,0,792,48,20.87090909090909,0.0002430106414279962,0,Low Risk
15811,1,2,1557.38,5,3,4,534,Loyal Customers,0,805,120,9.983205128205128,1.6348488469448497e-05,0,Low Risk
15812,71,7,3400.33,2,5,5,255,At Risk,0,2528,57,40.48011904761905,0.07193953303485902,0,Low Risk
15814,29,2,689.11,4,3,3,433,Loyal Customers,0,457,23,26.50423076923077,0.0005611180444691421,0,Low Risk
15816,178,2,144.14999999999998,1,3,1,131,At Risk,1,54,11,13.104545454545452,0.9999583678261542,1,High Risk
15817,56,3,2766.4,3,3,5,335,Lost Customers,0,1596,133,18.2,0.010137615130835744,0,Low Risk
15818,224,1,340.5,1,1,2,112,Lost Customers,1,284,11,30.954545454545453,0.999999807132041,1,High Risk
15819,67,6,2029.34,3,5,4,354,Lost Customers,0,1571,110,14.812700729927007,0.04113395515148795,0,Low Risk
15822,129,4,954.59,2,4,3,243,At Risk,1,575,25,29.8309375,0.9869626707291272,1,High Risk
15823,8,3,3882.17,5,3,5,535,Loyal Customers,0,1774,155,25.04625806451613,3.4156751420271345e-05,0,Low Risk
15824,89,2,890.94,2,3,3,233,At Risk,0,478,24,34.26692307692308,0.3942959029125076,0,Low Risk
15826,204,1,943.97,1,1,3,113,Lost Customers,1,861,51,18.509215686274512,0.9999977226481755,1,High Risk
15827,8,16,1957.98,5,5,4,554,Champions,0,942,73,16.87913793103448,6.154198535586754e-05,0,Low Risk
15828,11,1,1108.82,5,1,4,514,Potential Loyalists,0,367,74,14.984054054054052,5.842948730310551e-05,0,Low Risk
15833,373,1,80.4,1,1,1,111,Lost Customers,1,24,5,16.080000000000002,0.9999999999999953,1,High Risk
15834,12,3,1539.24,5,3,4,534,Loyal Customers,0,854,105,14.659428571428572,6.343968783848867e-05,0,Low Risk
15837,121,1,385.03000000000003,2,1,2,212,Lost Customers,1,216,28,13.75107142857143,0.9646562549413106,1,High Risk
15838,3,16,40519.92,5,5,5,555,Champions,0,46296,11,964.76,7.4923468080932285e-06,0,Low Risk
15841,22,5,1518.35,4,4,4,444,Champions,0,1449,41,33.74111111111111,0.0002476497955531706,0,Low Risk
15842,29,2,548.8,4,3,3,433,Loyal Customers,0,296,24,21.951999999999998,0.0005631058984375336,0,Low Risk
15845,172,3,714.51,2,3,3,233,At Risk,1,202,36,19.8475,0.9999126015723355,1,High Risk
15846,21,1,107.01,4,1,1,411,Potential Loyalists,0,79,27,3.6900000000000004,0.00021376327292816445,0,Low Risk
15847,64,3,433.3,3,3,2,332,Lost Customers,0,194,22,16.665384615384617,0.034644494724293505,0,Low Risk
15848,257,1,137.99,1,1,1,111,Lost Customers,1,45,34,4.058529411764706,0.9999999958398511,1,High Risk
15850,12,4,771.87,5,4,3,543,Loyal Customers,0,1036,197,3.5406880733944956,5.1908699017038593e-05,0,Low Risk
15851,162,1,109.73,2,1,1,211,Lost Customers,1,67,8,13.71625,0.9997206381875332,1,High Risk
15852,162,1,96.55,2,1,1,211,Lost Customers,1,12,11,8.777272727272727,0.9997192453105395,1,High Risk
15854,12,9,2609.16,5,5,5,555,Champions,0,765,83,22.11152542372881,7.967112864395994e-05,0,Low Risk
15855,112,1,340.48,2,1,2,212,Lost Customers,1,242,15,22.698666666666668,0.9070060322156214,1,High Risk
15856,1,26,17703.63,5,5,5,555,Champions,0,9359,182,35.12625,2.0820695355419753e-05,0,Low Risk
15857,66,1,273.48,3,1,2,312,Lost Customers,0,276,10,27.348000000000003,0.04214559507949008,0,Low Risk
15858,3,9,2508.77,5,5,5,555,Champions,0,1751,203,8.621202749140894,1.997222612975991e-05,0,Low Risk
15859,68,1,438.46,3,1,2,312,Lost Customers,0,174,22,19.93,0.051545150899418864,0,Low Risk
15860,4,10,1498.8,5,5,4,554,Champions,0,894,169,6.843835616438356,2.5834224781449175e-05,0,Low Risk
15861,92,4,1222.28,2,4,4,244,At Risk,1,1309,191,4.928548387096774,0.3894521835916743,0,Low Risk
15862,9,10,2033.64,5,5,4,554,Champions,0,1059,351,4.90033734939759,2.9974733290212776e-05,0,Low Risk
15863,253,3,286.26,1,3,2,132,At Risk,1,143,56,4.851864406779661,0.9999999933424897,1,High Risk
15864,17,1,244.44000000000003,4,1,1,411,Potential Loyalists,0,294,3,81.48,0.0001400817263500598,0,Low Risk
15865,49,2,1346.29,3,3,4,334,Lost Customers,0,773,86,15.65453488372093,0.0050024358670463665,0,Low Risk
15867,5,17,5224.81,5,5,5,555,Champions,0,3061,371,8.870645161290323,2.0299169474778984e-05,0,Low Risk
15868,219,1,94.53,1,1,1,111,Lost Customers,1,57,4,23.6325,0.9999996612516959,1,High Risk
15869,262,1,171.47,1,1,1,111,Lost Customers,1,98,18,9.024736842105263,0.9999999977718304,1,High Risk
15870,32,3,506.02,4,3,3,433,Loyal Customers,0,171,61,7.333623188405797,0.0007582288048883773,0,Low Risk
15871,73,1,33.099999999999994,2,1,1,211,Lost Customers,0,5,5,6.619999999999999,0.09296927826902544,0,Low Risk
15872,14,2,413.0,5,3,2,532,Loyal Customers,0,280,70,5.1625,8.648812205207228e-05,0,Low Risk
15873,135,4,313.91999999999996,2,4,2,242,At Risk,1,1152,3,52.31999999999999,0.9936981420937986,1,High Risk
15874,23,14,6878.88,4,5,5,455,Champions,0,2568,168,30.985945945945947,0.00025767337090203384,0,Low Risk
15875,282,1,108.52,1,1,1,111,Lost Customers,1,74,18,4.718260869565217,0.99999999978828,1,High Risk
15876,45,2,1449.1399999999999,3,3,4,334,Lost Customers,0,886,11,131.73999999999998,0.003718835547777114,0,Low Risk
15878,197,2,330.77,1,3,2,132,At Risk,1,243,47,6.485686274509804,0.999995114050909,1,High Risk
15879,40,4,1137.8,3,4,4,344,Lost Customers,0,639,171,6.356424581005586,0.0015109112699732384,0,Low Risk
15880,5,1,329.03000000000003,5,1,2,512,Potential Loyalists,0,202,95,3.4273958333333336,2.7556444995223875e-05,0,Low Risk
15882,4,6,979.62,5,5,3,553,Loyal Customers,0,538,45,18.838846153846156,3.141643083198935e-05,0,Low Risk
15884,68,2,244.60000000000002,3,3,1,331,Lost Customers,0,152,14,17.47142857142857,0.053923132903062984,0,Low Risk
15885,19,12,1572.47,4,5,4,454,Champions,0,511,68,16.21103092783505,0.00020614237761884047,0,Low Risk
15886,52,3,871.78,3,3,3,333,Lost Customers,0,520,47,17.4356,0.008080666114148696,0,Low Risk
15887,42,3,1027.15,3,3,4,334,Lost Customers,0,605,27,27.760810810810813,0.0026202348390786346,0,Low Risk
15888,36,2,260.85,3,3,2,332,Lost Customers,0,63,24,9.661111111111111,0.0012929450922336974,0,Low Risk
15889,5,7,1279.6,5,5,4,554,Champions,0,735,237,4.653090909090909,2.2829030891182063e-05,0,Low Risk
15890,30,5,535.65,4,4,3,443,Loyal Customers,0,119,10,53.565,0.0007169857502452557,0,Low Risk
15892,305,1,128.2,1,1,1,111,Lost Customers,1,46,38,3.3736842105263154,0.9999999999851781,1,High Risk
15893,117,1,305.28000000000003,2,1,2,212,Lost Customers,1,288,1,305.28000000000003,0.9474391988795136,1,High Risk
15894,5,1,151.44,5,1,1,511,Potential Loyalists,0,111,32,4.4541176470588235,3.212745999927128e-05,0,Low Risk
15898,3,22,4129.26,5,5,5,555,Champions,0,1820,277,6.916683417085427,2.4181458575012826e-05,0,Low Risk
15899,4,1,56.25,5,1,1,511,Potential Loyalists,0,39,4,14.0625,3.0608535640609906e-05,0,Low Risk
15900,49,3,549.29,3,3,3,333,Lost Customers,0,440,68,6.953037974683544,0.005427325693900378,0,Low Risk
15901,87,4,335.99,2,4,2,242,At Risk,0,316,49,6.339433962264151,0.3401260575548827,0,Low Risk
15902,16,1,145.01,4,1,1,411,Potential Loyalists,0,124,18,8.056111111111111,0.00012108937276747561,0,Low Risk
15903,14,5,3813.0800000000004,5,4,5,545,Champions,0,1516,20,90.78761904761906,0.00010190189784609876,0,Low Risk
15905,179,1,114.69,1,1,1,111,Lost Customers,1,82,22,5.213181818181818,0.999960878333635,1,High Risk
15906,10,3,962.5,5,3,3,533,Loyal Customers,0,205,41,18.872549019607842,5.980522497697809e-05,0,Low Risk
15908,126,2,758.62,2,3,3,233,At Risk,1,173,37,18.9655,0.9802401608047915,1,High Risk
15910,36,7,1432.29,3,5,4,354,Lost Customers,0,1145,244,4.046016949152542,0.0008472093617570246,0,Low Risk
15911,259,8,1700.24,1,5,4,154,At Risk,1,810,162,6.590077519379845,0.9999999962410169,1,High Risk
15912,72,7,810.08,2,5,3,253,At Risk,0,574,66,10.658947368421053,0.08376731761447313,0,Low Risk
15913,170,1,6.300000000000001,2,1,1,211,Lost Customers,1,3,1,6.300000000000001,0.9998930357438076,1,High Risk
15914,14,2,205.99,5,3,1,531,Loyal Customers,0,149,13,15.845384615384615,9.952575865988225e-05,0,Low Risk
15915,37,1,364.45,3,1,2,312,Lost Customers,0,414,105,3.225221238938053,0.0011501606176418243,0,Low Risk
15916,2,7,1874.83,5,5,4,554,Champions,0,931,139,11.15970238095238,2.0149268161359305e-05,0,Low Risk
15917,242,4,407.07,1,4,2,142,At Risk,1,206,115,3.131307692307692,0.9999999727613077,1,High Risk
15918,267,1,248.65,1,1,1,111,Lost Customers,1,87,21,11.84047619047619,0.9999999987544881,1,High Risk
15919,4,1,214.07999999999998,5,1,1,511,Potential Loyalists,0,175,38,5.489230769230769,2.8090197877628322e-05,0,Low Risk
15920,60,5,401.64,3,4,2,342,Lost Customers,0,139,42,8.545531914893617,0.022157233620520533,0,Low Risk
15921,32,3,452.23,4,3,2,432,Loyal Customers,0,173,52,8.222363636363637,0.0007744999851899075,0,Low Risk
15922,9,1,369.5,5,1,2,512,Potential Loyalists,0,138,11,33.59090909090909,5.402336093289759e-05,0,Low Risk
15923,8,1,127.08,5,1,1,511,Potential Loyalists,0,122,21,6.051428571428572,4.69164756422333e-05,0,Low Risk
15924,367,1,102.82,1,1,1,111,Lost Customers,1,103,14,6.854666666666666,0.9999999999999905,1,High Risk
15926,178,1,134.44,1,1,1,111,Lost Customers,1,155,7,19.205714285714286,0.9999574136200222,1,High Risk
15927,283,1,106.54,1,1,1,111,Lost Customers,1,66,13,7.102666666666667,0.9999999998140603,1,High Risk
15928,292,1,293.53,1,1,2,112,Lost Customers,1,164,11,26.684545454545454,0.9999999999355738,1,High Risk
15929,280,1,594.0,1,1,3,113,Lost Customers,1,120,1,594.0,0.9999999997396585,1,High Risk
15931,64,1,239.9,3,1,1,311,Lost Customers,0,118,14,17.135714285714286,0.03349868968770637,0,Low Risk
15934,53,2,2190.66,3,3,5,335,Lost Customers,0,2166,29,75.53999999999999,0.008672910846725614,0,Low Risk
15936,15,2,282.79,4,3,2,432,Loyal Customers,0,211,16,14.883684210526317,0.00011090981167228359,0,Low Risk
15938,92,4,330.23,2,4,2,242,At Risk,1,209,19,15.725238095238096,0.5002693016008517,1,Medium Risk
15939,10,1,2945.38,5,1,5,515,Potential Loyalists,0,1532,41,34.651529411764706,5.3985989787577575e-05,0,Low Risk
15941,273,1,405.0,1,1,2,112,Lost Customers,1,60,6,67.5,0.9999999994069781,1,High Risk
15943,285,2,271.28999999999996,1,3,2,132,At Risk,1,183,12,22.607499999999998,0.9999999998568398,1,High Risk
15944,29,3,1839.1399999999999,4,3,4,434,Loyal Customers,0,809,25,57.473124999999996,0.000568120958633077,0,Low Risk
15945,1,4,646.27,5,4,3,543,Loyal Customers,0,345,24,23.081071428571427,2.2080759486711953e-05,0,Low Risk
15946,138,3,2304.18,2,3,5,235,At Risk,1,1614,25,88.62230769230769,0.9951304507602788,1,High Risk
15948,60,1,553.85,3,1,3,313,Lost Customers,0,285,35,15.824285714285715,0.020066128866929857,0,Low Risk
15950,11,6,5376.2,5,5,5,555,Champions,0,2635,182,18.162837837837838,4.817733870395067e-05,0,Low Risk
15951,17,1,304.95,4,1,2,412,Potential Loyalists,0,107,18,16.941666666666666,0.00013633220991867283,0,Low Risk
15953,5,11,1990.8,5,5,4,554,Champions,0,950,61,23.421176470588236,3.864270307276406e-05,0,Low Risk
15954,225,1,190.75,1,1,1,111,Lost Customers,1,119,20,9.5375,0.9999998259273536,1,High Risk
15955,8,9,4242.1,5,5,5,555,Champions,0,2078,115,23.698882681564246,4.4022548685742545e-05,0,Low Risk
15956,187,2,617.6,1,3,3,133,At Risk,1,278,18,34.31111111111111,0.9999852005418159,1,High Risk
15957,56,2,492.36,3,3,2,332,Lost Customers,0,242,88,4.734230769230769,0.011478338110248273,0,Low Risk
15958,39,3,357.77,3,3,2,332,Lost Customers,0,121,45,6.168448275862069,0.00179577751492056,0,Low Risk
15959,318,3,542.89,1,3,3,133,At Risk,1,269,58,7.646338028169014,0.9999999999967917,1,High Risk
15960,10,4,410.95,5,4,2,542,Loyal Customers,0,258,24,15.805769230769231,6.383387377030365e-05,0,Low Risk
15961,15,1,451.28999999999996,4,1,2,412,Potential Loyalists,0,154,42,10.745,0.00010161986017242135,0,Low Risk
15962,85,1,289.48,2,1,2,212,Lost Customers,0,228,43,5.263272727272728,0.27590764920113364,0,Low Risk
15964,299,1,269.21000000000004,1,2,2,122,Lost Customers,1,93,20,13.460500000000001,0.9999999999711942,1,High Risk
15965,3,10,2119.26,5,5,4,554,Champions,0,953,144,8.942025316455696,2.4366701089336854e-05,0,Low Risk
15966,86,1,426.53000000000003,2,2,2,222,Lost Customers,0,275,27,15.797407407407409,0.3077558948073767,0,Low Risk
15967,15,10,2568.32,4,5,5,455,Champions,0,978,270,6.420800000000001,7.401519003541461e-05,0,Low Risk
15968,24,1,404.55,4,2,2,422,Potential Loyalists,0,247,70,5.056875,0.00027296393530650145,0,Low Risk
15969,61,2,460.95,3,3,2,332,Lost Customers,0,99,15,30.73,0.02440553321759986,0,Low Risk
15970,234,1,703.22,1,2,3,123,Lost Customers,1,382,13,54.09384615384616,0.9999999400455868,1,High Risk
15971,21,6,1702.98,4,5,4,454,Champions,0,534,3,243.28285714285715,0.00025598458455521246,0,Low Risk
15972,92,5,1769.33,2,4,4,244,At Risk,1,468,104,12.728992805755395,0.45520397914482164,0,Medium Risk
15973,2,3,680.62,5,3,3,533,Loyal Customers,0,195,8,61.874545454545455,2.5217777003134396e-05,0,Low Risk
15976,46,4,1266.77,3,4,4,344,Lost Customers,0,778,203,4.4920921985815605,0.002817470569708522,0,Low Risk
15978,68,2,2180.64,3,3,5,335,Lost Customers,0,1556,72,27.258,0.04511552256884527,0,Low Risk
15979,238,1,329.22,1,2,2,122,Lost Customers,1,450,22,14.964545454545457,0.9999999616236218,1,High Risk
15980,126,4,4144.82,2,4,5,245,At Risk,1,3262,65,57.56694444444444,0.9777476460040889,1,High Risk
15981,37,13,5954.29,3,5,5,355,Lost Customers,0,2961,106,31.174293193717276,0.0014795970413550295,0,Low Risk
15982,241,1,324.51,1,2,2,122,Lost Customers,1,131,45,7.211333333333333,0.9999999718666429,1,High Risk
15983,1,6,2458.9,5,5,5,555,Champions,0,1540,111,12.233333333333334,1.8216089151929142e-05,0,Low Risk
15984,4,21,5735.09,5,5,5,555,Champions,0,3971,290,12.830178970917226,2.3692411383361163e-05,0,Low Risk
15985,72,5,1572.8600000000001,2,4,4,244,At Risk,0,1664,34,23.475522388059705,0.08223140764379262,0,Low Risk
15986,17,1,186.3,4,2,1,421,Potential Loyalists,0,100,11,16.936363636363637,0.00013862122240788284,0,Low Risk
15987,4,2,216.7,5,3,1,531,Loyal Customers,0,152,47,4.334,2.830390767726269e-05,0,Low Risk
15988,187,2,582.11,1,3,3,133,At Risk,1,296,93,6.1926595744680855,0.9999822927535835,1,High Risk
15989,11,2,368.31,5,3,2,532,Loyal Customers,0,169,81,4.2826744186046515,5.944339011664169e-05,0,Low Risk
15990,130,5,1205.64,2,4,4,244,At Risk,1,643,86,9.64512,0.9869443167776587,1,High Risk
15991,170,1,150.55,2,2,1,221,Lost Customers,1,41,6,25.09166666666667,0.9998915956237583,1,High Risk
15992,32,2,854.61,4,3,3,433,Loyal Customers,0,497,51,16.757058823529412,0.0007461349907071058,0,Low Risk
15994,47,2,761.4100000000001,3,3,3,333,Lost Customers,0,289,69,10.018552631578949,0.004192320650172823,0,Low Risk
15995,50,1,694.54,3,2,3,323,Lost Customers,0,352,108,6.314,0.0052657993704825715,0,Low Risk
15996,2,2,617.07,5,3,3,533,Loyal Customers,0,358,68,7.911153846153847,2.1129161281347117e-05,0,Low Risk
15998,29,11,5193.92,4,5,5,455,Champions,0,3318,502,5.639435396308361,0.00020892544797601376,0,Low Risk
15999,371,1,20.4,1,2,1,121,Lost Customers,1,24,1,20.4,0.9999999999999942,1,High Risk
16001,17,1,583.39,4,2,3,423,Potential Loyalists,0,337,29,20.11689655172414,0.00013171573259708458,0,Low Risk
16002,261,1,169.21,1,2,1,121,Lost Customers,1,70,42,4.028809523809524,0.9999999973489091,1,High Risk
16003,17,5,2878.46,4,4,5,445,Champions,0,1025,89,28.7846,0.0001251711248622221,0,Low Risk
16004,110,5,2146.39,2,4,5,245,At Risk,1,1076,63,23.848777777777777,0.8821677235692632,1,High Risk
16005,11,6,1786.78,5,5,4,554,Champions,0,989,170,6.313710247349824,5.23163122386872e-05,0,Low Risk
16006,23,1,231.42,4,2,1,421,Potential Loyalists,0,121,67,3.3059999999999996,0.0002455039678301518,0,Low Risk
16007,19,3,1359.25,4,3,4,434,Loyal Customers,0,1243,206,4.92481884057971,0.00011182058310101052,0,Low Risk
16008,18,12,4860.35,4,5,5,455,Champions,0,2914,58,22.0925,0.00017260659732645014,0,Low Risk
16010,12,8,1302.46,5,5,4,554,Champions,0,717,69,6.202190476190476,7.996890515841685e-05,0,Low Risk
16011,2,14,2486.0,5,5,5,555,Champions,0,1413,142,10.48945147679325,2.3954818015761327e-05,0,Low Risk
16012,37,2,1563.3,3,3,4,334,Lost Customers,0,961,138,10.781379310344827,0.001073999664116948,0,Low Risk
16013,7,39,20009.84,5,5,5,555,Champions,0,10344,30,250.123,8.435098381369749e-05,0,Low Risk
16014,44,2,453.45,3,3,2,332,Lost Customers,0,204,127,3.3098540145985402,0.0025752861798359382,0,Low Risk
16016,2,4,980.91,5,4,3,543,Loyal Customers,0,417,87,7.056906474820144,2.13350381721014e-05,0,Low Risk
16017,53,4,1333.7,3,4,4,344,Lost Customers,0,533,81,13.609183673469389,0.008622739735194906,0,Low Risk
16018,32,2,289.23,4,3,2,432,Loyal Customers,0,313,26,10.329642857142858,0.0007964888084454995,0,Low Risk
16019,17,18,13542.92,4,5,5,455,Champions,0,5226,156,55.73218106995885,0.00013466634677599204,0,Low Risk
16021,31,2,487.03,4,3,2,432,Loyal Customers,0,276,117,3.8653174603174603,0.0005710982423522496,0,Low Risk
16024,47,2,232.96,3,3,1,331,Lost Customers,0,107,21,10.58909090909091,0.004725167721223187,0,Low Risk
16027,93,9,1113.74,2,5,4,254,At Risk,1,952,11,58.6178947368421,0.5624735380610143,1,Medium Risk
16028,231,1,82.2,1,2,1,121,Lost Customers,1,18,5,16.44,0.9999999173738129,1,High Risk
16029,8,47,41184.3,5,5,5,555,Champions,0,16278,26,292.08723404255323,0.00010120053221472563,0,Low Risk
16032,92,6,1965.72,2,5,4,254,At Risk,1,1467,130,9.36057142857143,0.43740786559313066,0,Medium Risk
16033,5,8,1985.6299999999999,5,5,4,554,Champions,0,723,173,7.726186770428015,2.742545609663895e-05,0,Low Risk
16034,30,3,473.62,4,3,2,432,Loyal Customers,0,343,28,13.93,0.0006440348484646446,0,Low Risk
16035,196,1,217.73,1,2,1,121,Lost Customers,1,33,21,10.368095238095238,0.9999947284691163,1,High Risk
16036,60,2,1797.92,3,3,4,334,Lost Customers,0,653,79,21.152,0.01841131898200778,0,Low Risk
16037,180,2,654.32,1,3,3,133,At Risk,1,338,32,20.4475,0.9999650664150332,1,High Risk
16039,59,2,456.4,3,3,2,332,Lost Customers,0,409,27,14.2625,0.01863540730389603,0,Low Risk
16040,66,4,1103.35,3,4,4,344,Lost Customers,0,501,50,18.389166666666664,0.04145472847908854,0,Low Risk
16042,15,3,1067.85,4,3,4,434,Loyal Customers,0,687,50,18.09915254237288,0.00010348264234616782,0,Low Risk
16043,15,4,1082.6000000000001,4,4,4,444,Champions,0,508,29,31.841176470588238,0.0001126645903315565,0,Low Risk
16044,71,1,340.84000000000003,2,2,2,222,Lost Customers,0,170,19,17.938947368421054,0.07226748966454916,0,Low Risk
16045,52,4,2094.23,3,4,4,344,Lost Customers,0,1211,59,32.218923076923076,0.007889907679325108,0,Low Risk
16046,198,1,235.78,1,2,1,121,Lost Customers,1,248,22,10.717272727272727,0.9999957889520444,1,High Risk
16047,318,1,107.14,1,2,1,121,Lost Customers,1,1,1,107.14,0.999999999997059,1,High Risk
16048,9,4,818.7900000000001,5,4,3,543,Loyal Customers,0,425,30,22.74416666666667,5.563850842172498e-05,0,Low Risk
16049,11,3,777.34,5,3,3,533,Loyal Customers,0,369,175,4.179247311827957,4.852526626024756e-05,0,Low Risk
16050,19,2,162.8,4,3,1,431,Loyal Customers,0,110,9,14.8,0.00018118280444347906,0,Low Risk
16051,317,1,188.44,1,2,1,121,Lost Customers,1,80,12,15.703333333333333,0.9999999999966003,1,High Risk
16053,49,4,2122.89,3,4,4,344,Lost Customers,0,1274,101,19.299,0.005018470560666483,0,Low Risk
16054,54,3,1327.98,3,3,4,334,Lost Customers,0,411,49,25.538076923076922,0.010208264088839836,0,Low Risk
16057,155,3,1591.73,2,3,4,234,At Risk,1,828,91,16.409587628865978,0.9992479701590823,1,High Risk
16058,42,1,62.7,3,2,1,321,Lost Customers,0,18,2,31.35,0.002681896722186458,0,Low Risk
16059,3,7,1718.66,5,5,4,554,Champions,0,841,145,7.4400865800865805,2.2411868467318957e-05,0,Low Risk
16060,36,3,541.95,3,3,3,333,Lost Customers,0,243,22,22.58125,0.0013276274975426883,0,Low Risk
16061,67,1,89.65,3,2,1,321,Lost Customers,0,19,3,29.883333333333336,0.048345818544406,0,Low Risk
16062,15,4,1709.83,4,4,4,444,Champions,0,1235,100,14.130826446280992,9.264926257648517e-05,0,Low Risk
16064,361,1,109.31,1,2,1,121,Lost Customers,1,55,17,6.43,0.9999999999999807,1,High Risk
16065,1,8,1992.13,5,5,4,554,Champions,0,1207,214,5.643427762039661,1.5245644482476256e-05,0,Low Risk
16067,198,3,3269.11,1,3,5,135,At Risk,1,1236,60,48.07514705882353,0.9999955069708011,1,High Risk
16068,229,1,115.73,1,2,1,121,Lost Customers,1,48,34,3.3065714285714285,0.9999998878669646,1,High Risk
16069,53,1,457.7,3,2,2,322,Lost Customers,0,138,25,18.308,0.009169260109813547,0,Low Risk
16071,163,3,750.5600000000001,2,3,3,233,At Risk,1,517,47,14.433846153846154,0.9997382612276698,1,High Risk
16072,64,3,3595.77,3,3,5,335,Lost Customers,0,1440,399,7.078287401574803,0.013831039296312119,0,Low Risk
16074,26,1,252.5,4,2,2,422,Potential Loyalists,0,38,23,10.1,0.00038929353308418495,0,Low Risk
16075,138,2,736.9300000000001,2,3,3,233,At Risk,1,271,41,17.973902439024393,0.9950453136758798,1,High Risk
16077,261,1,2300.4,1,2,5,125,Lost Customers,1,840,8,287.55,0.9999999974828766,1,High Risk
16078,305,1,283.79,1,2,2,122,Lost Customers,1,184,38,7.4681578947368426,0.9999999999851041,1,High Risk
16080,21,2,385.40000000000003,4,3,2,432,Loyal Customers,0,170,20,19.270000000000003,0.0002228939704654222,0,Low Risk
16081,2,4,1637.14,5,4,4,544,Champions,0,757,144,9.803233532934133,1.840919820992417e-05,0,Low Risk
16082,306,1,106.75,1,2,1,121,Lost Customers,1,39,16,6.671875,0.9999999999874996,1,High Risk
16083,18,2,1033.8,4,3,4,434,Loyal Customers,0,606,38,25.845,0.00014777344974654098,0,Low Risk
16085,16,7,1359.52,4,5,4,454,Champions,0,746,168,6.536153846153846,9.815956956515006e-05,0,Low Risk
16086,3,6,1743.6,5,5,4,554,Champions,0,1015,59,17.791836734693877,2.6575107846615067e-05,0,Low Risk
16087,25,5,1739.92,4,4,4,444,Champions,0,664,6,173.99200000000002,0.00039412366393901875,0,Low Risk
16088,211,2,1437.43,1,3,4,134,At Risk,1,373,3,239.5716666666667,0.9999991471967397,1,High Risk
16089,22,2,263.49,4,3,2,432,Loyal Customers,0,119,42,5.606170212765957,0.00023833372251829576,0,Low Risk
16090,260,1,180.56,1,2,1,121,Lost Customers,1,58,18,10.03111111111111,0.9999999971851514,1,High Risk
16092,140,3,770.08,2,3,3,233,At Risk,1,560,28,19.745641025641028,0.9962632987077544,1,High Risk
16094,11,7,2617.33,5,5,5,555,Champions,0,1373,74,19.679172932330825,6.68186341949148e-05,0,Low Risk
16095,92,1,447.05,2,2,2,222,Lost Customers,1,265,30,14.901666666666667,0.47215807448843383,0,Medium Risk
16096,52,3,1264.3500000000001,3,3,4,334,Lost Customers,0,545,49,23.41388888888889,0.008042730822944235,0,Low Risk
16098,9,8,2435.67,5,5,5,555,Champions,0,1529,70,25.63863157894737,5.44749330788885e-05,0,Low Risk
16099,53,4,841.3,3,4,3,343,Lost Customers,0,526,21,28.043333333333333,0.009924287398115402,0,Low Risk
16100,98,1,582.64,2,2,3,223,Lost Customers,1,438,37,15.747027027027027,0.6390666999880384,1,Medium Risk
16101,70,3,1938.46,3,3,4,334,Lost Customers,0,1087,94,16.71086206896552,0.05605223029252592,0,Low Risk
16103,25,16,4762.07,4,5,5,455,Champions,0,2081,92,31.32940789473684,0.00041883565222105873,0,Low Risk
16104,54,8,2476.25,3,5,5,355,Lost Customers,0,925,162,12.138480392156863,0.008838134198045355,0,Low Risk
16105,74,4,2049.23,2,4,4,244,At Risk,0,1795,80,21.126082474226806,0.08957591962029778,0,Low Risk
16108,70,3,1393.42,3,3,4,334,Lost Customers,0,858,79,16.01632183908046,0.058380033301382625,0,Low Risk
16109,334,1,327.6,1,2,2,122,Lost Customers,1,480,13,25.200000000000003,0.9999999999995317,1,High Risk
16110,158,1,460.64,2,2,2,222,Lost Customers,1,160,84,5.234545454545454,0.9994625782570024,1,High Risk
16111,64,1,549.33,3,2,3,323,Lost Customers,0,233,72,7.525068493150686,0.029195897588166292,0,Low Risk
16115,33,4,892.92,4,4,3,443,Loyal Customers,0,595,99,6.378,0.0007889335033846712,0,Low Risk
16117,38,2,422.19,3,3,2,332,Lost Customers,0,191,46,7.155762711864407,0.0015448952635351895,0,Low Risk
16118,288,1,4376.25,1,2,5,125,Lost Customers,1,2851,41,106.73780487804878,0.9999999998782736,1,High Risk
16119,30,6,1297.45,4,5,4,454,Champions,0,571,31,34.14342105263158,0.0006909889405433629,0,Low Risk
16120,58,2,1658.3700000000001,3,3,4,334,Lost Customers,0,1283,60,26.747903225806454,0.0149052732233901,0,Low Risk
16121,26,3,595.38,4,3,3,433,Loyal Customers,0,303,112,4.252714285714286,0.00032995200757946055,0,Low Risk
16122,2,3,316.92,5,3,2,532,Loyal Customers,0,270,15,12.18923076923077,2.472633892996264e-05,0,Low Risk
16124,54,3,1523.49,3,3,4,334,Lost Customers,0,749,57,21.457605633802817,0.009894215487741338,0,Low Risk
16125,3,14,4292.35,5,5,5,555,Champions,0,1819,168,14.955923344947736,2.5054254203555586e-05,0,Low Risk
16126,15,11,8356.83,4,5,5,455,Champions,0,4027,122,31.53520754716981,9.788666276683554e-05,0,Low Risk
16127,362,1,145.06,1,2,1,121,Lost Customers,1,68,35,4.144571428571429,0.999999999999982,1,High Risk
16128,16,6,1920.83,4,5,4,454,Champions,0,1457,82,20.654086021505375,0.00011416205107463426,0,Low Risk
16129,43,3,1396.05,3,3,4,334,Lost Customers,0,1261,91,14.542187499999999,0.0024696767783708167,0,Low Risk
16130,58,4,987.48,3,4,4,344,Lost Customers,0,296,53,17.95418181818182,0.016601928903647468,0,Low Risk
16131,11,6,6450.88,5,5,5,555,Champions,0,2966,105,45.7509219858156,5.73113105188209e-05,0,Low Risk
16132,180,2,664.1999999999999,1,3,3,133,At Risk,1,280,14,39.07058823529411,0.9999666002345429,1,High Risk
16133,12,23,8403.22,5,5,5,555,Champions,0,4766,129,40.79233009708737,9.214413299016444e-05,0,Low Risk
16134,59,3,1527.25,3,3,4,334,Lost Customers,0,1266,69,18.854938271604937,0.01685213280312513,0,Low Risk
16135,219,1,301.9,1,2,2,122,Lost Customers,1,186,18,16.772222222222222,0.9999996482334456,1,High Risk
16136,299,1,237.42,1,2,1,121,Lost Customers,1,234,9,26.38,0.9999999999717777,1,High Risk
16137,316,1,422.7,1,2,2,122,Lost Customers,1,210,28,15.096428571428572,0.9999999999960096,1,High Risk
16138,14,3,910.35,5,3,3,533,Loyal Customers,0,774,35,24.604054054054053,9.49785324567774e-05,0,Low Risk
16139,358,2,475.74,1,3,2,132,At Risk,1,272,23,18.29769230769231,0.9999999999999725,1,High Risk
16140,7,2,832.4200000000001,5,3,3,533,Loyal Customers,0,646,33,23.12277777777778,4.091922531892574e-05,0,Low Risk
16141,53,1,335.54,3,2,2,322,Lost Customers,0,172,20,16.777,0.009263380784884142,0,Low Risk
16143,5,7,2485.89,5,5,5,555,Champions,0,1092,71,20.376147540983606,3.35765386111282e-05,0,Low Risk
16145,24,8,3005.9500000000003,4,5,5,455,Champions,0,2147,110,17.476453488372094,0.00028271594738417985,0,Low Risk
16146,84,1,212.25,2,2,1,221,Lost Customers,0,117,12,17.6875,0.2680351699014941,0,Low Risk
16147,36,4,2023.91,3,4,4,344,Lost Customers,0,1149,101,17.75359649122807,0.0010967008087083795,0,Low Risk
16148,72,1,310.3,2,2,2,222,Lost Customers,0,178,8,38.7875,0.08246912405517666,0,Low Risk
16149,65,1,141.70000000000002,3,2,1,321,Lost Customers,0,290,12,11.808333333333335,0.037449412854196874,0,Low Risk
16150,8,6,2342.57,5,5,5,555,Champions,0,1117,90,19.3600826446281,4.433819323028908e-05,0,Low Risk
16153,56,6,3309.2599999999998,3,5,5,355,Lost Customers,0,2620,106,24.155182481751822,0.011311102393870951,0,Low Risk
16155,17,5,796.9,4,4,3,443,Loyal Customers,0,495,45,16.602083333333333,0.00014111824539363453,0,Low Risk
16156,18,11,3096.14,4,5,5,455,Champions,0,1932,101,23.27924812030075,0.0001565151966290561,0,Low Risk
16158,158,9,628.32,2,5,3,253,At Risk,1,182,29,17.952,0.9996234860939749,1,High Risk
16159,106,3,884.59,2,3,3,233,At Risk,1,399,25,23.27868421052632,0.8319690552610347,1,High Risk
16161,4,25,7210.59,5,5,5,555,Champions,0,3760,282,10.635088495575221,2.736619641386704e-05,0,Low Risk
16163,1,5,1992.98,5,4,4,544,Champions,0,576,59,29.745970149253733,2.0780689581234566e-05,0,Low Risk
16165,141,1,79.9,2,2,1,221,Lost Customers,1,2,1,79.9,0.996763721740962,1,High Risk
16166,64,2,435.83,3,3,2,332,Lost Customers,0,173,18,19.810454545454544,0.034052698604847276,0,Low Risk
16167,50,5,1386.1200000000001,3,4,4,344,Lost Customers,0,1494,51,22.001904761904765,0.006463812507641276,0,Low Risk
16168,5,40,6848.87,5,5,5,555,Champions,0,3207,104,32.45909952606635,7.328544193347602e-05,0,Low Risk
16170,31,14,4983.95,4,5,5,455,Champions,0,4286,187,15.822063492063492,0.0005872502643846013,0,Low Risk
16172,109,3,744.34,2,3,3,233,At Risk,1,632,41,16.916818181818183,0.8704624927381227,1,High Risk
16174,127,4,1237.2,2,4,4,244,At Risk,1,780,15,29.45714285714286,0.9838299069962612,1,High Risk
16175,107,3,798.85,2,3,3,233,At Risk,1,399,32,19.97125,0.8455856098888881,1,High Risk
16176,57,4,2052.69,3,4,4,344,Lost Customers,0,952,53,28.509583333333335,0.014461183695736853,0,Low Risk
16177,72,7,1915.36,2,5,4,254,At Risk,0,926,66,18.595728155339806,0.0829542855848226,0,Low Risk
16178,37,1,414.7,3,2,2,322,Lost Customers,0,210,17,24.394117647058824,0.0014296718922173087,0,Low Risk
16180,114,5,5995.69,2,4,5,245,At Risk,1,3946,106,36.33751515151515,0.9072514467431602,1,High Risk
16182,74,5,3354.0,2,4,5,245,At Risk,0,2096,8,145.82608695652175,0.10630091391706652,0,Low Risk
16183,30,3,739.1,4,3,3,433,Loyal Customers,0,238,17,28.426923076923078,0.0006641749696698039,0,Low Risk
16185,200,1,115.31,1,2,1,121,Lost Customers,1,61,9,12.812222222222223,0.9999967956220851,1,High Risk
16186,8,15,5019.17,5,5,5,555,Champions,0,3805,121,16.349087947882737,4.8170906409253936e-05,0,Low Risk
16188,44,1,105.80000000000001,3,2,1,321,Lost Customers,0,56,7,15.114285714285716,0.003347351440763734,0,Low Risk
16190,30,7,2508.4700000000003,4,5,5,455,Champions,0,1143,88,22.198849557522127,0.0006089545353684849,0,Low Risk
16191,11,11,10497.300000000001,5,5,5,555,Champions,0,5997,54,107.11530612244898,6.695298430902362e-05,0,Low Risk
16192,371,1,351.3,1,2,2,122,Lost Customers,1,208,11,31.936363636363637,0.999999999999994,1,High Risk
16193,46,1,315.98,3,2,2,322,Lost Customers,0,160,19,16.630526315789474,0.004098318911806807,0,Low Risk
16194,11,1,308.59999999999997,5,2,2,522,Potential Loyalists,0,140,8,38.574999999999996,6.88204748012703e-05,0,Low Risk
16195,359,1,323.25,1,2,2,122,Lost Customers,1,123,16,20.203125,0.9999999999999754,1,High Risk
16196,124,1,93.3,2,2,1,221,Lost Customers,1,26,4,23.325,0.9764141727454178,1,High Risk
16197,105,9,2016.71,2,5,4,254,At Risk,1,1420,52,21.68505376344086,0.8249357694674391,1,High Risk
16198,73,1,629.36,2,2,3,223,Lost Customers,0,255,18,34.964444444444446,0.08968367319882459,0,Low Risk
16199,28,7,942.75,4,5,3,453,Loyal Customers,0,321,2,94.275,0.000606577698091173,0,Low Risk
16200,18,10,4539.23,4,5,5,455,Champions,0,2552,241,10.293038548752833,0.0001068045556480878,0,Low Risk
16201,51,1,248.65,3,2,1,321,Lost Customers,0,135,13,19.126923076923077,0.007466724446215328,0,Low Risk
16202,53,8,2136.72,3,5,4,354,Lost Customers,0,1116,92,20.157735849056603,0.009204918494084143,0,Low Risk
16203,8,3,521.64,5,3,3,533,Loyal Customers,0,345,41,12.42,4.695869366577728e-05,0,Low Risk
16204,16,2,534.53,4,3,3,433,Loyal Customers,0,453,47,10.480980392156862,0.0001148628885424301,0,Low Risk
16205,32,3,1062.48,4,3,4,434,Loyal Customers,0,936,89,10.6248,0.000689563920609443,0,Low Risk
16206,23,9,2052.81,4,5,4,454,Champions,0,1107,139,11.59779661016949,0.00025048692384580304,0,Low Risk
16208,30,8,2776.19,4,5,5,455,Champions,0,1208,141,14.845935828877005,0.0005510100402414563,0,Low Risk
16209,18,4,1884.16,4,4,4,444,Champions,0,716,17,89.72190476190477,0.00016386394373813702,0,Low Risk
16210,4,19,17403.21,5,5,5,555,Champions,0,6704,103,110.14689873417721,3.2491812222904634e-05,0,Low Risk
16211,57,2,543.5699999999999,3,3,3,333,Lost Customers,0,365,12,41.81307692307692,0.01533857302328443,0,Low Risk
16212,254,2,603.37,1,3,3,133,At Risk,1,327,36,16.307297297297296,0.9999999941587927,1,High Risk
16214,71,1,975.5,2,2,3,223,Lost Customers,0,888,54,18.064814814814813,0.06525463100746984,0,Low Risk
16218,9,7,1355.29,5,5,4,554,Champions,0,1149,62,16.941125,5.462572491371088e-05,0,Low Risk
16219,136,1,40.8,2,2,1,221,Lost Customers,1,48,1,40.8,0.9941808242482638,1,High Risk
16221,3,7,1325.8,5,5,4,554,Champions,0,787,104,8.498717948717948,2.4741215015230283e-05,0,Low Risk
16222,357,1,498.5,1,2,2,122,Lost Customers,1,138,23,21.67391304347826,0.9999999999999685,1,High Risk
16223,10,2,1087.05,5,3,4,534,Loyal Customers,0,643,101,8.83780487804878,4.956169531437218e-05,0,Low Risk
16224,23,1,321.24,4,2,2,422,Potential Loyalists,0,439,20,16.062,0.00027130270237867585,0,Low Risk
16225,38,10,1762.99,3,5,4,354,Lost Customers,0,788,122,10.620421686746988,0.0015828970798619382,0,Low Risk
16226,14,2,417.05,5,3,2,532,Loyal Customers,0,329,20,18.132608695652173,9.724973714438013e-05,0,Low Risk
16227,130,2,713.0,2,3,3,233,At Risk,1,346,23,25.464285714285715,0.987885845308152,1,High Risk
16228,21,3,885.71,4,3,3,433,Loyal Customers,0,555,45,16.402037037037037,0.00021309022281800855,0,Low Risk
16229,17,4,1857.26,4,4,4,444,Champions,0,974,109,14.397364341085272,0.00011594439757724913,0,Low Risk
16231,15,4,1074.47,4,4,4,444,Champions,0,563,69,10.7447,0.00010222186052716341,0,Low Risk
16232,56,3,1722.09,3,3,4,334,Lost Customers,0,1299,49,25.32485294117647,0.012465008683504338,0,Low Risk
16233,2,7,1429.03,5,5,4,554,Champions,0,515,35,26.962830188679245,2.6209092143006193e-05,0,Low Risk
16234,112,3,333.18,2,3,2,232,At Risk,1,170,13,22.212,0.9122546562263406,1,High Risk
16235,11,4,1186.4,5,4,4,544,Champions,0,458,55,17.194202898550724,6.630823099223518e-05,0,Low Risk
16237,73,1,136.65,2,2,1,221,Lost Customers,0,57,7,19.521428571428572,0.09240152074933443,0,Low Risk
16238,58,1,63.66,3,2,1,321,Lost Customers,0,85,6,10.61,0.017157495321835615,0,Low Risk
16239,18,4,1078.0,4,4,4,444,Champions,0,464,9,67.375,0.00016835001573741975,0,Low Risk
16241,5,4,1680.2,5,4,4,544,Champions,0,912,264,5.2342679127725855,1.955738463324926e-05,0,Low Risk
16242,17,7,3824.79,4,5,5,455,Champions,0,1952,249,10.065236842105262,8.744536039785101e-05,0,Low Risk
16244,8,1,1056.63,5,2,4,524,Potential Loyalists,0,619,63,16.771904761904764,4.1730800249811006e-05,0,Low Risk
16246,95,2,821.35,2,3,3,233,At Risk,1,336,79,9.333522727272728,0.5376745808172692,1,Medium Risk
16250,9,2,401.94,5,3,2,532,Loyal Customers,0,168,22,16.0776,5.4085930604670216e-05,0,Low Risk
16251,148,1,128.31,2,2,1,221,Lost Customers,1,44,20,6.4155,0.9985110048193464,1,High Risk
16252,18,1,295.09000000000003,4,2,2,422,Potential Loyalists,0,158,21,14.051904761904764,0.00015195862580636712,0,Low Risk
16253,56,5,3588.34,3,4,5,345,Lost Customers,0,2797,144,20.62264367816092,0.009996163232070159,0,Low Risk
16254,14,3,967.44,5,3,3,533,Loyal Customers,0,543,65,13.073513513513515,8.924087357336788e-05,0,Low Risk
16255,1,8,2284.34,5,5,5,555,Champions,0,1282,136,8.652803030303032,1.8328715807664693e-05,0,Low Risk
16256,129,2,876.9399999999999,2,3,3,233,At Risk,1,1009,16,54.808749999999996,0.9862717081163982,1,High Risk
16258,23,10,6739.01,4,5,5,455,Champions,0,4206,166,32.24406698564594,0.00021702401704203213,0,Low Risk
16259,46,3,340.94,3,3,2,332,Lost Customers,0,143,75,4.011058823529412,0.0037977466484082696,0,Low Risk
16261,22,2,312.62,4,3,2,432,Loyal Customers,0,153,41,7.105,0.00023861551508025047,0,Low Risk
16262,14,1,755.15,5,2,3,523,Potential Loyalists,0,446,46,16.416304347826088,8.85438939302996e-05,0,Low Risk
16263,59,1,348.16,3,2,2,322,Lost Customers,0,197,19,16.57904761904762,0.01861368941931407,0,Low Risk
16264,74,2,823.53,2,3,3,233,At Risk,0,616,62,13.071904761904761,0.09197104507369086,0,Low Risk
16265,22,3,1488.17,4,3,4,434,Loyal Customers,0,568,67,18.83759493670886,0.00022768454565326676,0,Low Risk
16266,59,7,896.06,3,5,3,353,Lost Customers,0,393,41,18.667916666666667,0.020739508257789883,0,Low Risk
16267,227,1,186.66,1,2,1,121,Lost Customers,1,198,7,26.665714285714284,0.9999998661729191,1,High Risk
16269,73,1,717.57,2,2,3,223,Lost Customers,0,579,53,13.539056603773586,0.08218821237060894,0,Low Risk
16271,93,5,1993.18,2,4,4,244,At Risk,1,1335,116,11.79396449704142,0.46913475989526815,0,Medium Risk
16273,284,2,318.34000000000003,1,3,2,132,At Risk,1,40,15,21.22266666666667,0.9999999998387314,1,High Risk
16274,9,1,351.75,5,2,2,522,Potential Loyalists,0,153,64,5.411538461538462,4.7596231927648984e-05,0,Low Risk
16275,110,2,1591.24,2,3,4,234,At Risk,1,932,76,20.40051282051282,0.8700799024730869,1,High Risk
16276,115,2,1818.79,2,3,4,234,At Risk,1,1047,16,90.9395,0.9326412863101866,1,High Risk
16277,369,1,188.69,1,2,1,121,Lost Customers,1,33,23,8.203913043478261,0.9999999999999922,1,High Risk
16278,116,2,551.46,2,3,3,233,At Risk,1,228,30,17.233125,0.9394463307298337,1,High Risk
16279,21,6,4195.5,4,5,5,455,Champions,0,2637,165,17.33677685950413,0.00016212519904854785,0,Low Risk
16280,361,1,238.05,1,2,1,121,Lost Customers,1,101,16,14.878125,0.9999999999999807,1,High Risk
16281,59,2,1361.96,3,3,4,334,Lost Customers,0,636,19,61.907272727272726,0.018855320818830658,0,Low Risk
16282,123,2,1139.28,2,3,4,234,At Risk,1,676,21,51.78545454545454,0.9726255305548006,1,High Risk
16283,54,3,2779.51,3,3,5,335,Lost Customers,0,1631,277,6.681514423076924,0.00569959859587112,0,Low Risk
16284,29,1,205.8,4,2,1,421,Potential Loyalists,0,139,30,6.86,0.0005426169131538665,0,Low Risk
16285,282,1,176.9,1,2,1,121,Lost Customers,1,60,31,5.706451612903226,0.9999999997817595,1,High Risk
16286,113,2,328.95,2,3,2,232,At Risk,1,101,17,19.349999999999998,0.9186489404800638,1,High Risk
16287,12,4,864.48,5,4,3,543,Loyal Customers,0,1128,18,25.425882352941176,7.930354591071249e-05,0,Low Risk
16288,106,1,129.85,2,2,1,221,Lost Customers,1,19,7,18.55,0.8318775476188547,1,High Risk
16289,98,1,136.31,2,2,1,221,Lost Customers,1,97,21,6.490952380952381,0.6505944598630992,1,Medium Risk
16290,100,4,1957.7,2,4,4,244,At Risk,1,957,85,15.787903225806453,0.6814034627487232,1,Medium Risk
16291,318,1,117.72,1,2,1,121,Lost Customers,1,1,1,117.72,0.9999999999970584,1,High Risk
16292,16,4,951.51,4,4,3,443,Loyal Customers,0,497,38,21.144666666666666,0.00012406579159204362,0,Low Risk
16293,3,6,2408.96,5,5,5,555,Champions,0,1040,94,19.585040650406505,2.4465672492565887e-05,0,Low Risk
16294,112,1,126.05000000000001,2,2,1,221,Lost Customers,1,54,8,15.756250000000001,0.9089716859719501,1,High Risk
16296,262,4,1313.67,1,4,4,144,At Risk,1,645,56,17.752297297297297,0.9999999977167822,1,High Risk
16298,33,4,487.5,4,4,2,442,Loyal Customers,0,110,16,24.375,0.0009785006313614616,0,Low Risk
16299,113,1,193.65,2,2,1,221,Lost Customers,1,107,12,16.1375,0.9173870390306946,1,High Risk
16300,66,3,1367.32,3,3,4,334,Lost Customers,0,643,190,5.745042016806722,0.029089134559099825,0,Low Risk
16301,372,1,107.33,1,2,1,121,Lost Customers,1,41,6,17.888333333333332,0.9999999999999949,1,High Risk
16303,28,4,2567.64,4,4,5,445,Champions,0,1200,66,20.706774193548387,0.0004652974165675759,0,Low Risk
16304,330,1,381.66,1,2,2,122,Lost Customers,1,228,25,15.2664,0.9999999999992362,1,High Risk
16306,3,2,560.55,5,3,3,533,Loyal Customers,0,255,27,20.019642857142856,2.630640063932294e-05,0,Low Risk
16307,65,3,1194.92,3,3,4,334,Lost Customers,0,1123,69,15.932266666666667,0.0337063357016747,0,Low Risk
16308,42,3,2560.0,3,3,5,335,Lost Customers,0,8000,1,853.3333333333334,0.002069848958234534,0,Low Risk
16310,50,2,460.08,3,3,2,332,Lost Customers,0,270,26,16.431428571428572,0.006594416741940426,0,Low Risk
16312,68,1,171.15,3,2,1,321,Lost Customers,0,53,10,17.115000000000002,0.053164605661651654,0,Low Risk
16314,25,3,1491.4,4,3,4,434,Loyal Customers,0,636,58,24.05483870967742,0.00033015191965321864,0,Low Risk
16315,172,1,176.34,2,2,1,221,Lost Customers,1,68,9,19.593333333333334,0.9999136303513809,1,High Risk
16316,16,5,2806.0,4,4,5,445,Champions,0,1573,115,19.21917808219178,0.00010238212030726144,0,Low Risk
16317,186,2,850.86,1,3,3,133,At Risk,1,346,47,17.72625,0.9999821297185548,1,High Risk
16320,89,4,4590.53,2,4,5,245,At Risk,0,2587,138,24.813675675675675,0.3282215247569472,0,Low Risk
16321,262,2,230.9,1,3,1,131,At Risk,1,124,10,20.990909090909092,0.9999999978724079,1,High Risk
16323,213,1,146.16,1,2,1,121,Lost Customers,1,96,3,48.72,0.9999993142048316,1,High Risk
16325,60,9,3003.26,3,5,5,355,Lost Customers,0,2270,99,25.02716666666667,0.020110991503297287,0,Low Risk
16326,19,10,1682.03,4,5,4,454,Champions,0,401,122,10.072035928143713,0.00017208739745573997,0,Low Risk
16327,5,11,6874.97,5,5,5,555,Champions,0,5956,244,10.982380191693291,2.085324581866317e-05,0,Low Risk
16328,199,1,310.83,1,2,2,122,Lost Customers,1,141,16,19.426875,0.9999963250054977,1,High Risk
16329,63,4,1664.92,3,4,4,344,Lost Customers,0,797,83,16.008846153846154,0.02705695430541028,0,Low Risk
16330,60,4,373.46999999999997,3,4,2,342,Lost Customers,0,179,71,4.788076923076923,0.020111148980139156,0,Low Risk
16331,68,6,2037.7,3,5,4,354,Lost Customers,0,756,33,59.932352941176475,0.056431075129775646,0,Low Risk
16332,67,4,417.21000000000004,3,4,2,342,Lost Customers,0,331,41,9.069782608695652,0.047567785622501926,0,Low Risk
16334,128,1,263.73,2,2,2,222,Lost Customers,1,206,54,4.883888888888889,0.9831805443704307,1,High Risk
16335,187,7,2753.52,1,5,5,155,At Risk,1,1004,193,7.6274792243767315,0.9999800482835497,1,High Risk
16336,56,4,3517.69,3,4,5,345,Lost Customers,0,1473,64,51.73073529411765,0.012344783905788166,0,Low Risk
16340,75,2,961.93,2,3,3,233,At Risk,0,833,170,4.453379629629629,0.0803228006475771,0,Low Risk
16341,73,3,1878.92,2,4,4,244,At Risk,0,1624,67,23.196543209876545,0.08110168894002295,0,Low Risk
16343,43,1,285.54,3,2,2,322,Lost Customers,0,170,28,8.158285714285714,0.0028211064598747835,0,Low Risk
16344,145,3,741.3199999999999,2,4,3,243,At Risk,1,688,42,16.848181818181818,0.9978402346568953,1,High Risk
16345,119,1,613.33,2,2,3,223,Lost Customers,1,323,68,8.638450704225352,0.9513129796025386,1,High Risk
16346,21,1,224.51,4,2,1,421,Potential Loyalists,0,289,15,14.967333333333332,0.0002182201440165841,0,Low Risk
16347,24,9,2595.51,4,5,5,455,Champions,0,1374,167,10.099260700389106,0.0002612274941176095,0,Low Risk
16348,66,1,328.77,3,2,2,322,Lost Customers,0,359,29,10.605483870967742,0.040245654838870555,0,Low Risk
16350,10,5,1137.42,5,4,4,544,Champions,0,532,49,17.49876923076923,6.132278345204218e-05,0,Low Risk
16351,47,12,3176.13,3,5,5,355,Lost Customers,0,2075,123,17.743743016759776,0.004585844706067279,0,Low Risk
16353,5,16,3323.75,5,5,5,555,Champions,0,1525,46,41.546875,4.5246498142558026e-05,0,Low Risk
16354,15,3,723.66,4,4,3,443,Loyal Customers,0,442,87,7.164950495049505,9.556053492285323e-05,0,Low Risk
16355,11,1,416.35,5,2,2,522,Potential Loyalists,0,179,47,8.673958333333333,6.266108436557781e-05,0,Low Risk
16356,12,3,204.10000000000002,5,4,1,541,Loyal Customers,0,97,17,7.2892857142857155,8.031299422453102e-05,0,Low Risk
16357,17,1,209.49,4,2,1,421,Potential Loyalists,0,143,13,16.114615384615384,0.00013774242667362316,0,Low Risk
16358,30,1,892.1500000000001,4,2,3,423,Potential Loyalists,0,763,45,19.825555555555557,0.0005757715614888971,0,Low Risk
16359,12,7,946.83,5,5,3,553,Loyal Customers,0,581,52,16.047966101694914,8.130004170279586e-05,0,Low Risk
16362,73,1,212.17,2,2,1,221,Lost Customers,0,127,13,16.32076923076923,0.09100515826892043,0,Low Risk
16365,3,7,1766.78,5,5,4,554,Champions,0,631,63,22.364303797468356,2.747914098940209e-05,0,Low Risk
16366,218,3,1220.83,1,4,4,144,At Risk,1,626,57,20.347166666666666,0.9999995834741592,1,High Risk
16367,19,1,549.8100000000001,4,2,3,423,Potential Loyalists,0,460,90,5.7271875,0.00014340000921626365,0,Low Risk
16368,71,1,141.53,2,2,1,221,Lost Customers,0,56,20,6.73952380952381,0.07238025391709238,0,Low Risk
16369,72,4,1111.15,2,4,4,244,At Risk,0,559,36,21.368269230769233,0.08288281573738947,0,Low Risk
16371,84,1,157.2,2,2,1,221,Lost Customers,0,108,11,14.29090909090909,0.2685548814751212,0,Low Risk
16372,45,3,934.58,3,4,3,343,Lost Customers,0,564,203,4.1909417040358745,0.00245408863646797,0,Low Risk
16373,18,2,309.49,4,3,2,432,Loyal Customers,0,119,25,10.672068965517242,0.00015506198952236632,0,Low Risk
16374,38,3,1256.67,3,4,4,344,Lost Customers,0,534,210,5.30240506329114,0.0010628942813816788,0,Low Risk
16375,106,2,104.0,2,3,1,231,At Risk,1,74,11,8.0,0.834187115161076,1,High Risk
16377,253,1,632.28,1,2,3,123,Lost Customers,1,1428,5,126.45599999999999,0.9999999934370631,1,High Risk
16381,31,2,247.85,4,3,1,431,Loyal Customers,0,108,60,4.06311475409836,0.0006581583653204079,0,Low Risk
16382,44,2,353.1,3,3,2,332,Lost Customers,0,167,42,8.025,0.0031564920885731366,0,Low Risk
16383,32,5,2252.93,4,4,5,445,Champions,0,1129,198,7.460033112582781,0.0005601059547390566,0,Low Risk
16384,65,2,774.4499999999999,3,3,3,333,Lost Customers,0,601,48,16.134375,0.03506836013697108,0,Low Risk
16385,2,3,473.69,5,4,2,542,Loyal Customers,0,285,64,6.232763157894737,2.1994998855716465e-05,0,Low Risk
16386,23,1,765.59,4,2,3,423,Potential Loyalists,0,495,54,13.199827586206897,0.00024993467847290985,0,Low Risk
16387,31,4,788.1,4,4,3,443,Loyal Customers,0,404,68,9.495180722891567,0.000676272484371523,0,Low Risk
16388,289,1,186.05,1,2,1,121,Lost Customers,1,83,13,14.311538461538463,0.999999999908151,1,High Risk
16390,172,3,467.5,2,4,2,242,At Risk,1,122,16,22.261904761904763,0.9999168735354215,1,High Risk
16391,36,4,1052.26,3,4,4,344,Lost Customers,0,715,261,3.4613815789473685,0.0007594159795977251,0,Low Risk
16392,49,2,538.81,3,3,3,333,Lost Customers,0,403,92,5.334752475247524,0.004992008274644815,0,Low Risk
16393,5,11,2441.61,5,5,5,555,Champions,0,1514,247,5.678162790697675,2.4285584481793045e-05,0,Low Risk
16395,29,9,2036.35,4,5,4,454,Champions,0,1429,319,4.757827102803738,0.00032598473626543385,0,Low Risk
16396,112,1,137.8,2,2,1,221,Lost Customers,1,80,8,17.225,0.9088886792840066,1,High Risk
16397,264,1,123.13,1,2,1,121,Lost Customers,1,43,9,13.681111111111111,0.9999999982796997,1,High Risk
16399,25,1,222.20000000000002,4,2,1,421,Potential Loyalists,0,189,37,5.847368421052632,0.0003327714786567507,0,Low Risk
16400,31,8,2755.92,4,5,5,455,Champions,0,1894,187,11.579495798319329,0.0005407520154212707,0,Low Risk
16401,15,11,2750.83,4,5,5,455,Champions,0,2153,76,15.54141242937853,0.00011565241891269884,0,Low Risk
16402,5,1,205.65,5,2,1,521,Potential Loyalists,0,102,53,3.8083333333333336,3.057150927004708e-05,0,Low Risk
16406,86,2,374.01,2,3,2,232,At Risk,0,141,85,4.155666666666667,0.28582615167185677,0,Low Risk
16407,25,4,681.97,4,4,3,443,Loyal Customers,0,355,43,11.964385964912282,0.00035507460607294295,0,Low Risk
16408,227,1,231.93,1,2,1,121,Lost Customers,1,227,45,5.154,0.9999998533742269,1,High Risk
16409,16,7,3629.76,4,5,5,455,Champions,0,2360,277,6.672352941176471,7.153682163959181e-05,0,Low Risk
16410,370,1,130.32,1,2,1,121,Lost Customers,1,348,5,26.064,0.9999999999999933,1,High Risk
16411,5,3,673.24,5,4,3,543,Loyal Customers,0,399,119,4.288152866242038,2.7345564827997355e-05,0,Low Risk
16412,29,4,457.2,4,4,2,442,Loyal Customers,0,225,72,4.969565217391304,0.0005327124570376597,0,Low Risk
16413,11,1,259.83,5,2,2,522,Potential Loyalists,0,135,32,7.022432432432432,6.503058352350151e-05,0,Low Risk
16414,67,3,424.96000000000004,3,4,2,342,Lost Customers,0,174,54,7.588571428571429,0.045220220744739005,0,Low Risk
16415,219,2,496.49,1,3,2,132,At Risk,1,330,78,5.0662244897959186,0.9999996034034812,1,High Risk
16416,26,6,1906.48,4,5,4,454,Champions,0,1526,92,16.57808695652174,0.0003604204679759985,0,Low Risk
16417,128,1,35.7,2,2,1,221,Lost Customers,1,6,1,35.7,0.9852454534524288,1,High Risk
16418,44,2,397.62,3,3,2,332,Lost Customers,0,284,55,6.518360655737705,0.003046958062247691,0,Low Risk
16419,213,2,504.99,1,3,3,133,At Risk,1,273,34,12.62475,0.9999992783146788,1,High Risk
16420,32,1,75.0,4,2,1,421,Potential Loyalists,0,120,2,37.5,0.0008252475341753425,0,Low Risk
16421,12,3,526.27,5,4,3,543,Loyal Customers,0,123,35,13.849210526315789,7.691665976989411e-05,0,Low Risk
16422,5,59,28904.670000000002,5,5,5,555,Champions,0,32569,96,84.51657894736843,4.3503555659001484e-05,0,Low Risk
16424,18,1,309.5,4,2,2,422,Potential Loyalists,0,124,8,38.6875,0.00015688703189206367,0,Low Risk
16428,49,3,638.49,3,4,3,343,Lost Customers,0,575,121,5.02748031496063,0.004761597597805688,0,Low Risk
16430,17,6,817.09,4,5,3,453,Loyal Customers,0,204,17,37.140454545454546,0.00015688970064451624,0,Low Risk
16433,44,1,200.26,3,2,1,321,Lost Customers,0,108,17,11.78,0.0032631369911587205,0,Low Risk
16434,82,5,1161.89,2,4,4,244,At Risk,0,550,55,15.916301369863016,0.22373770593193784,0,Low Risk
16435,148,3,1003.0699999999999,2,4,4,244,At Risk,1,608,119,8.02456,0.9981827619150884,1,High Risk
16436,304,3,319.14,1,4,2,142,At Risk,1,227,37,7.9784999999999995,0.9999999999841747,1,High Risk
16437,17,2,301.25,4,3,2,432,Loyal Customers,0,197,17,14.345238095238095,0.00014007652694077955,0,Low Risk
16439,358,1,310.70000000000005,1,2,2,122,Lost Customers,1,74,9,34.522222222222226,0.9999999999999729,1,High Risk
16440,129,1,216.3,2,2,1,221,Lost Customers,1,90,25,8.652000000000001,0.9860668232290583,1,High Risk
16441,53,3,637.93,3,4,3,343,Lost Customers,0,305,55,10.457868852459015,0.008979114991064189,0,Low Risk
16442,240,2,282.68,1,3,2,132,At Risk,1,137,74,3.7194736842105263,0.999999967016939,1,High Risk
16443,156,1,162.24,2,2,1,221,Lost Customers,1,96,1,162.24,0.9994414911800577,1,High Risk
16444,26,13,2971.21,4,5,5,455,Champions,0,1538,159,10.352648083623693,0.00037502951107666274,0,Low Risk
16445,22,3,352.65,4,4,2,442,Loyal Customers,0,176,93,3.014102564102564,0.0002166165042642635,0,Low Risk
16447,226,2,471.19,1,3,2,132,At Risk,1,94,27,13.858529411764707,0.9999998472637557,1,High Risk
16448,107,1,178.13,2,2,1,221,Lost Customers,1,100,31,5.7461290322580645,0.8397758728780661,1,High Risk
16450,220,2,1193.81,1,3,4,134,At Risk,1,481,27,37.3065625,0.9999996864502994,1,High Risk
16451,197,2,746.1800000000001,1,3,3,133,At Risk,1,404,50,14.630980392156864,0.9999950531926359,1,High Risk
16452,266,2,332.17,1,3,2,132,At Risk,1,199,14,18.45388888888889,0.9999999986547976,1,High Risk
16453,166,2,251.71,2,3,2,232,At Risk,1,139,15,16.78066666666667,0.9998270406420354,1,High Risk
16454,242,2,24.05,1,3,1,131,At Risk,1,6,2,12.025,0.9999999781421616,1,High Risk
16455,7,6,2535.69,5,5,5,555,Champions,0,2113,85,20.28552,3.840164822152219e-05,0,Low Risk
16456,9,9,4630.16,5,5,5,555,Champions,0,2541,188,15.589764309764309,4.090739293611418e-05,0,Low Risk
16458,11,12,2208.15,5,5,5,555,Champions,0,1241,66,12.336033519553073,7.872390447308968e-05,0,Low Risk
16459,365,1,71.78999999999999,1,2,1,121,Lost Customers,1,59,5,14.357999999999999,0.9999999999999882,1,High Risk
16461,226,2,1402.91,1,3,4,134,At Risk,1,885,196,6.376863636363637,0.9999997648506351,1,High Risk
16465,56,2,746.24,3,3,3,333,Lost Customers,0,504,45,15.546666666666667,0.012583824473791012,0,Low Risk
16466,19,8,2171.13,4,5,5,455,Champions,0,992,134,11.427000000000001,0.00015470484898194426,0,Low Risk
16467,144,7,2869.16,2,5,5,255,At Risk,1,7384,14,119.54833333333333,0.9973803325996239,1,High Risk
16468,106,2,712.62,2,3,3,233,At Risk,1,340,37,16.572558139534884,0.8241551112402441,1,High Risk
16469,150,1,178.48000000000002,2,2,1,221,Lost Customers,1,72,23,7.760000000000001,0.9988132072812957,1,High Risk
16470,32,7,1664.08,4,5,4,454,Champions,0,813,211,5.473947368421053,0.0005805441352561417,0,Low Risk
16471,29,3,966.03,4,4,3,443,Loyal Customers,0,529,40,19.714897959183673,0.0005531469389056982,0,Low Risk
16472,70,2,789.6,3,3,3,333,Lost Customers,0,252,39,20.246153846153845,0.06347267103471803,0,Low Risk
16473,10,1,154.72,5,2,1,521,Potential Loyalists,0,100,10,15.472,6.098681518391042e-05,0,Low Risk
16476,67,1,350.35,3,2,2,322,Lost Customers,0,187,24,14.597916666666668,0.045850048982222225,0,Low Risk
16477,7,5,1825.56,5,4,4,544,Champions,0,1217,96,16.013684210526314,3.7578858282412506e-05,0,Low Risk
16481,318,1,453.38,1,2,2,122,Lost Customers,1,201,16,28.33625,0.9999999999969358,1,High Risk
16485,68,4,1923.54,3,4,4,344,Lost Customers,0,918,93,18.858235294117648,0.04643897002583245,0,Low Risk
16486,173,1,134.36,2,2,1,221,Lost Customers,1,24,7,19.194285714285716,0.9999237029160969,1,High Risk
16487,213,2,209.4,1,3,1,131,At Risk,1,163,28,5.982857142857143,0.9999992911044375,1,High Risk
16489,16,2,303.7,4,3,2,432,Loyal Customers,0,38,4,50.61666666666667,0.00012916091109109828,0,Low Risk
16490,72,1,205.41000000000003,2,2,1,221,Lost Customers,0,113,13,15.800769230769232,0.08177043669266074,0,Low Risk
16491,49,1,801.66,3,2,3,323,Lost Customers,0,582,48,16.701249999999998,0.005354870342514036,0,Low Risk
16492,176,1,385.56,1,2,2,122,Lost Customers,1,235,23,16.763478260869565,0.9999438876245436,1,High Risk
16493,80,3,780.46,2,4,3,243,At Risk,0,824,50,14.190181818181818,0.17721424073895423,0,Low Risk
16496,67,3,731.25,3,4,3,343,Lost Customers,0,653,42,17.00581395348837,0.04568854142045292,0,Low Risk
16497,49,17,3729.59,3,5,5,355,Lost Customers,0,1654,147,18.555174129353233,0.00640928553436194,0,Low Risk
16499,10,6,2212.89,5,5,5,555,Champions,0,1237,100,17.70312,5.450257361059584e-05,0,Low Risk
16500,10,3,443.05,5,4,2,542,Loyal Customers,0,263,19,19.26304347826087,6.279667626643372e-05,0,Low Risk
16501,19,1,1191.23,4,2,4,424,Potential Loyalists,0,628,181,5.98608040201005,0.0001148494158132553,0,Low Risk
16502,256,2,258.55,1,3,2,132,At Risk,1,220,41,6.30609756097561,0.9999999953436234,1,High Risk
16503,31,7,2182.41,4,5,5,455,Champions,0,966,113,16.917906976744185,0.0006491487244860043,0,Low Risk
16507,208,1,142.71,1,2,1,121,Lost Customers,1,111,37,3.755526315789474,0.999998660969883,1,High Risk
16508,266,1,240.95,1,2,1,121,Lost Customers,1,103,42,5.603488372093023,0.9999999985261661,1,High Risk
16510,8,6,1777.5,5,5,4,554,Champions,0,930,94,15.870535714285714,4.416769369432752e-05,0,Low Risk
16511,33,3,842.16,4,4,3,443,Loyal Customers,0,364,123,5.808,0.000730752265240075,0,Low Risk
16515,15,5,1554.92,4,4,4,444,Champions,0,747,106,12.43936,9.569238532687425e-05,0,Low Risk
16518,57,2,475.05,3,3,2,332,Lost Customers,0,197,28,16.96607142857143,0.014871286275415688,0,Low Risk
16519,1,3,327.68,5,4,2,542,Loyal Customers,0,120,25,11.702857142857143,2.1589259839759534e-05,0,Low Risk
16520,1,4,1427.57,5,4,4,544,Champions,0,704,201,5.5764453125,1.4304903201564211e-05,0,Low Risk
16521,51,3,1140.11,3,4,4,344,Lost Customers,0,1014,212,4.810590717299577,0.004772750262560693,0,Low Risk
16522,71,2,433.36,2,3,2,232,At Risk,0,212,16,24.075555555555557,0.07456914961230798,0,Low Risk
16523,51,7,2497.86,3,5,5,355,Lost Customers,0,714,61,30.83777777777778,0.0077539432028033125,0,Low Risk
16524,82,2,306.19,2,3,2,232,At Risk,0,259,50,5.777169811320754,0.21290441765244647,0,Low Risk
16525,2,23,11535.29,5,5,5,555,Champions,0,7231,86,64.44296089385476,2.8866474128777608e-05,0,Low Risk
16526,220,1,426.85,1,2,2,122,Lost Customers,1,173,20,21.3425,0.9999996860187002,1,High Risk
16527,60,1,1004.88,3,2,4,324,Lost Customers,0,602,58,17.03186440677966,0.018809452621591047,0,Low Risk
16529,113,3,1531.55,2,4,4,244,At Risk,1,541,72,15.628061224489796,0.909485763269035,1,High Risk
16530,304,1,48.349999999999994,1,2,1,121,Lost Customers,1,17,3,16.116666666666664,0.9999999999846747,1,High Risk
16531,17,4,1053.74,4,4,4,444,Champions,0,948,55,17.274426229508197,0.0001317276226772878,0,Low Risk
16532,67,2,2007.84,3,3,4,334,Lost Customers,0,528,1,1003.92,0.048319206973100125,0,Low Risk
16534,278,1,635.9,1,2,3,123,Lost Customers,1,168,36,17.663888888888888,0.9999999996453188,1,High Risk
16535,21,2,378.28999999999996,4,3,2,432,Loyal Customers,0,308,36,9.457249999999998,0.0002134314847124583,0,Low Risk
16537,277,1,23.35,1,2,1,121,Lost Customers,1,59,3,5.8375,0.9999999996322775,1,High Risk
16538,177,3,395.07,1,4,2,142,At Risk,1,254,35,9.635853658536584,0.9999514476534842,1,High Risk
16539,9,7,2343.2,5,5,5,555,Champions,0,838,76,21.899065420560746,5.361531330993111e-05,0,Low Risk
16540,50,1,205.75,3,2,1,321,Lost Customers,0,105,25,7.094827586206897,0.00646522567950333,0,Low Risk
16541,371,1,424.03,1,2,2,122,Lost Customers,1,173,38,11.158684210526316,0.9999999999999938,1,High Risk
16542,37,1,137.7,3,2,1,321,Lost Customers,0,96,9,15.299999999999999,0.0014627621139440045,0,Low Risk
16543,227,1,292.21,1,2,2,122,Lost Customers,1,317,18,16.233888888888888,0.9999998620452638,1,High Risk
16544,155,4,376.70000000000005,2,4,2,242,At Risk,1,150,8,34.24545454545455,0.9994135502217597,1,High Risk
16545,11,1,350.52,5,2,2,522,Potential Loyalists,0,244,5,70.104,6.900188626989716e-05,0,Low Risk
16546,8,4,4819.32,5,4,5,545,Champions,0,3818,56,69.84521739130435,4.118936084969637e-05,0,Low Risk
16547,182,1,104.25999999999999,1,2,1,121,Lost Customers,1,108,25,4.1704,0.9999722858087253,1,High Risk
16548,235,1,30.15,1,2,1,121,Lost Customers,1,6,6,5.0249999999999995,0.9999999482923398,1,High Risk
16549,33,24,8746.9,4,5,5,455,Champions,0,4793,646,4.0345479704797045,0.0003262018445464254,0,Low Risk
16550,4,14,7069.27,5,5,5,555,Champions,0,4122,209,12.806648550724638,2.3558822339763962e-05,0,Low Risk
16551,59,4,1315.0,3,4,4,344,Lost Customers,0,1106,44,23.482142857142858,0.01847097573734169,0,Low Risk
16552,9,1,95.29,5,2,1,521,Potential Loyalists,0,39,5,19.058,5.498649022390249e-05,0,Low Risk
16553,32,21,10864.19,4,5,5,455,Champions,0,11827,149,52.23168269230769,0.0006683271324656534,0,Low Risk
16554,22,5,2004.6200000000001,4,4,4,444,Champions,0,944,80,17.431478260869568,0.00023047723368694613,0,Low Risk
16555,141,4,1629.79,2,4,4,244,At Risk,1,1641,46,33.26102040816326,0.9964910304028546,1,High Risk
16556,11,10,4698.79,5,5,5,555,Champions,0,2463,183,17.08650909090909,5.404772609696944e-05,0,Low Risk
16558,2,19,5535.02,5,5,5,555,Champions,0,2711,194,17.296937500000002,2.3359862565385052e-05,0,Low Risk
16559,33,1,175.0,4,2,1,421,Potential Loyalists,0,61,17,10.294117647058824,0.0008983254148529278,0,Low Risk
16560,33,6,2206.9700000000003,4,5,5,455,Champions,0,1103,102,15.542042253521128,0.0008154075007623577,0,Low Risk
16562,112,1,223.85999999999999,2,2,1,221,Lost Customers,1,264,34,6.584117647058823,0.9030309572549812,1,High Risk
16563,36,5,3334.82,3,4,5,345,Lost Customers,0,2098,46,47.64028571428572,0.0012436751164010727,0,Low Risk
16564,205,1,87.8,1,2,1,121,Lost Customers,1,40,5,17.56,0.9999982385894716,1,High Risk
16565,42,3,599.35,3,4,3,343,Lost Customers,0,165,7,74.91875,0.0027892113144051375,0,Low Risk
16568,63,2,1020.9000000000001,3,3,4,334,Lost Customers,0,366,5,204.18,0.031031045392281516,0,Low Risk
16569,267,4,1331.03,1,4,4,144,At Risk,1,895,23,44.367666666666665,0.9999999988162165,1,High Risk
16570,15,10,3695.91,4,5,5,455,Champions,0,2180,66,32.13834782608696,0.00011531210067978456,0,Low Risk
16571,31,7,2827.05,4,5,5,455,Champions,0,2464,103,16.82767857142857,0.0006285249066463998,0,Low Risk
16574,59,2,850.34,3,3,3,333,Lost Customers,0,586,58,14.661034482758621,0.01723093562343382,0,Low Risk
16576,56,2,540.87,3,3,3,333,Lost Customers,0,323,32,16.39,0.01305789643674656,0,Low Risk
16577,302,1,380.0,1,2,2,122,Lost Customers,1,142,23,16.52173913043478,0.999999999979581,1,High Risk
16578,262,1,156.6,1,2,1,121,Lost Customers,1,108,9,17.4,0.9999999978179197,1,High Risk
16579,61,1,295.05,3,2,2,322,Lost Customers,0,119,14,21.075,0.0237749409894428,0,Low Risk
16583,9,2,297.95,5,3,2,532,Loyal Customers,0,153,18,16.552777777777777,5.46201525392834e-05,0,Low Risk
16584,68,3,2220.09,3,4,5,345,Lost Customers,0,1267,46,41.11277777777778,0.04968592329015064,0,Low Risk
16585,229,2,341.59,1,3,2,132,At Risk,1,151,16,18.97722222222222,0.999999895185513,1,High Risk
16586,80,2,998.83,2,3,4,234,At Risk,0,253,19,49.941500000000005,0.18733679825859617,0,Low Risk
16588,22,4,1361.28,4,4,4,444,Champions,0,882,64,19.172957746478872,0.00023293131630376974,0,Low Risk
16589,86,1,153.12,2,2,1,221,Lost Customers,0,168,11,13.92,0.3166928573707336,0,Low Risk
16590,36,2,605.9,3,3,3,333,Lost Customers,0,240,26,20.893103448275863,0.0012789822576829081,0,Low Risk
16592,11,12,3694.23,5,5,5,555,Champions,0,2577,124,17.42561320754717,6.535303955965076e-05,0,Low Risk
16593,26,5,741.11,4,4,3,443,Loyal Customers,0,261,40,14.53156862745098,0.00041529542312738625,0,Low Risk
16595,12,4,1397.59,5,4,4,544,Champions,0,996,286,3.8081471389645776,4.210816961531259e-05,0,Low Risk
16596,2,3,329.48,5,4,2,542,Loyal Customers,0,130,17,18.304444444444446,2.474022456057963e-05,0,Low Risk
16599,21,1,172.8,4,2,1,421,Potential Loyalists,0,159,12,14.4,0.0002208684954113168,0,Low Risk
16600,10,7,1339.89,5,5,4,554,Champions,0,1275,61,16.541851851851852,6.128966678887634e-05,0,Low Risk
16601,26,2,434.3,4,3,2,432,Loyal Customers,0,258,38,11.135897435897435,0.00038323235601487156,0,Low Risk
16602,24,1,235.25,4,2,1,421,Potential Loyalists,0,93,11,21.386363636363637,0.0003158866062133293,0,Low Risk
16604,198,2,432.45,1,3,2,132,At Risk,1,175,10,36.0375,0.9999960330201907,1,High Risk
16605,360,1,60.48,1,2,1,121,Lost Customers,1,144,1,60.48,0.9999999999999789,1,High Risk
16606,40,2,357.66,3,3,2,332,Lost Customers,0,148,16,16.257272727272728,0.002101478988026732,0,Low Risk
16607,35,11,2359.16,4,5,5,455,Champions,0,1577,99,18.723492063492063,0.0011744586553421221,0,Low Risk
16608,89,2,1286.6200000000001,2,3,4,234,At Risk,0,612,94,10.633223140495868,0.3543240768908471,0,Low Risk
16611,39,5,1655.64,3,4,4,344,Lost Customers,0,827,79,16.5564,0.0017104710822563318,0,Low Risk
16612,15,5,2057.77,4,4,4,444,Champions,0,913,71,20.373960396039603,0.0001035006789412044,0,Low Risk
16614,38,2,673.6,3,3,3,333,Lost Customers,0,126,20,29.286956521739132,0.0016483148633177924,0,Low Risk
16615,262,1,291.5,1,2,2,122,Lost Customers,1,211,19,15.342105263157896,0.9999999977571905,1,High Risk
16619,19,3,1712.1200000000001,4,4,4,444,Champions,0,922,93,16.78549019607843,0.0001484097611494667,0,Low Risk
16620,25,4,1579.97,4,4,4,444,Champions,0,1058,70,18.587882352941175,0.0003247523252817428,0,Low Risk
16622,179,1,225.4,1,2,1,121,Lost Customers,1,44,12,18.783333333333335,0.9999618596815155,1,High Risk
16623,37,3,885.79,3,4,3,343,Lost Customers,0,403,40,19.256304347826084,0.0014230372655954795,0,Low Risk
16625,58,4,1320.95,3,4,4,344,Lost Customers,0,893,69,17.380921052631578,0.015644342269049004,0,Low Risk
16628,43,2,130.05,3,3,1,331,Lost Customers,0,55,8,16.25625,0.0030546752862164192,0,Low Risk
16630,43,1,106.80000000000001,3,2,1,321,Lost Customers,0,72,4,26.700000000000003,0.0029957659219697333,0,Low Risk
16631,117,7,1892.52,2,5,4,254,At Risk,1,775,46,23.6565,0.9500014523902559,1,High Risk
16632,121,2,406.4,2,3,2,232,At Risk,1,256,22,15.05185185185185,0.9660269055260647,1,High Risk
16634,8,5,1596.71,5,4,4,544,Champions,0,1239,72,19.472073170731708,4.469352713580735e-05,0,Low Risk
16635,42,1,473.0,3,2,2,322,Lost Customers,0,277,25,18.92,0.0025171683838593312,0,Low Risk
16636,74,4,3802.04,2,4,5,245,At Risk,0,2186,62,52.0827397260274,0.09223981396598492,0,Low Risk
16638,4,6,749.8100000000001,5,5,3,553,Loyal Customers,0,396,44,16.30021739130435,3.164610601487555e-05,0,Low Risk
16639,45,1,490.47,3,2,2,322,Lost Customers,0,241,31,15.821612903225807,0.003533239441436267,0,Low Risk
16640,33,1,179.4,4,2,1,421,Potential Loyalists,0,146,13,13.8,0.0009039114236140979,0,Low Risk
16641,337,1,323.40000000000003,1,2,2,122,Lost Customers,1,198,24,13.475000000000001,0.9999999999996658,1,High Risk
16642,51,1,389.12,3,2,2,322,Lost Customers,0,296,20,19.456,0.007301354806496247,0,Low Risk
16643,58,1,435.6,3,2,2,322,Lost Customers,0,284,28,15.557142857142859,0.01618570527735683,0,Low Risk
16645,371,1,160.39,1,2,1,121,Lost Customers,1,117,14,11.456428571428571,0.999999999999994,1,High Risk
16646,85,1,678.8,2,2,3,223,Lost Customers,0,1072,29,23.406896551724138,0.2762064016886548,0,Low Risk
16647,78,2,327.84,2,3,2,232,At Risk,0,250,16,17.254736842105263,0.15489960168912864,0,Low Risk
16648,91,2,382.14,2,3,2,232,At Risk,1,222,18,21.23,0.45736602560771256,0,Medium Risk
16649,156,1,306.58000000000004,2,2,2,222,Lost Customers,1,82,20,15.329000000000002,0.999417825641202,1,High Risk
16650,56,6,1397.69,3,5,4,354,Lost Customers,0,1139,53,18.887702702702704,0.013493329128121142,0,Low Risk
16651,222,1,136.2,1,2,1,121,Lost Customers,1,60,6,22.7,0.9999997608506793,1,High Risk
16652,40,9,10776.42,3,5,5,355,Lost Customers,0,4194,102,68.63961783439491,0.001834043475290053,0,Low Risk
16654,4,5,1110.2,5,4,4,544,Champions,0,421,50,20.55925925925926,3.032902280022562e-05,0,Low Risk
16655,47,7,2633.74,3,5,5,355,Lost Customers,0,1575,240,7.932951807228915,0.0030718199031618816,0,Low Risk
16656,56,15,8207.37,3,5,5,355,Lost Customers,0,6539,16,120.69661764705883,0.015642705300245304,0,Low Risk
16658,4,6,690.83,5,5,3,553,Loyal Customers,0,277,49,10.79421875,3.1413043179795614e-05,0,Low Risk
16660,58,3,611.9000000000001,3,4,3,343,Lost Customers,0,420,5,76.48750000000001,0.01795036357254483,0,Low Risk
16661,176,4,932.76,1,4,3,143,At Risk,1,364,50,15.044516129032258,0.9999448097941313,1,High Risk
16662,30,1,151.05,4,2,1,421,Potential Loyalists,0,35,28,5.394642857142857,0.0006156331769562073,0,Low Risk
16663,365,1,165.0,1,2,1,121,Lost Customers,1,100,1,165.0,0.9999999999999882,1,High Risk
16664,205,1,109.2,1,2,1,121,Lost Customers,1,24,8,13.65,0.9999982272669996,1,High Risk
16666,257,1,98.73,1,2,1,121,Lost Customers,1,121,15,6.170625,0.9999999960120955,1,High Risk
16668,23,7,555.7,4,5,3,453,Loyal Customers,0,455,23,16.83939393939394,0.0003189349980071467,0,Low Risk
16670,29,9,3934.25,4,5,5,455,Champions,0,1978,144,16.88519313304721,0.00048716263741916164,0,Low Risk
16673,315,1,171.13,1,2,1,121,Lost Customers,1,95,19,9.006842105263157,0.9999999999956237,1,High Risk
16675,77,2,608.86,2,3,3,233,At Risk,0,296,21,26.47217391304348,0.13854524649441405,0,Low Risk
16676,38,2,769.78,3,3,3,333,Lost Customers,0,291,43,17.495,0.0015511998173284311,0,Low Risk
16677,47,2,880.62,3,3,3,333,Lost Customers,0,457,45,18.73659574468085,0.0044106428033525704,0,Low Risk
16679,2,3,663.31,5,4,3,543,Loyal Customers,0,247,15,36.85055555555555,2.4760770639491603e-05,0,Low Risk
16680,164,2,637.75,2,3,3,233,At Risk,1,283,16,33.56578947368421,0.9997795897478786,1,High Risk
16681,277,1,151.5,1,2,1,121,Lost Customers,1,85,5,30.3,0.9999999996301006,1,High Risk
16683,169,1,320.25,2,2,2,222,Lost Customers,1,190,18,17.791666666666668,0.9998738717351461,1,High Risk
16684,15,27,80489.21,4,5,5,455,Champions,0,54555,124,182.51521541950115,2.6440904687636224e-05,0,Low Risk
16686,25,9,1921.19,4,5,4,454,Champions,0,1442,273,3.969400826446281,0.00022711137854950817,0,Low Risk
16687,26,1,157.63,4,2,1,421,Potential Loyalists,0,141,8,19.70375,0.00040169740307558795,0,Low Risk
16690,29,2,127.45,4,3,1,431,Loyal Customers,0,71,5,18.20714285714286,0.0005937205510166426,0,Low Risk
16691,54,2,178.83,3,3,1,331,Lost Customers,0,92,11,16.257272727272728,0.010960646442839539,0,Low Risk
16692,44,2,638.6999999999999,3,3,3,333,Lost Customers,0,726,1,319.34999999999997,0.0033877383108321542,0,Low Risk
16693,47,3,701.62,3,4,3,343,Lost Customers,0,455,98,6.436880733944954,0.003998043598104544,0,Low Risk
16694,359,1,98.30000000000001,1,2,1,121,Lost Customers,1,26,3,32.76666666666667,0.9999999999999762,1,High Risk
16695,197,2,191.9,1,3,1,131,At Risk,1,184,30,5.482857142857143,0.9999953174234918,1,High Risk
16699,16,7,994.6,4,5,4,454,Champions,0,640,51,16.04193548387097,0.00013017818027665867,0,Low Risk
16700,2,13,4091.16,5,5,5,555,Champions,0,2858,136,18.51203619909502,2.2438715103147553e-05,0,Low Risk
16701,59,13,4518.43,3,5,5,355,Lost Customers,0,4653,95,34.491832061068706,0.01852705109608629,0,Low Risk
16702,51,4,1110.83,3,4,4,344,Lost Customers,0,692,84,12.206923076923076,0.006733462404935988,0,Low Risk
16704,254,2,664.16,1,3,3,133,At Risk,1,433,50,12.299259259259259,0.9999999939368376,1,High Risk
16705,36,22,29480.061,3,5,5,355,Lost Customers,0,16826,314,70.02389786223279,0.0006445189324535855,0,Low Risk
16707,36,4,533.41,3,4,3,343,Lost Customers,0,396,64,8.206307692307691,0.0012283358545537141,0,Low Risk
16709,15,9,6026.14,4,5,5,455,Champions,0,2410,182,27.02304932735426,8.479877036276808e-05,0,Low Risk
16710,4,13,3823.78,5,5,5,555,Champions,0,2543,389,6.720175746924429,1.5696534819736197e-05,0,Low Risk
16711,15,4,1217.45,4,4,4,444,Champions,0,379,10,110.67727272727274,0.0001183463698133959,0,Low Risk
16712,37,2,621.5600000000001,3,3,3,333,Lost Customers,0,344,69,7.488674698795181,0.0012933860789020638,0,Low Risk
16713,2,18,7619.21,5,5,5,555,Champions,0,4400,362,10.776817538896747,1.4328249054079413e-05,0,Low Risk
16714,306,1,368.27,1,2,2,122,Lost Customers,1,239,23,16.011739130434783,0.9999999999871969,1,High Risk
16715,198,1,323.8,1,2,2,122,Lost Customers,1,532,9,35.97777777777778,0.9999958715134626,1,High Risk
16716,266,1,1248.48,1,2,4,124,Lost Customers,1,792,6,208.08,0.9999999986094483,1,High Risk
16717,2,9,3127.85,5,5,5,555,Champions,0,1360,141,18.729640718562873,2.0936753104025953e-05,0,Low Risk
16718,5,5,3006.08,5,4,5,545,Champions,0,1924,123,16.983502824858757,2.718419927728987e-05,0,Low Risk
16719,4,8,2174.13,5,5,5,555,Champions,0,1327,168,9.058875,2.4116303119425387e-05,0,Low Risk
16720,12,2,605.79,5,3,3,533,Loyal Customers,0,280,107,5.267739130434783,6.260954357578114e-05,0,Low Risk
16722,2,11,4258.2699999999995,5,5,5,555,Champions,0,3579,110,21.94984536082474,2.1956376021052895e-05,0,Low Risk
16723,79,2,654.96,2,3,3,233,At Risk,0,560,72,7.987317073170733,0.1513964495560708,0,Low Risk
16724,40,1,147.35,3,2,1,321,Lost Customers,0,69,17,8.66764705882353,0.002043708336458376,0,Low Risk
16725,7,8,1052.14,5,5,4,554,Champions,0,476,177,4.614649122807018,3.461062960597993e-05,0,Low Risk
16726,19,2,705.14,4,3,3,433,Loyal Customers,0,378,68,8.39452380952381,0.00015600635035006248,0,Low Risk
16727,28,3,1121.45,4,4,4,444,Champions,0,899,132,6.965527950310559,0.0003894585235509737,0,Low Risk
16731,284,1,170.3,1,2,1,121,Lost Customers,1,124,40,4.0547619047619055,0.9999999998233311,1,High Risk
16732,39,3,3783.89,3,4,5,345,Lost Customers,0,2097,177,19.605647668393782,0.0012258975814461578,0,Low Risk
16733,165,1,259.68,2,2,2,222,Lost Customers,1,112,12,21.64,0.999801519703823,1,High Risk
16735,29,9,3970.0,4,5,5,455,Champions,0,2708,124,22.303370786516854,0.0004967436943849212,0,Low Risk
16736,141,5,2956.56,2,4,5,245,At Risk,1,1050,116,20.675244755244755,0.9960763528093964,1,High Risk
16737,213,1,417.59999999999997,1,2,2,122,Lost Customers,1,288,1,417.59999999999997,0.9999993078785615,1,High Risk
16739,172,1,463.43,2,2,2,222,Lost Customers,1,219,25,18.5372,0.9999098153058036,1,High Risk
16740,31,1,226.91,4,2,1,421,Potential Loyalists,0,110,30,7.0909375,0.0006872661136085842,0,Low Risk
16741,261,1,173.06,1,2,1,121,Lost Customers,1,81,11,15.732727272727272,0.9999999975365279,1,High Risk
16742,128,13,2334.97,2,5,5,255,At Risk,1,2557,50,22.669611650485436,0.9870055408656798,1,High Risk
16743,92,7,1999.02,2,5,4,254,At Risk,1,1672,71,11.044309392265193,0.47739362531698654,0,Medium Risk
16746,19,24,11366.64,4,5,5,455,Champions,0,7240,250,21.08838589981447,0.00014825401174556167,0,Low Risk
16748,24,9,2121.43,4,5,4,454,Champions,0,1247,39,22.098229166666666,0.000355799017883482,0,Low Risk
16749,227,2,4157.88,1,3,5,135,At Risk,1,1910,53,57.748333333333335,0.9999998464729694,1,High Risk
16752,8,1,207.5,5,2,1,521,Potential Loyalists,0,54,9,23.055555555555557,4.840281361739537e-05,0,Low Risk
16754,8,29,65500.07,5,5,5,555,Champions,0,63551,38,467.8576428571429,1.0137515373434871e-05,0,Low Risk
16755,103,4,1389.25,2,4,4,244,At Risk,1,927,125,9.021103896103897,0.734443464616674,1,High Risk
16756,40,6,1072.97,3,5,4,354,Lost Customers,0,601,53,16.257121212121213,0.0021198764864108696,0,Low Risk
16757,45,1,163.65,3,2,1,321,Lost Customers,0,99,8,20.45625,0.0037487160062437816,0,Low Risk
16760,66,1,228.0,3,2,1,321,Lost Customers,0,168,17,13.411764705882353,0.04164823821052124,0,Low Risk
16763,374,1,352.85,1,2,2,122,Lost Customers,1,173,21,16.802380952380954,0.9999999999999958,1,High Risk
16765,18,1,420.75,4,2,2,422,Potential Loyalists,0,307,51,8.25,0.00014070463480008697,0,Low Risk
16767,54,4,2481.2,3,4,5,345,Lost Customers,0,2679,75,24.811999999999998,0.009077798557369674,0,Low Risk
16768,19,6,1220.48,4,5,4,454,Champions,0,578,72,11.406355140186916,0.00017184799747229805,0,Low Risk
16769,114,3,755.51,2,4,3,243,At Risk,1,215,54,12.805254237288135,0.92261932838512,1,High Risk
16770,8,5,1152.63,5,4,4,544,Champions,0,652,133,5.622585365853659,3.9483307299421764e-05,0,Low Risk
16771,93,5,1706.99,2,4,4,244,At Risk,1,821,138,11.08435064935065,0.4608163269189991,0,Medium Risk
16772,59,3,3698.0499999999997,3,4,5,345,Lost Customers,0,687,54,54.38308823529411,0.017941547571473298,0,Low Risk
16773,72,2,249.65,2,3,1,231,At Risk,0,81,34,6.401282051282052,0.08024781041172784,0,Low Risk
16774,59,4,905.96,3,4,3,343,Lost Customers,0,452,60,10.915180722891566,0.01822245131101611,0,Low Risk
16775,3,6,1361.23,5,5,4,554,Champions,0,580,78,11.343583333333333,2.58027603072306e-05,0,Low Risk
16776,51,1,220.97,3,2,1,321,Lost Customers,0,181,48,4.017636363636363,0.006861344977005926,0,Low Risk
16777,49,3,1069.56,3,4,4,344,Lost Customers,0,408,86,11.378297872340426,0.005213770337563985,0,Low Risk
16779,2,32,22554.22,5,5,5,555,Champions,0,14243,243,31.41256267409471,2.0116109231038336e-05,0,Low Risk
16780,43,1,174.16,3,2,1,321,Lost Customers,0,82,37,4.707027027027027,0.0027699875856507664,0,Low Risk
16781,8,2,623.0,5,3,3,533,Loyal Customers,0,192,36,15.974358974358974,4.648839371448256e-05,0,Low Risk
16782,1,26,7732.37,5,5,5,555,Champions,0,3407,556,5.0015329883570505,1.043701746237698e-05,0,Low Risk
16783,72,1,391.95,2,2,2,222,Lost Customers,0,163,25,15.677999999999999,0.07954120397225244,0,Low Risk
16784,12,4,784.73,5,4,3,543,Loyal Customers,0,470,137,5.062774193548387,6.123543389632568e-05,0,Low Risk
16785,45,1,533.78,3,2,3,323,Lost Customers,0,313,35,15.250857142857143,0.0034905146765494,0,Low Risk
16786,29,1,51.839999999999996,4,2,1,421,Potential Loyalists,0,72,1,51.839999999999996,0.0005822498203341013,0,Low Risk
16787,33,4,1017.53,4,4,4,444,Champions,0,472,102,9.085089285714286,0.0007872808479676105,0,Low Risk
16788,40,3,1334.54,3,4,4,344,Lost Customers,0,661,261,4.044060606060606,0.0011849093285847118,0,Low Risk
16791,19,8,2251.85,4,5,5,455,Champions,0,1097,240,6.1358310626703,0.00011965724542236468,0,Low Risk
16792,19,3,513.08,4,4,3,443,Loyal Customers,0,280,83,5.70088888888889,0.00015532595251885304,0,Low Risk
16794,16,5,856.1999999999999,4,4,3,443,Loyal Customers,0,653,151,3.822321428571428,9.684498318621187e-05,0,Low Risk
16795,1,3,2062.41,5,4,4,544,Champions,0,1214,306,6.138125,1.0630122657646104e-05,0,Low Risk
16797,29,5,1802.02,4,4,4,444,Champions,0,898,289,4.527688442211055,0.0003191946210204831,0,Low Risk
16798,190,3,841.16,1,4,3,143,At Risk,1,205,141,4.977278106508876,0.9999864922855667,1,High Risk
16799,68,2,452.78000000000003,3,3,2,332,Lost Customers,0,162,81,4.921521739130435,0.046338102149255815,0,Low Risk
16802,315,2,582.61,1,3,3,133,At Risk,1,369,48,10.992641509433962,0.9999999999953966,1,High Risk
16805,213,3,630.75,1,4,3,143,At Risk,1,581,139,4.177152317880795,0.9999990879987539,1,High Risk
16807,106,3,1002.29,2,4,4,244,At Risk,1,655,62,13.363866666666667,0.8178552601551647,1,High Risk
16809,68,4,812.74,3,4,3,343,Lost Customers,0,441,68,7.388545454545454,0.04988735933848239,0,Low Risk
16810,56,1,532.5,3,2,3,323,Lost Customers,0,258,19,28.026315789473685,0.01312456815799412,0,Low Risk
16812,14,3,1912.65,5,4,4,544,Champions,0,1035,90,19.1265,8.26940556239489e-05,0,Low Risk
16814,5,16,5781.4400000000005,5,5,5,555,Champions,0,2254,176,12.486911447084234,3.249112251464452e-05,0,Low Risk
16815,89,2,406.02,2,3,2,232,At Risk,0,237,66,5.561917808219178,0.3725974481333551,0,Low Risk
16817,4,5,1200.15,5,4,4,544,Champions,0,743,50,18.463846153846156,2.9961973196999746e-05,0,Low Risk
16819,101,2,182.59,2,3,1,231,At Risk,1,253,17,10.740588235294117,0.732293999765479,1,High Risk
16821,17,1,113.35,4,2,1,421,Potential Loyalists,0,13,7,16.192857142857143,0.00014039709136970456,0,Low Risk
16822,322,1,181.39,1,2,1,121,Lost Customers,1,171,11,16.49,0.99999999999811,1,High Risk
16823,23,6,1884.71,4,5,4,454,Champions,0,1030,118,13.960814814814816,0.00024263678915719392,0,Low Risk
16824,29,1,225.6,4,2,1,421,Potential Loyalists,0,154,13,17.353846153846153,0.0005646777776648943,0,Low Risk
16825,14,3,1051.71,5,4,4,544,Champions,0,731,32,29.214166666666667,9.585089113169263e-05,0,Low Risk
16827,29,5,392.13,4,4,2,442,Loyal Customers,0,125,10,32.6775,0.0006373156667869479,0,Low Risk
16829,24,1,316.1,4,2,2,422,Potential Loyalists,0,116,16,19.75625,0.00031194166859707884,0,Low Risk
16830,78,3,881.59,2,4,3,243,At Risk,0,435,47,16.95365384615385,0.1482806584604391,0,Low Risk
16831,200,1,91.8,1,2,1,121,Lost Customers,1,48,6,15.299999999999999,0.9999968197338287,1,High Risk
16832,64,2,218.45999999999998,3,3,1,331,Lost Customers,0,146,8,24.27333333333333,0.034858537292224476,0,Low Risk
16833,75,2,1302.51,2,3,4,234,At Risk,0,438,44,28.944666666666667,0.10705161997617577,0,Low Risk
16834,310,1,485.5,1,2,2,122,Lost Customers,1,402,24,20.229166666666668,0.9999999999919347,1,High Risk
16835,9,5,1357.56,5,4,4,544,Champions,0,454,54,17.63064935064935,5.40668500429218e-05,0,Low Risk
16836,42,2,530.5,3,3,3,333,Lost Customers,0,374,31,17.112903225806452,0.0025430760064014983,0,Low Risk
16838,166,2,570.76,2,3,3,233,At Risk,1,324,31,16.78705882352941,0.9998191762125003,1,High Risk
16839,5,11,5716.14,5,5,5,555,Champions,0,2552,47,64.22629213483147,3.792300695900293e-05,0,Low Risk
16840,239,2,139.85,1,3,1,131,At Risk,1,117,9,15.538888888888888,0.9999999682388324,1,High Risk
16841,64,6,2136.2400000000002,3,5,4,354,Lost Customers,0,1228,92,20.740194174757285,0.030907162581204517,0,Low Risk
16843,58,19,9374.86,3,5,5,355,Lost Customers,0,8343,138,43.00394495412844,0.015512004520927106,0,Low Risk
16844,198,2,614.34,1,3,3,133,At Risk,1,281,26,19.198125,0.9999958650437506,1,High Risk
16845,254,1,253.88,1,2,2,122,Lost Customers,1,167,20,12.693999999999999,0.9999999942476836,1,High Risk
16846,213,2,628.09,1,3,3,133,At Risk,1,382,36,17.446944444444444,0.9999992719765469,1,High Risk
16847,254,1,421.45000000000005,1,2,2,122,Lost Customers,1,177,25,16.858,0.9999999941786208,1,High Risk
16848,12,3,1130.2,5,4,4,544,Champions,0,598,64,15.918309859154931,7.057953133123228e-05,0,Low Risk
16854,53,2,1408.96,3,3,4,334,Lost Customers,0,997,72,18.786133333333336,0.008183899037511341,0,Low Risk
16856,53,2,323.09000000000003,3,3,2,332,Lost Customers,0,159,15,19.00529411764706,0.009642769214958734,0,Low Risk
16857,78,1,352.8,2,2,2,222,Lost Customers,0,168,11,32.07272727272727,0.15317204888439626,0,Low Risk
16858,4,10,4292.59,5,5,5,555,Champions,0,1435,75,33.79992125984252,3.190300441069766e-05,0,Low Risk
16859,52,5,1184.6,3,4,4,344,Lost Customers,0,1072,46,20.42413793103448,0.008392242999156816,0,Low Risk
16860,88,3,1610.62,2,4,4,244,At Risk,0,625,35,37.45627906976744,0.366153194692652,0,Low Risk
16861,26,3,772.83,4,4,3,443,Loyal Customers,0,476,38,17.97279069767442,0.0003911824151761705,0,Low Risk
16862,183,4,662.33,1,4,3,143,At Risk,1,513,34,18.923714285714286,0.9999765298836377,1,High Risk
16863,2,2,495.72,5,3,2,532,Loyal Customers,0,336,27,16.524,2.331086689597497e-05,0,Low Risk
16864,70,2,409.25,3,3,2,332,Lost Customers,0,283,17,24.073529411764707,0.06652214976868571,0,Low Risk
16865,37,1,130.95,3,2,1,321,Lost Customers,0,157,15,8.184375,0.0014387538133390978,0,Low Risk
16867,325,1,76.74000000000001,1,2,1,121,Lost Customers,1,58,6,12.790000000000001,0.999999999998693,1,High Risk
16868,30,3,384.56,4,4,2,442,Loyal Customers,0,112,47,7.6912,0.0006209256018521855,0,Low Risk
16870,105,1,450.15999999999997,2,2,2,222,Lost Customers,1,278,28,16.077142857142857,0.8056704743655109,1,High Risk
16872,63,3,533.11,3,4,3,343,Lost Customers,0,479,9,48.46454545454546,0.0315130552583869,0,Low Risk
16873,65,6,7493.77,3,5,5,355,Lost Customers,0,4761,118,32.16210300429185,0.028982699364088236,0,Low Risk
16874,15,1,209.89000000000001,4,2,1,421,Potential Loyalists,0,78,31,6.770645161290323,0.00010456873739079134,0,Low Risk
16875,73,6,2139.0,2,5,4,254,At Risk,0,1030,90,18.127118644067796,0.08517000953464897,0,Low Risk
16876,39,1,136.01,3,2,1,321,Lost Customers,0,181,32,4.2503125,0.0017459690873971082,0,Low Risk
16880,129,1,321.78,2,2,2,222,Lost Customers,1,158,9,35.75333333333333,0.9865442176386218,1,High Risk
16883,7,18,2101.61,5,5,4,554,Champions,0,967,144,8.508542510121458,4.8833594060466094e-05,0,Low Risk
16884,192,2,641.13,1,3,3,133,At Risk,1,200,39,13.356875,0.999991388963554,1,High Risk
16885,21,1,234.19,4,2,1,421,Potential Loyalists,0,180,40,5.85475,0.00020648589575193529,0,Low Risk
16886,92,1,134.0,2,2,1,221,Lost Customers,1,48,8,16.75,0.4871385520374397,0,Medium Risk
16887,36,2,465.84000000000003,3,3,2,332,Lost Customers,0,267,65,7.166769230769232,0.0011639866294136593,0,Low Risk
16888,36,3,434.2,3,4,2,342,Lost Customers,0,145,44,8.35,0.0012645021699564962,0,Low Risk
16889,33,3,947.98,4,4,3,443,Loyal Customers,0,686,72,11.560731707317073,0.0008152716200124705,0,Low Risk
16890,112,3,285.41,2,4,2,242,At Risk,1,243,17,15.021578947368422,0.9112588981045517,1,High Risk
16891,7,7,1202.77,5,5,4,554,Champions,0,473,245,4.077186440677966,2.862110577708638e-05,0,Low Risk
16892,190,2,236.56,1,3,1,131,At Risk,1,131,38,5.914,0.9999891488460225,1,High Risk
16893,2,2,249.89000000000001,5,3,1,531,Loyal Customers,0,117,80,2.8722988505747127,2.0705101579880177e-05,0,Low Risk
16894,138,3,1306.96,2,4,4,244,At Risk,1,503,186,6.989090909090909,0.9931533169176535,1,High Risk
16895,74,4,900.63,2,4,3,243,At Risk,0,330,82,8.917128712871287,0.09364826697238714,0,Low Risk
16896,191,1,103.95,1,2,1,121,Lost Customers,1,18,18,5.775,0.9999905783279646,1,High Risk
16898,4,3,496.26,5,4,2,542,Loyal Customers,0,377,110,4.034634146341463,2.4847687151406262e-05,0,Low Risk
16899,14,2,424.71000000000004,5,3,2,532,Loyal Customers,0,291,42,8.494200000000001,9.242734532909238e-05,0,Low Risk
16901,365,1,204.26,1,2,1,121,Lost Customers,1,42,23,8.880869565217392,0.9999999999999878,1,High Risk
16903,16,2,678.55,4,3,3,433,Loyal Customers,0,470,107,5.38531746031746,9.951342134473729e-05,0,Low Risk
16904,3,7,1360.31,5,5,4,554,Champions,0,762,188,5.1722813688212925,2.0266446272981892e-05,0,Low Risk
16905,7,11,1923.57,5,5,4,554,Champions,0,640,80,14.683740458015267,4.7287237971381604e-05,0,Low Risk
16906,64,3,851.33,3,4,3,343,Lost Customers,0,327,116,6.703385826771654,0.027769696481687554,0,Low Risk
16907,1,5,722.0500000000001,5,4,3,543,Loyal Customers,0,232,62,7.078921568627452,2.08427749530655e-05,0,Low Risk
16908,358,1,252.59,1,2,2,122,Lost Customers,1,61,20,12.6295,0.9999999999999722,1,High Risk
16911,271,2,255.25,1,3,2,132,At Risk,1,161,30,7.292857142857143,0.9999999992250219,1,High Risk
16912,57,4,1904.93,3,4,4,344,Lost Customers,0,664,63,26.457361111111112,0.014275530897649023,0,Low Risk
16913,287,2,310.46999999999997,1,3,2,132,At Risk,1,147,10,31.046999999999997,0.9999999998875437,1,High Risk
16915,22,5,921.5,4,4,3,443,Loyal Customers,0,58,11,54.205882352941174,0.00028017696500660233,0,Low Risk
16916,8,3,536.04,5,4,3,543,Loyal Customers,0,320,100,4.54271186440678,4.083393191314939e-05,0,Low Risk
16917,268,1,1460.3600000000001,1,2,4,124,Lost Customers,1,560,37,35.61853658536586,0.9999999988318051,1,High Risk
16918,58,10,2137.72,3,5,4,354,Lost Customers,0,1345,218,6.557423312883435,0.012820434314845681,0,Low Risk
16919,4,14,2515.76,5,5,5,555,Champions,0,1003,144,8.115354838709678,3.065159786867035e-05,0,Low Risk
16920,47,1,355.45,3,2,2,322,Lost Customers,0,81,23,15.454347826086956,0.0045785319940857,0,Low Risk
16921,78,2,255.03,2,3,2,232,At Risk,0,121,28,7.7281818181818185,0.15182440922041232,0,Low Risk
16922,208,1,611.08,1,2,3,123,Lost Customers,1,281,122,5.008852459016394,0.9999983508676005,1,High Risk
16923,11,13,6088.05,5,5,5,555,Champions,0,2846,227,13.321772428884026,5.2375442285041306e-05,0,Low Risk
16925,176,1,125.65,1,2,1,121,Lost Customers,1,123,18,6.980555555555556,0.9999447635291668,1,High Risk
16926,7,5,1169.6100000000001,5,4,4,544,Champions,0,197,63,12.183437500000002,4.222363371856701e-05,0,Low Risk
16928,9,13,1199.08,5,5,4,554,Champions,0,588,85,9.909752066115702,6.25470040004089e-05,0,Low Risk
16931,5,3,629.4,5,4,3,543,Loyal Customers,0,305,84,6.110679611650485,2.983352701452405e-05,0,Low Risk
16932,59,2,262.32,3,3,2,332,Lost Customers,0,135,77,3.0861176470588236,0.016740739487658356,0,Low Risk
16933,25,7,2536.07,4,5,5,455,Champions,0,1245,182,10.65575630252101,0.000269266878627908,0,Low Risk
16934,19,4,1152.1100000000001,4,4,4,444,Champions,0,539,77,14.401375000000002,0.00016071370374236868,0,Low Risk
16935,17,3,530.86,4,4,3,443,Loyal Customers,0,273,55,7.693623188405797,0.00013129269410899319,0,Low Risk
16936,21,1,286.39,4,2,2,422,Potential Loyalists,0,168,81,3.450481927710843,0.00018735039966480714,0,Low Risk
16937,135,1,196.25,2,2,1,221,Lost Customers,1,123,49,4.005102040816326,0.9926576896444089,1,High Risk
16938,17,5,4283.68,4,4,5,445,Champions,0,2508,426,7.272801358234296,5.3079090544382096e-05,0,Low Risk
16939,124,3,433.85,2,4,2,242,At Risk,1,229,38,10.581707317073171,0.9756767557061723,1,High Risk
16940,86,5,3377.78,2,4,5,245,At Risk,0,2334,220,10.425246913580247,0.22613801544186451,0,Low Risk
16941,247,1,33.0,1,2,1,121,Lost Customers,1,12,2,16.5,0.999999987511586,1,High Risk
16943,175,2,482.76,2,3,2,232,At Risk,1,2,1,241.38,0.9999420586783063,1,High Risk
16944,245,1,101.36,1,2,1,121,Lost Customers,1,27,7,14.48,0.9999999840034357,1,High Risk
16945,29,14,4202.66,4,5,5,455,Champions,0,3164,159,18.67848888888889,0.0005171327162329449,0,Low Risk
16946,19,5,1222.04,4,4,4,444,Champions,0,509,69,16.293866666666666,0.0001687139765924881,0,Low Risk
16947,98,4,548.73,2,4,3,243,At Risk,1,343,30,17.1478125,0.6628582213457662,1,Medium Risk
16948,65,4,433.75,3,4,2,342,Lost Customers,0,477,15,18.072916666666668,0.04008545904646006,0,Low Risk
16950,3,8,2535.21,5,5,5,555,Champions,0,1820,84,24.144857142857145,2.5726418109992613e-05,0,Low Risk
16952,77,3,628.22,2,4,3,243,At Risk,0,251,61,8.848169014084508,0.13094073514766819,0,Low Risk
16954,15,11,3996.7999999999997,4,5,5,455,Champions,0,3032,71,26.294736842105262,0.0001135023411030347,0,Low Risk
16955,4,4,790.74,5,4,3,543,Loyal Customers,0,557,26,24.710625,3.103180997007637e-05,0,Low Risk
16958,71,1,778.49,2,2,3,223,Lost Customers,0,514,69,11.121285714285714,0.06393956991876192,0,Low Risk
16960,26,5,1483.83,4,4,4,444,Champions,0,1188,267,4.263879310344827,0.00023354451477646706,0,Low Risk
16961,24,2,560.39,4,3,3,433,Loyal Customers,0,357,38,14.747105263157895,0.0003018385569413014,0,Low Risk
16962,45,1,251.04,3,2,2,322,Lost Customers,0,158,15,16.736,0.0036795846900621564,0,Low Risk
16964,369,2,207.85,1,3,1,131,At Risk,1,49,6,34.641666666666666,0.9999999999999929,1,High Risk
16970,262,1,71.4,1,2,1,121,Lost Customers,1,12,2,35.7,0.999999997860773,1,High Risk
16972,18,2,749.0,4,3,3,433,Loyal Customers,0,183,54,9.134146341463415,0.00014451330201391385,0,Low Risk
16973,22,1,127.0,4,2,1,421,Potential Loyalists,0,60,6,21.166666666666668,0.0002529215993538104,0,Low Risk
16974,158,2,365.5,2,3,2,232,At Risk,1,70,5,45.6875,0.9995683477164619,1,High Risk
16975,59,3,926.12,3,4,3,343,Lost Customers,0,586,44,20.580444444444446,0.018307394311350898,0,Low Risk
16977,31,4,496.0,4,4,2,442,Loyal Customers,0,142,25,17.714285714285715,0.0007562555118339173,0,Low Risk
16978,302,2,424.55,1,3,2,132,At Risk,1,119,28,15.1625,0.9999999999799303,1,High Risk
16979,19,3,1007.74,4,4,4,444,Champions,0,586,32,25.1935,0.00017355534261586018,0,Low Risk
16980,64,1,394.37,3,2,2,322,Lost Customers,0,251,25,15.7748,0.03251068286558943,0,Low Risk
16983,5,5,1748.15,5,4,4,544,Champions,0,1087,67,18.02216494845361,3.198312054783199e-05,0,Low Risk
16984,40,7,5891.01,3,5,5,355,Lost Customers,0,2747,476,8.766383928571429,0.0007417662699910237,0,Low Risk
16985,12,13,5459.04,5,5,5,555,Champions,0,1271,87,44.382439024390244,8.72741505650627e-05,0,Low Risk
16986,81,9,3015.55,2,5,5,255,At Risk,0,1499,64,17.634795321637426,0.21382118904230188,0,Low Risk
16987,12,4,904.6,5,4,3,543,Loyal Customers,0,270,105,6.801503759398496,6.663374217298561e-05,0,Low Risk
16988,15,1,256.55,4,2,2,422,Potential Loyalists,0,115,13,19.734615384615385,0.00010899238732892812,0,Low Risk
16990,58,1,165.0,3,2,1,321,Lost Customers,0,100,1,165.0,0.017303077205537632,0,Low Risk
16991,57,1,1041.21,3,2,4,324,Lost Customers,0,793,74,14.070405405405406,0.012707334785348117,0,Low Risk
16992,23,8,3862.19,4,5,5,455,Champions,0,1201,154,20.115572916666668,0.00023528326418468647,0,Low Risk
16993,99,2,1950.9499999999998,2,3,4,234,At Risk,1,285,19,69.67678571428571,0.6832768245551638,1,Medium Risk
16996,18,3,666.6500000000001,4,4,3,443,Loyal Customers,0,375,28,17.543421052631583,0.0001569265927074018,0,Low Risk
16998,80,1,107.0,2,2,1,221,Lost Customers,0,28,2,53.5,0.1901776473624252,0,Low Risk
17000,32,2,406.3,4,3,2,432,Loyal Customers,0,305,26,13.543333333333333,0.0007969508418246281,0,Low Risk
17001,12,8,2651.23,5,5,5,555,Champions,0,1618,60,25.011603773584905,7.917864905200292e-05,0,Low Risk
17002,79,4,1077.82,2,4,4,244,At Risk,0,586,32,30.79485714285714,0.171918917665678,0,Low Risk
17003,38,4,828.21,3,4,3,343,Lost Customers,0,494,90,7.461351351351352,0.0014559694832216364,0,Low Risk
17004,28,2,1012.22,4,3,4,434,Loyal Customers,0,462,21,38.931538461538466,0.0005015025549673434,0,Low Risk
17005,106,2,622.36,2,3,3,233,At Risk,1,691,14,34.57555555555555,0.8299795436543899,1,High Risk
17006,28,4,853.49,4,4,3,443,Loyal Customers,0,300,77,10.041058823529411,0.00046712061843680856,0,Low Risk
17007,73,1,230.17000000000002,2,2,1,221,Lost Customers,0,120,15,15.344666666666667,0.09063891918004306,0,Low Risk
17008,65,1,81.36,3,2,1,321,Lost Customers,0,24,1,81.36,0.03873286487474872,0,Low Risk
17009,187,1,242.06,1,2,1,121,Lost Customers,1,336,10,22.005454545454544,0.9999850200586129,1,High Risk
17011,283,2,400.8,1,3,2,132,At Risk,1,606,12,30.83076923076923,0.9999999998159093,1,High Risk
17012,361,1,360.61,1,2,2,122,Lost Customers,1,251,34,10.016944444444444,0.9999999999999796,1,High Risk
17016,212,1,552.4,1,2,3,123,Lost Customers,1,309,41,13.473170731707317,0.999999149875809,1,High Risk
17017,1,13,5416.349999999999,5,5,5,555,Champions,0,3918,76,31.490406976744183,2.217399881707267e-05,0,Low Risk
17018,23,4,1367.6,4,4,4,444,Champions,0,280,16,65.12380952380951,0.0003004859719141453,0,Low Risk
17019,4,8,2703.03,5,5,5,555,Champions,0,1799,270,5.825495689655173,1.858854105779051e-05,0,Low Risk
17020,178,2,935.62,1,3,3,133,At Risk,1,860,64,13.559710144927536,0.9999513604416626,1,High Risk
17021,78,6,1182.22,2,5,4,254,At Risk,0,992,35,24.629583333333333,0.16031394613676786,0,Low Risk
17022,68,1,189.0,3,2,1,321,Lost Customers,0,72,9,21.0,0.053246545158285565,0,Low Risk
17023,53,3,800.18,3,4,3,343,Lost Customers,0,530,48,16.33020408163265,0.009053724551393602,0,Low Risk
17025,9,4,1152.87,5,4,4,544,Champions,0,789,28,34.93545454545454,5.516140973627807e-05,0,Low Risk
17026,5,2,54.15,5,3,1,531,Loyal Customers,0,35,4,13.5375,3.541836809055782e-05,0,Low Risk
17027,82,3,433.07,2,4,2,242,At Risk,0,229,29,14.435666666666666,0.22656008284927887,0,Low Risk
17028,217,3,1593.83,1,4,4,144,At Risk,1,856,85,16.777157894736842,0.9999994951576858,1,High Risk
17029,18,5,1421.3,4,4,4,444,Champions,0,865,19,52.64074074074074,0.0001666760677065111,0,Low Risk
17031,14,4,2393.5,5,4,5,545,Champions,0,1360,22,85.48214285714286,9.880808413916045e-05,0,Low Risk
17032,183,8,2984.32,1,5,5,155,At Risk,1,1667,183,12.592067510548524,0.9999689078643705,1,High Risk
17033,33,1,302.65000000000003,4,2,2,422,Potential Loyalists,0,121,12,25.220833333333335,0.0009070622565744459,0,Low Risk
17034,45,2,530.9,3,3,3,333,Lost Customers,0,284,26,18.960714285714285,0.0036713599652764286,0,Low Risk
17035,227,2,180.06,1,3,1,131,At Risk,1,98,4,36.012,0.999999871290609,1,High Risk
17036,19,1,176.9,4,2,1,421,Potential Loyalists,0,76,12,14.741666666666667,0.0001751337652859033,0,Low Risk
17038,51,1,630.77,3,2,3,323,Lost Customers,0,507,41,15.384634146341464,0.006895740066058477,0,Low Risk
17039,240,1,1954.99,1,2,4,124,Lost Customers,1,689,44,44.43159090909091,0.9999999678661272,1,High Risk
17040,186,1,13.52,1,2,1,121,Lost Customers,1,8,1,13.52,0.9999837086785555,1,High Risk
17041,33,3,583.71,4,4,3,443,Loyal Customers,0,376,48,10.240526315789474,0.0008728695870830261,0,Low Risk
17043,11,4,858.47,5,4,3,543,Loyal Customers,0,618,87,8.85020618556701,6.100254057098612e-05,0,Low Risk
17044,10,11,11013.82,5,5,5,555,Champions,0,5218,91,77.01972027972027,5.627384843943095e-05,0,Low Risk
17045,12,2,488.24,5,3,2,532,Loyal Customers,0,188,28,15.749677419354839,7.583986793338366e-05,0,Low Risk
17046,80,4,1264.05,2,4,4,244,At Risk,0,1126,57,20.064285714285713,0.1773599601486557,0,Low Risk
17047,67,3,1188.33,3,4,4,344,Lost Customers,0,651,71,15.432857142857141,0.04281948232285313,0,Low Risk
17048,73,4,1146.33,2,4,4,244,At Risk,0,583,52,19.764310344827585,0.0890588637102517,0,Low Risk
17049,11,10,4287.5,5,5,5,555,Champions,0,1600,157,17.79045643153527,5.939507061964263e-05,0,Low Risk
17050,11,5,1462.95,5,4,4,544,Champions,0,837,27,35.68170731707317,7.188623145463456e-05,0,Low Risk
17051,82,3,465.6,2,4,2,242,At Risk,0,328,92,4.120353982300885,0.20071089973624304,0,Low Risk
17055,81,1,232.85,2,2,1,221,Lost Customers,0,83,24,8.955769230769231,0.20026258518797846,0,Low Risk
17056,374,1,128.60000000000002,1,2,1,121,Lost Customers,1,26,8,16.075000000000003,0.9999999999999958,1,High Risk
17057,232,1,294.74,1,2,2,122,Lost Customers,1,129,48,5.8948,0.9999999183142754,1,High Risk
17059,5,5,2506.54,5,4,5,545,Champions,0,1728,208,7.736234567901234,2.2330688513884244e-05,0,Low Risk
17062,1,4,645.8100000000001,5,4,3,543,Loyal Customers,0,472,67,7.175666666666667,1.9833906443361073e-05,0,Low Risk
17063,43,6,2177.39,3,5,5,355,Lost Customers,0,1129,100,17.144803149606297,0.0026489617378634817,0,Low Risk
17065,273,2,194.7,1,3,1,131,At Risk,1,82,6,16.224999999999998,0.9999999994231894,1,High Risk
17066,362,1,228.34,1,2,1,121,Lost Customers,1,93,17,12.685555555555556,0.9999999999999827,1,High Risk
17067,360,3,454.54,1,4,2,142,At Risk,1,322,8,34.964615384615385,0.9999999999999796,1,High Risk
17068,4,27,4601.69,5,5,5,555,Champions,0,2267,204,6.35592541436464,3.66861942086214e-05,0,Low Risk
17069,9,6,3084.58,5,5,5,555,Champions,0,1827,123,20.29328947368421,4.4936797520780784e-05,0,Low Risk
17070,46,1,133.18,3,2,1,321,Lost Customers,0,101,41,3.2482926829268295,0.0038972016287972303,0,Low Risk
17071,17,4,1364.68,4,4,4,444,Champions,0,737,57,19.220845070422538,0.00013228802623097664,0,Low Risk
17072,261,1,273.35,1,2,2,122,Lost Customers,1,212,20,13.016666666666667,0.9999999974710501,1,High Risk
17074,198,1,203.05,1,2,1,121,Lost Customers,1,19,4,50.7625,0.9999959982530835,1,High Risk
17075,65,6,1402.51,3,5,4,354,Lost Customers,0,493,100,11.495983606557377,0.03488213411868469,0,Low Risk
17076,28,3,401.66999999999996,4,4,2,442,Loyal Customers,0,219,22,16.066799999999997,0.0005187812897918446,0,Low Risk
17077,214,1,306.0,1,2,2,122,Lost Customers,1,36,1,306.0,0.9999993918216468,1,High Risk
17080,15,5,669.91,4,4,3,443,Loyal Customers,0,403,19,26.7964,0.00011903767621620877,0,Low Risk
17081,31,4,660.48,4,4,3,443,Loyal Customers,0,304,121,4.586666666666667,0.0005980572037603048,0,Low Risk
17082,30,4,2728.18,4,4,5,445,Champions,0,1477,65,30.65370786516854,0.0005839179134300828,0,Low Risk
17083,45,6,2644.01,3,5,5,355,Lost Customers,0,1183,26,41.9684126984127,0.003989277736722356,0,Low Risk
17084,32,1,2253.22,4,2,5,425,Potential Loyalists,0,1476,132,17.06984848484848,0.0005779579891275929,0,Low Risk
17085,12,23,6285.27,5,5,5,555,Champions,0,2798,373,7.846779026217229,5.522562108559913e-05,0,Low Risk
17087,373,1,221.53,1,2,1,121,Lost Customers,1,113,12,18.460833333333333,0.9999999999999953,1,High Risk
17089,22,1,128.45,4,2,1,421,Potential Loyalists,0,35,4,32.1125,0.0002543246216111989,0,Low Risk
17090,10,6,1105.53,5,5,4,554,Champions,0,441,17,38.12172413793103,6.828984153430322e-05,0,Low Risk
17091,3,11,3961.44,5,5,5,555,Champions,0,2087,165,14.510769230769231,2.2929579353860635e-05,0,Low Risk
17092,73,7,3737.38,2,5,5,255,At Risk,0,2638,192,13.94544776119403,0.06616048104143246,0,Low Risk
17093,228,1,235.88,1,2,1,121,Lost Customers,1,114,13,18.144615384615385,0.9999998797377161,1,High Risk
17094,59,1,100.2,3,2,1,321,Lost Customers,0,60,4,25.05,0.01936358309812543,0,Low Risk
17095,66,4,1248.09,3,4,4,344,Lost Customers,0,1077,54,19.81095238095238,0.04022157013034003,0,Low Risk
17096,19,7,2675.8,4,5,5,455,Champions,0,1220,128,17.04331210191083,0.00015144075350676715,0,Low Risk
17097,1,2,363.66,5,3,2,532,Loyal Customers,0,190,84,3.7881250000000004,1.8186233670903555e-05,0,Low Risk
17098,17,3,591.0699999999999,4,4,3,443,Loyal Customers,0,125,10,32.837222222222216,0.00014698166858573852,0,Low Risk
17099,169,1,582.17,2,2,3,223,Lost Customers,1,317,40,14.55425,0.9998665202705622,1,High Risk
17101,30,3,885.3199999999999,4,4,3,443,Loyal Customers,0,360,28,28.55870967741935,0.0006441807816963419,0,Low Risk
17103,358,1,424.3,1,2,2,122,Lost Customers,1,471,32,13.259375,0.9999999999999709,1,High Risk
17104,59,1,474.03,3,2,2,322,Lost Customers,0,149,19,24.948947368421052,0.018651231672040955,0,Low Risk
17106,25,1,481.58,4,2,2,422,Potential Loyalists,0,153,51,9.442745098039216,0.00032249566857848577,0,Low Risk
17107,33,4,5255.24,4,4,5,445,Champions,0,2704,197,20.689921259842517,0.0005824633559511169,0,Low Risk
17108,299,1,174.95,1,2,1,121,Lost Customers,1,31,9,19.438888888888886,0.9999999999719975,1,High Risk
17109,42,2,410.42,3,3,2,332,Lost Customers,0,200,22,17.844347826086956,0.0026147894096948776,0,Low Risk
17110,156,2,336.59999999999997,2,3,2,232,At Risk,1,86,32,9.097297297297297,0.9994175615613314,1,High Risk
17111,61,1,227.97,3,2,1,321,Lost Customers,0,299,19,11.99842105263158,0.023339562323315795,0,Low Risk
17112,138,1,197.57,2,2,1,221,Lost Customers,1,130,44,4.203617021276596,0.9948894739049283,1,High Risk
17113,210,6,2305.59,1,5,5,155,At Risk,1,913,122,14.592341772151899,0.9999988450826642,1,High Risk
17115,184,4,1923.99,1,4,4,144,At Risk,1,513,75,23.752962962962965,0.9999770684315543,1,High Risk
17116,284,1,389.78,1,2,2,122,Lost Customers,1,392,47,8.293191489361702,0.9999999998185758,1,High Risk
17121,38,1,314.74,3,2,2,322,Lost Customers,0,106,12,26.228333333333335,0.0016331871786941132,0,Low Risk
17122,24,3,432.18,4,4,2,442,Loyal Customers,0,288,19,18.790434782608695,0.0003255884918417286,0,Low Risk
17123,75,2,631.87,2,3,3,233,At Risk,0,430,31,18.584411764705884,0.10991940277796176,0,Low Risk
17126,17,4,1026.98,4,4,4,444,Champions,0,646,149,5.213096446700508,0.00010649484070852843,0,Low Risk
17127,64,5,1155.0300000000002,3,4,4,344,Lost Customers,0,340,27,31.217027027027033,0.036024219763687956,0,Low Risk
17129,156,1,31.85,2,2,1,221,Lost Customers,1,5,2,15.925,0.9994435297135582,1,High Risk
17132,88,2,1220.9099999999999,2,3,4,234,At Risk,0,963,62,17.195915492957745,0.3418168573782048,0,Low Risk
17133,110,5,9730.09,2,4,5,245,At Risk,1,7377,16,335.5203448275862,0.8695233285035886,1,High Risk
17134,78,1,212.1,2,2,1,221,Lost Customers,0,46,13,16.315384615384616,0.15315381575097733,0,Low Risk
17135,7,4,798.03,5,4,3,543,Loyal Customers,0,684,79,7.9803,3.8735912185444924e-05,0,Low Risk
17136,298,1,231.68,1,2,1,121,Lost Customers,1,256,14,16.548571428571428,0.9999999999678513,1,High Risk
17137,52,6,1099.81,3,5,4,354,Lost Customers,0,680,125,6.585688622754491,0.007265367598797636,0,Low Risk
17138,25,6,4036.77,4,5,5,455,Champions,0,1898,217,17.399870689655174,0.00023576400678954184,0,Low Risk
17139,25,13,8915.99,4,5,5,455,Champions,0,4677,226,26.936525679758308,0.00025581971057412435,0,Low Risk
17141,54,4,727.58,3,4,3,343,Lost Customers,0,423,138,4.491234567901235,0.00848876025230939,0,Low Risk
17142,40,3,696.25,3,4,3,343,Lost Customers,0,241,67,9.408783783783784,0.0019091729995309623,0,Low Risk
17143,53,2,880.97,3,3,3,333,Lost Customers,0,314,82,7.865803571428572,0.008194325097689645,0,Low Risk
17145,148,4,3120.91,2,4,5,245,At Risk,1,2591,168,17.33838888888889,0.9978684425221508,1,High Risk
17146,71,10,5102.86,2,5,5,255,At Risk,0,1976,156,19.183684210526316,0.06400725914277654,0,Low Risk
17147,88,5,1485.36,2,4,4,244,At Risk,0,426,41,27.006545454545453,0.37772453617794866,0,Low Risk
17149,87,1,143.10000000000002,2,2,1,221,Lost Customers,0,18,6,23.850000000000005,0.3466400677057861,0,Low Risk
17150,12,6,1357.95,5,5,4,554,Champions,0,397,64,14.760326086956523,7.745203312287937e-05,0,Low Risk
17151,371,1,231.90000000000003,1,2,1,121,Lost Customers,1,42,4,57.97500000000001,0.9999999999999942,1,High Risk
17152,61,1,327.0,3,2,2,322,Lost Customers,0,60,2,163.5,0.02443886637489447,0,Low Risk
17155,163,5,640.76,2,4,3,243,At Risk,1,745,31,12.089811320754716,0.9997596874799357,1,High Risk
17156,127,1,591.87,2,2,3,223,Lost Customers,1,391,39,15.176153846153847,0.9816572725976155,1,High Risk
17157,116,17,4832.9,2,5,5,255,At Risk,1,1920,69,37.75703125,0.9533449470507851,1,High Risk
17158,183,2,713.03,1,3,3,133,At Risk,1,369,37,15.500652173913043,0.9999751362255805,1,High Risk
17159,113,2,560.71,2,3,3,233,At Risk,1,237,27,19.3348275862069,0.9164940080743259,1,High Risk
17160,10,11,6691.13,5,5,5,555,Champions,0,5534,164,15.855758293838862,4.617819618797913e-05,0,Low Risk
17161,80,1,856.01,2,2,3,223,Lost Customers,0,537,52,16.46173076923077,0.170069471301001,0,Low Risk
17163,81,2,406.68,2,3,2,232,At Risk,0,465,24,16.2672,0.20246699426559572,0,Low Risk
17165,17,5,1635.64,4,4,4,444,Champions,0,688,72,18.17377777777778,0.00013163077566489227,0,Low Risk
17167,15,3,867.11,4,4,3,443,Loyal Customers,0,429,64,10.97607594936709,0.00010104130748926689,0,Low Risk
17168,134,1,400.2,2,2,2,222,Lost Customers,1,220,21,19.057142857142857,0.9922516530268217,1,High Risk
17169,214,1,320.95,1,2,2,122,Lost Customers,1,145,21,15.283333333333333,0.9999993630634496,1,High Risk
17170,10,2,178.68,5,3,1,531,Loyal Customers,0,152,8,17.868000000000002,6.290305316180565e-05,0,Low Risk
17171,297,1,159.68,1,2,1,121,Lost Customers,1,40,9,17.742222222222225,0.9999999999645566,1,High Risk
17172,66,2,638.81,3,3,3,333,Lost Customers,0,735,24,26.61708333333333,0.04126596128660475,0,Low Risk
17176,162,2,596.1899999999999,2,3,3,233,At Risk,1,406,25,22.08111111111111,0.9997137509776395,1,High Risk
17177,141,1,119.5,2,2,1,221,Lost Customers,1,40,29,4.120689655172414,0.9965411319235832,1,High Risk
17178,367,1,432.96,1,2,2,122,Lost Customers,1,100,31,13.966451612903224,0.99999999999999,1,High Risk
17179,18,3,795.47,4,4,3,443,Loyal Customers,0,335,44,10.198333333333334,0.0001513551104252442,0,Low Risk
17180,58,7,1452.8,3,5,4,354,Lost Customers,0,1139,149,5.282909090909091,0.01396120123441486,0,Low Risk
17181,9,2,225.45000000000002,5,3,1,531,Loyal Customers,0,243,7,32.20714285714286,5.5850192206415804e-05,0,Low Risk
17182,58,2,321.3,3,3,2,332,Lost Customers,0,54,4,53.550000000000004,0.01774068890698012,0,Low Risk
17184,205,2,198.41000000000003,1,3,1,131,At Risk,1,73,14,14.172142857142859,0.9999982487098459,1,High Risk
17185,227,3,229.46,1,4,1,141,At Risk,1,119,38,5.215,0.9999998642687074,1,High Risk
17187,162,1,263.76,2,2,2,222,Lost Customers,1,282,13,20.28923076923077,0.9997150069327737,1,High Risk
17188,82,6,2118.7000000000003,2,5,4,254,At Risk,0,1241,79,24.076136363636365,0.21460491509889137,0,Low Risk
17189,196,3,569.88,1,4,3,143,At Risk,1,375,59,9.498,0.9999944765449753,1,High Risk
17190,39,5,1281.83,3,4,4,344,Lost Customers,0,2057,143,7.496081871345029,0.0013988814806074827,0,Low Risk
17191,4,11,2726.77,5,5,5,555,Champions,0,1362,200,8.188498498498499,2.4316548776099357e-05,0,Low Risk
17192,172,1,75.28,2,2,1,221,Lost Customers,1,45,20,3.7640000000000002,0.9999114123233203,1,High Risk
17193,22,2,610.74,4,3,3,433,Loyal Customers,0,414,12,50.895,0.0002531497178007198,0,Low Risk
17194,166,1,549.88,2,2,3,223,Lost Customers,1,301,31,17.18375,0.9998141667659137,1,High Risk
17195,291,1,562.98,1,2,3,123,Lost Customers,1,486,31,18.160645161290322,0.9999999999231026,1,High Risk
17196,63,1,327.75,3,2,2,322,Lost Customers,0,154,84,3.524193548387097,0.025384758075389396,0,Low Risk
17198,1,2,521.66,5,3,3,533,Loyal Customers,0,242,73,6.774805194805195,1.864011717021674e-05,0,Low Risk
17199,218,1,135.04000000000002,1,2,1,121,Lost Customers,1,232,8,16.880000000000003,0.9999996127835037,1,High Risk
17200,23,4,356.71,4,4,2,442,Loyal Customers,0,367,25,14.2684,0.0002925579937693568,0,Low Risk
17201,159,3,853.3199999999999,2,4,3,243,At Risk,1,773,119,6.41593984962406,0.9994977402118685,1,High Risk
17202,56,1,160.65,3,2,1,321,Lost Customers,0,55,8,20.08125,0.013562077658411786,0,Low Risk
17203,24,4,2004.01,4,4,4,444,Champions,0,1751,84,17.734601769911503,0.00027216616712118094,0,Low Risk
17204,10,5,3940.13,5,4,5,545,Champions,0,2005,89,32.83441666666667,5.305050358784375e-05,0,Low Risk
17205,52,2,615.27,3,3,3,333,Lost Customers,0,1330,18,27.96681818181818,0.008151454668485856,0,Low Risk
17207,288,1,292.62,1,2,2,122,Lost Customers,1,233,55,4.877,0.9999999998851727,1,High Risk
17208,31,1,111.15,4,2,1,421,Potential Loyalists,0,101,21,4.8326086956521745,0.0007022341596613866,0,Low Risk
17209,285,3,595.7,1,4,3,143,At Risk,1,723,36,15.676315789473685,0.999999999849646,1,High Risk
17210,28,1,251.72,4,2,2,422,Potential Loyalists,0,242,47,4.749433962264151,0.0004614711230395721,0,Low Risk
17211,5,6,1729.43,5,5,4,554,Champions,0,1022,126,10.418253012048194,2.864719596239108e-05,0,Low Risk
17212,94,2,567.5600000000001,2,3,3,233,At Risk,1,580,25,22.7024,0.5378984200379,1,Medium Risk
17213,2,7,2401.07,5,5,5,555,Champions,0,1003,76,19.363467741935484,2.338735278258631e-05,0,Low Risk
17215,100,1,186.15,2,2,1,221,Lost Customers,1,104,11,16.922727272727272,0.7069232075480577,1,High Risk
17216,190,1,63.6,1,2,1,121,Lost Customers,1,21,13,4.892307692307693,0.9999895257037226,1,High Risk
17217,255,1,96.6,1,2,1,121,Lost Customers,1,69,18,5.366666666666666,0.9999999949282248,1,High Risk
17218,4,9,2226.96,5,5,5,555,Champions,0,1240,167,8.943614457831325,2.4952015513820698e-05,0,Low Risk
17219,52,1,144.9,3,2,1,321,Lost Customers,0,99,24,5.796,0.008186290407164386,0,Low Risk
17220,53,7,1269.76,3,5,4,354,Lost Customers,0,766,167,6.193951219512195,0.007579444787232016,0,Low Risk
17221,227,3,642.14,1,4,3,143,At Risk,1,426,58,10.357096774193549,0.9999998560787154,1,High Risk
17222,113,5,1250.86,2,4,4,244,At Risk,1,735,71,14.716,0.9135500761511531,1,High Risk
17223,4,2,433.99,5,3,2,532,Loyal Customers,0,109,49,8.509607843137255,2.823115077072064e-05,0,Low Risk
17224,137,1,100.86,2,2,1,221,Lost Customers,1,65,8,12.6075,0.9947368710873992,1,High Risk
17225,217,1,131.15,1,2,1,121,Lost Customers,1,36,5,26.23,0.9999995707400018,1,High Risk
17226,80,2,501.97999999999996,2,3,3,233,At Risk,0,447,34,13.209999999999999,0.18072485005580302,0,Low Risk
17227,4,7,1081.8600000000001,5,5,4,554,Champions,0,1032,44,14.050129870129872,3.1789085611968995e-05,0,Low Risk
17228,3,7,1269.8899999999999,5,5,4,554,Champions,0,1033,107,8.522751677852348,2.4327682695965056e-05,0,Low Risk
17230,199,10,5750.08,1,5,5,155,At Risk,1,2102,104,38.85189189189189,0.999996259627378,1,High Risk
17231,25,15,3940.08,4,5,5,455,Champions,0,1958,349,5.8719523099850965,0.00022109185749499466,0,Low Risk
17233,84,2,369.98,2,3,2,232,At Risk,0,167,32,11.211515151515153,0.2639400488173121,0,Low Risk
17235,8,7,1354.82,5,5,4,554,Champions,0,747,41,19.35457142857143,5.1860161316138434e-05,0,Low Risk
17236,46,6,1013.13,3,5,4,354,Lost Customers,0,330,44,19.11566037735849,0.004422332830959264,0,Low Risk
17237,11,2,679.44,5,3,3,533,Loyal Customers,0,309,58,11.324000000000002,6.250731146643674e-05,0,Low Risk
17238,7,17,3982.66,5,5,5,555,Champions,0,1874,345,6.184254658385093,2.8515647628301756e-05,0,Low Risk
17239,23,3,806.95,4,4,3,443,Loyal Customers,0,365,8,47.46764705882353,0.0002964311936207297,0,Low Risk
17240,232,1,130.6,1,2,1,121,Lost Customers,1,108,7,18.657142857142855,0.9999999259415627,1,High Risk
17241,21,12,2736.64,4,5,5,455,Champions,0,859,116,16.097882352941177,0.0002302156608281155,0,Low Risk
17242,92,3,1754.24,2,4,4,244,At Risk,1,848,27,39.86909090909091,0.4831671723636258,0,Medium Risk
17243,5,44,11920.43,5,5,5,555,Champions,0,4704,265,17.10248206599713,5.347528169866583e-05,0,Low Risk
17244,19,4,871.14,4,4,3,443,Loyal Customers,0,803,85,9.78808988764045,0.00015595736246820535,0,Low Risk
17245,325,1,200.18,1,2,1,121,Lost Customers,1,232,15,12.51125,0.9999999999986562,1,High Risk
17246,182,2,38.92,1,3,1,131,At Risk,1,36,6,6.486666666666667,0.9999743164393523,1,High Risk
17248,117,1,181.89000000000001,2,2,1,221,Lost Customers,1,63,34,5.1968571428571435,0.9441317053681633,1,High Risk
17249,64,1,68.03,3,2,1,321,Lost Customers,0,79,27,2.51962962962963,0.03254899390032346,0,Low Risk
17251,18,2,529.15,4,3,3,433,Loyal Customers,0,269,35,12.90609756097561,0.00015061320436418453,0,Low Risk
17254,37,1,198.29,3,2,1,321,Lost Customers,0,146,36,5.508055555555555,0.0013693795317973973,0,Low Risk
17255,26,2,490.21999999999997,4,3,2,432,Loyal Customers,0,356,99,4.539074074074073,0.0003301292912275963,0,Low Risk
17256,117,3,258.93,2,4,2,242,At Risk,1,158,14,17.262,0.9491965552393583,1,High Risk
17257,72,2,189.78,2,3,1,231,At Risk,0,187,14,13.555714285714286,0.08350638905332869,0,Low Risk
17258,32,2,417.3,4,3,2,432,Loyal Customers,0,188,46,7.587272727272728,0.0007633653708660124,0,Low Risk
17259,4,5,1239.11,5,4,4,544,Champions,0,712,159,6.321989795918367,2.3130044631795984e-05,0,Low Risk
17260,47,1,120.95,3,2,1,321,Lost Customers,0,23,6,20.158333333333335,0.004774419605818749,0,Low Risk
17261,145,1,221.59,2,2,1,221,Lost Customers,1,95,43,5.153255813953488,0.9977590594211891,1,High Risk
17262,2,7,1504.26,5,5,4,554,Champions,0,342,5,167.14,2.8272968678241135e-05,0,Low Risk
17264,60,1,268.28,3,2,2,322,Lost Customers,0,217,70,3.625405405405405,0.01852398113666822,0,Low Risk
17266,135,2,205.14,2,3,1,231,At Risk,1,90,43,4.459565217391304,0.9929700014734558,1,High Risk
17268,81,7,970.25,2,5,3,253,At Risk,0,551,23,40.427083333333336,0.22618442768222993,0,Low Risk
17269,21,1,491.81,4,2,2,422,Potential Loyalists,0,314,110,3.93448,0.00017392870867455007,0,Low Risk
17270,105,2,601.4499999999999,2,3,3,233,At Risk,1,420,45,12.530208333333333,0.8029238208767875,1,High Risk
17271,372,1,204.3,1,2,1,121,Lost Customers,1,113,46,4.2562500000000005,0.9999999999999942,1,High Risk
17273,60,1,141.12,3,2,1,321,Lost Customers,0,133,12,11.76,0.02127489702229222,0,Low Risk
17274,31,1,465.4,4,2,2,422,Potential Loyalists,0,194,52,8.95,0.0006504074720951758,0,Low Risk
17275,19,1,114.1,4,2,1,421,Potential Loyalists,0,71,23,4.960869565217391,0.00017062840233641351,0,Low Risk
17276,38,1,502.49,3,2,3,323,Lost Customers,0,187,50,9.480943396226415,0.0014883099735299528,0,Low Risk
17278,201,1,25.2,1,2,1,121,Lost Customers,1,16,2,12.6,0.9999972026681447,1,High Risk
17280,74,1,118.85999999999999,2,2,1,221,Lost Customers,0,74,6,19.81,0.10290612775061525,0,Low Risk
17281,10,6,797.8499999999999,5,5,3,553,Loyal Customers,0,295,2,132.975,7.098647422170131e-05,0,Low Risk
17282,92,2,623.08,2,3,3,233,At Risk,1,466,107,5.41808695652174,0.4318405153233517,0,Medium Risk
17283,14,1,188.46,5,2,1,521,Potential Loyalists,0,179,15,12.564,9.619140570273044e-05,0,Low Risk
17284,25,2,1140.58,4,3,4,434,Loyal Customers,0,707,80,13.90951219512195,0.0003034826826058852,0,Low Risk
17285,264,2,407.94,1,3,2,132,At Risk,1,134,41,9.271363636363636,0.9999999981898604,1,High Risk
17286,36,2,237.81,3,3,1,331,Lost Customers,0,251,46,5.169782608695653,0.00121797380821384,0,Low Risk
17287,3,16,3000.5,5,5,5,555,Champions,0,1507,233,8.265840220385675,2.288844130353319e-05,0,Low Risk
17288,26,4,1050.8,4,4,4,444,Champions,0,498,129,7.1,0.00032382113741295684,0,Low Risk
17289,12,6,1110.78,5,5,4,554,Champions,0,724,130,6.8566666666666665,6.528793622593536e-05,0,Low Risk
17290,17,6,974.95,4,5,3,453,Loyal Customers,0,742,96,9.749500000000001,0.0001273607955189384,0,Low Risk
17292,108,2,271.75,2,3,2,232,At Risk,1,131,14,18.116666666666667,0.863159788571132,1,High Risk
17293,30,8,1896.57,4,5,4,454,Champions,0,1093,84,17.3997247706422,0.0006325224983815931,0,Low Risk
17294,305,2,467.78999999999996,1,3,2,132,At Risk,1,297,17,27.51705882352941,0.9999999999861675,1,High Risk
17296,366,1,338.13,1,2,2,122,Lost Customers,1,216,32,10.246363636363636,0.9999999999999887,1,High Risk
17298,10,3,455.84000000000003,5,4,2,542,Loyal Customers,0,465,38,11.688205128205128,5.955396954134031e-05,0,Low Risk
17299,75,2,336.62,2,3,2,232,At Risk,0,251,52,5.803793103448276,0.10570534011904063,0,Low Risk
17300,26,2,393.64,4,3,2,432,Loyal Customers,0,467,37,8.946363636363635,0.00038102414404811094,0,Low Risk
17301,260,1,131.15,1,2,1,121,Lost Customers,1,79,52,2.428703703703704,0.9999999969445572,1,High Risk
17304,170,1,111.5,2,2,1,221,Lost Customers,1,73,5,22.3,0.9998917139973852,1,High Risk
17305,284,1,2135.46,1,2,4,124,Lost Customers,1,1006,9,237.27333333333334,0.9999999998304061,1,High Risk
17306,29,2,1151.04,4,3,4,434,Loyal Customers,0,2256,5,191.84,0.0005452775157481422,0,Low Risk
17307,31,11,3999.8900000000003,4,5,5,455,Champions,0,3667,22,83.33104166666668,0.000816241392267726,0,Low Risk
17308,29,2,4511.76,4,3,5,435,Loyal Customers,0,5148,5,644.5371428571428,0.00048782121936995844,0,Low Risk
17309,17,2,237.64000000000001,4,3,1,431,Loyal Customers,0,140,22,9.901666666666667,0.00013870674622908481,0,Low Risk
17310,23,2,1025.1,4,3,4,434,Loyal Customers,0,402,1,512.55,0.0002901437976929136,0,Low Risk
17311,28,4,2181.71,4,4,5,445,Champions,0,1750,71,30.30152777777778,0.00044950697222537856,0,Low Risk
17314,29,9,2376.51,4,5,5,455,Champions,0,1767,92,19.01208,0.0005535907795501623,0,Low Risk
17315,11,5,3318.35,5,4,5,545,Champions,0,1225,196,12.023007246376812,4.756839183227082e-05,0,Low Risk
17316,56,1,124.45,3,2,1,321,Lost Customers,0,44,35,3.5557142857142856,0.012733986798783759,0,Low Risk
17318,361,1,157.32999999999998,1,2,1,121,Lost Customers,1,59,17,9.25470588235294,0.9999999999999807,1,High Risk
17319,305,1,29.1,1,2,1,121,Lost Customers,1,14,3,9.700000000000001,0.9999999999863782,1,High Risk
17320,4,4,1695.15,5,4,4,544,Champions,0,758,59,16.783663366336633,2.8535311049548023e-05,0,Low Risk
17321,30,4,1008.05,4,4,4,444,Champions,0,426,159,5.860755813953488,0.0004837812421685951,0,Low Risk
17322,12,5,922.59,5,4,3,543,Loyal Customers,0,631,115,5.2123728813559325,6.599496930454721e-05,0,Low Risk
17323,43,5,644.52,3,4,3,343,Lost Customers,0,666,91,4.739117647058824,0.0026679211499027107,0,Low Risk
17324,2,9,1311.64,5,5,4,554,Champions,0,693,85,12.85921568627451,2.4435516941976962e-05,0,Low Risk
17325,46,2,512.77,3,3,3,333,Lost Customers,0,405,33,15.538484848484847,0.004040794457437022,0,Low Risk
17326,44,2,312.35,3,3,2,332,Lost Customers,0,136,82,3.631976744186047,0.0028730489500646606,0,Low Risk
17327,45,2,152.35,3,3,1,331,Lost Customers,0,59,3,38.0875,0.0039060333115377996,0,Low Risk
17328,309,1,104.7,1,2,1,121,Lost Customers,1,86,6,17.45,0.9999999999914067,1,High Risk
17329,367,3,475.42,1,4,2,142,At Risk,1,288,63,6.6960563380281695,0.9999999999999898,1,High Risk
17330,180,2,59.900000000000006,1,3,1,131,At Risk,1,2,2,29.950000000000003,0.999967842010497,1,High Risk
17332,164,5,838.27,2,4,3,243,At Risk,1,794,82,8.823894736842105,0.9997583754381558,1,High Risk
17334,42,1,328.13,3,2,2,322,Lost Customers,0,251,20,16.4065,0.0025489698370579805,0,Low Risk
17335,19,2,497.04,4,3,2,432,Loyal Customers,0,210,34,13.806666666666667,0.00017018772210136305,0,Low Risk
17336,108,1,81.12,2,2,1,221,Lost Customers,1,48,1,81.12,0.8636694555678679,1,High Risk
17338,11,9,5395.79,5,5,5,555,Champions,0,2721,351,9.239366438356164,3.490387425145044e-05,0,Low Risk
17339,1,2,119.0,5,3,1,531,Loyal Customers,0,36,5,23.8,2.207026969933997e-05,0,Low Risk
17340,2,8,9935.93,5,5,5,555,Champions,0,5195,213,27.831736694677872,1.5060148165324925e-05,0,Low Risk
17341,2,3,1006.53,5,4,4,544,Champions,0,634,180,5.083484848484848,1.64737347762843e-05,0,Low Risk
17342,15,4,1227.54,4,4,4,444,Champions,0,521,31,35.07257142857143,0.0001121104509910395,0,Low Risk
17343,12,5,1066.3,5,4,4,544,Champions,0,398,49,16.925396825396824,7.797732480814597e-05,0,Low Risk
17344,364,1,299.74,1,2,2,122,Lost Customers,1,135,36,8.32611111111111,0.9999999999999858,1,High Risk
17345,11,6,1066.94,5,5,4,554,Champions,0,1667,110,8.467777777777778,5.8689113636752386e-05,0,Low Risk
17346,9,12,2509.84,5,5,5,555,Champions,0,1906,293,5.328747346072187,3.52947677162382e-05,0,Low Risk
17348,73,4,1285.69,2,4,4,244,At Risk,0,1368,185,5.589956521739131,0.06460989800502052,0,Low Risk
17349,16,4,674.16,4,4,3,443,Loyal Customers,0,670,66,8.755324675324674,0.00011520257092927215,0,Low Risk
17350,30,3,612.381,4,4,3,443,Loyal Customers,0,408,65,8.388780821917807,0.0005884066094473607,0,Low Risk
17351,63,9,1401.08,3,5,4,354,Lost Customers,0,270,29,33.359047619047615,0.035801722838565704,0,Low Risk
17352,332,1,36.25,1,2,1,121,Lost Customers,1,15,5,7.25,0.9999999999994287,1,High Risk
17353,127,2,1502.0,2,3,4,234,At Risk,1,968,6,250.33333333333334,0.9830864158520574,1,High Risk
17354,64,3,1740.8999999999999,3,4,4,344,Lost Customers,0,1525,73,20.481176470588235,0.02939531050947698,0,Low Risk
17355,22,1,273.31,4,2,2,422,Potential Loyalists,0,249,28,8.282121212121211,0.00023838702378661748,0,Low Risk
17356,190,4,768.25,1,4,3,143,At Risk,1,759,62,11.466417910447761,0.9999888859659064,1,High Risk
17358,12,3,500.2,5,4,3,543,Loyal Customers,0,240,84,5.684090909090909,6.811824492775318e-05,0,Low Risk
17359,284,1,156.6,1,2,1,121,Lost Customers,1,76,23,6.808695652173912,0.9999999998306606,1,High Risk
17360,21,3,632.27,4,4,3,443,Loyal Customers,0,296,90,6.079519230769231,0.00019320738949712445,0,Low Risk
17361,312,2,383.59000000000003,1,3,2,132,At Risk,1,223,26,13.699642857142859,0.999999999993815,1,High Risk
17362,36,5,711.8100000000001,3,4,3,343,Lost Customers,0,358,84,6.530366972477065,0.0012069296211521686,0,Low Risk
17363,31,3,920.46,4,4,3,443,Loyal Customers,0,499,34,26.298857142857145,0.0007105102012484685,0,Low Risk
17364,12,17,7510.24,5,5,5,555,Champions,0,4772,308,15.080803212851405,5.063461195315583e-05,0,Low Risk
17365,22,7,3417.13,4,5,5,455,Champions,0,3266,236,10.386413373860183,0.00015418190765195943,0,Low Risk
17366,68,2,1077.24,3,3,4,334,Lost Customers,0,504,120,8.22320610687023,0.04192545537241967,0,Low Risk
17368,11,6,879.42,5,5,3,553,Loyal Customers,0,942,110,7.390084033613445,6.032978813893047e-05,0,Low Risk
17369,91,1,979.1999999999999,2,2,3,223,Lost Customers,1,1152,1,979.1999999999999,0.4472537632641345,0,Medium Risk
17371,259,3,236.97,1,4,1,141,At Risk,1,130,55,4.085689655172414,0.9999999967223456,1,High Risk
17372,17,20,3010.13,4,5,5,455,Champions,0,1116,261,7.582191435768262,0.00012627263091690433,0,Low Risk
17373,54,3,520.58,3,4,3,343,Lost Customers,0,330,31,15.311176470588236,0.010662888519542899,0,Low Risk
17374,31,1,231.34,4,2,1,421,Potential Loyalists,0,70,14,16.524285714285714,0.0007150030899584453,0,Low Risk
17375,67,1,260.45,3,2,2,322,Lost Customers,0,113,17,15.320588235294117,0.046702539045369196,0,Low Risk
17376,40,2,250.44,3,3,2,332,Lost Customers,0,158,27,8.078709677419354,0.002046008801742662,0,Low Risk
17377,1,60,14174.25,5,5,5,555,Champions,0,5486,415,10.554169769173493,3.577079845057807e-05,0,Low Risk
17378,10,1,10.95,5,2,1,521,Potential Loyalists,0,1,1,10.95,6.253134760261324e-05,0,Low Risk
17380,70,3,645.0,3,4,3,343,Lost Customers,0,252,5,64.5,0.07020856906348061,0,Low Risk
17381,4,12,19726.76,5,5,5,555,Champions,0,20118,30,303.48861538461534,1.894268155040645e-05,0,Low Risk
17382,71,7,836.88,2,5,3,253,At Risk,0,432,14,52.305,0.08464012401926682,0,Low Risk
17383,89,1,110.69999999999999,2,2,1,221,Lost Customers,0,12,2,55.349999999999994,0.4038409736484972,0,Medium Risk
17384,103,1,171.15,2,2,1,221,Lost Customers,1,33,5,34.230000000000004,0.7773188621092397,1,High Risk
17386,21,1,126.35000000000001,4,2,1,421,Potential Loyalists,0,53,10,12.635000000000002,0.00022281717797001247,0,Low Risk
17388,56,7,1415.81,3,5,4,354,Lost Customers,0,1487,29,35.39525,0.014482156583516669,0,Low Risk
17389,10,27,25381.65,5,5,5,555,Champions,0,10268,40,117.50763888888889,8.537515244339574e-05,0,Low Risk
17390,56,1,149.3,3,2,1,321,Lost Customers,0,49,12,12.441666666666668,0.013439505773328433,0,Low Risk
17392,86,1,168.65,2,2,1,221,Lost Customers,0,173,14,12.046428571428573,0.3151199945534002,0,Low Risk
17393,46,2,381.15,3,3,2,332,Lost Customers,0,238,45,7.940625,0.003951567543097074,0,Low Risk
17395,144,1,97.5,2,2,1,221,Lost Customers,1,66,3,32.5,0.9977096240260306,1,High Risk
17396,7,7,1476.3,5,5,4,554,Champions,0,414,11,64.18695652173913,5.014550686648701e-05,0,Low Risk
17397,52,1,516.87,3,2,3,323,Lost Customers,0,441,44,11.486,0.007712681784922099,0,Low Risk
17400,217,3,2525.44,1,4,5,145,At Risk,1,1097,209,9.602433460076046,0.9999993166774199,1,High Risk
17401,177,1,114.85,1,2,1,121,Lost Customers,1,34,11,9.570833333333333,0.9999518701401848,1,High Risk
17402,5,12,2461.68,5,5,5,555,Champions,0,869,99,17.214545454545455,3.6465021214501175e-05,0,Low Risk
17403,86,1,118.95,2,2,1,221,Lost Customers,0,77,13,9.15,0.3164213601095113,0,Low Risk
17404,45,8,15874.3,3,5,5,355,Lost Customers,0,17931,53,168.8755319148936,0.0021461699655104327,0,Low Risk
17406,2,11,2704.63,5,5,5,555,Champions,0,1337,88,18.52486301369863,2.513082321147421e-05,0,Low Risk
17407,47,1,552.9,3,2,3,323,Lost Customers,0,426,23,24.039130434782606,0.004519789483536825,0,Low Risk
17408,136,2,283.44000000000005,2,3,2,232,At Risk,1,160,6,47.24000000000001,0.9942523433125146,1,High Risk
17409,57,8,7021.66,3,5,5,355,Lost Customers,0,3984,40,77.1610989010989,0.015033970706545396,0,Low Risk
17411,22,2,646.44,4,3,3,433,Loyal Customers,0,302,32,19.01294117647059,0.00024257025397493513,0,Low Risk
17412,8,10,3159.46,5,5,5,555,Champions,0,1866,132,18.585058823529412,4.3705629855259714e-05,0,Low Risk
17413,40,2,560.14,3,3,3,333,Lost Customers,0,302,10,56.013999999999996,0.002118653980337791,0,Low Risk
17414,59,4,1471.52,3,4,4,344,Lost Customers,0,4156,6,98.10133333333333,0.017962672895144007,0,Low Risk
17416,29,15,10405.03,4,5,5,455,Champions,0,4467,224,31.722652439024394,0.000440641828009794,0,Low Risk
17417,184,1,164.18,1,2,1,121,Lost Customers,1,76,16,10.26125,0.9999785895343606,1,High Risk
17418,23,1,206.60000000000002,4,2,1,421,Potential Loyalists,0,232,12,17.21666666666667,0.00027866376632974463,0,Low Risk
17419,3,8,2273.95,5,5,5,555,Champions,0,1211,81,20.303124999999998,2.6512255259218408e-05,0,Low Risk
17420,9,4,485.6,5,4,2,542,Loyal Customers,0,234,24,17.985185185185188,5.6812073867754806e-05,0,Low Risk
17421,22,3,1059.41,4,4,4,444,Champions,0,807,46,18.265689655172416,0.0002369007093298007,0,Low Risk
17422,17,5,1615.39,4,4,4,444,Champions,0,1285,75,18.356704545454548,0.00012769560981423274,0,Low Risk
17423,29,1,420.54,4,2,2,422,Potential Loyalists,0,331,17,24.73764705882353,0.0005557190831036504,0,Low Risk
17426,88,7,3040.51,2,5,5,255,At Risk,0,2093,118,19.49044871794872,0.3347401264762813,0,Low Risk
17428,4,18,14562.91,5,5,5,555,Champions,0,8030,266,36.31648379052369,2.0196150593891162e-05,0,Low Risk
17429,32,2,832.54,4,3,3,433,Loyal Customers,0,662,53,14.866785714285713,0.0007378347331196489,0,Low Risk
17430,1,3,469.40999999999997,5,4,2,542,Loyal Customers,0,325,24,16.764642857142857,2.147623678431455e-05,0,Low Risk
17432,21,7,1363.23,4,5,4,454,Champions,0,801,174,6.031991150442478,0.0001738661924006418,0,Low Risk
17433,21,1,266.8,4,2,2,422,Potential Loyalists,0,120,39,6.841025641025642,0.00020747641779086224,0,Low Risk
17435,47,1,331.35,3,2,2,322,Lost Customers,0,195,15,22.09,0.004645057774908337,0,Low Risk
17436,44,3,317.76,3,4,2,342,Lost Customers,0,88,4,39.72,0.0035619523870945528,0,Low Risk
17437,165,1,369.68,2,2,2,222,Lost Customers,1,283,52,7.109230769230769,0.9997803060525006,1,High Risk
17438,80,4,1034.32,2,4,4,244,At Risk,0,450,39,19.154074074074074,0.18758312202074376,0,Low Risk
17439,291,1,325.74,1,2,2,122,Lost Customers,1,370,8,40.7175,0.9999999999274582,1,High Risk
17440,185,1,137.16,1,2,1,121,Lost Customers,1,36,1,137.16,0.9999816165717704,1,High Risk
17441,368,1,293.35,1,2,2,122,Lost Customers,1,245,21,13.96904761904762,0.9999999999999913,1,High Risk
17442,17,9,2371.74,4,5,5,455,Champions,0,1638,113,16.02527027027027,0.0001290282835557016,0,Low Risk
17448,133,46,14523.67,2,5,5,255,At Risk,1,11534,569,13.025713004484304,0.9865469080838016,1,High Risk
17449,23,6,2348.94,4,5,5,455,Champions,0,1362,182,7.626428571428572,0.00020588563275095886,0,Low Risk
17450,3,7,52422.3,5,5,5,555,Champions,0,15375,81,595.7079545454545,1.698679715582396e-05,0,Low Risk
17454,98,6,1030.41,2,5,4,254,At Risk,1,484,51,15.85246153846154,0.6633246379025473,1,Medium Risk
17456,1,2,975.5600000000001,5,3,3,533,Loyal Customers,0,508,59,16.259333333333334,1.909751499898983e-05,0,Low Risk
17457,15,9,4247.11,4,5,5,455,Champions,0,1869,20,94.38022222222222,0.00012668967269652935,0,Low Risk
17458,17,1,213.08,4,2,1,421,Potential Loyalists,0,112,32,6.65875,0.00013181593503123627,0,Low Risk
17460,8,12,1605.8400000000001,5,5,4,554,Champions,0,744,83,14.598545454545455,5.405116758472899e-05,0,Low Risk
17463,196,2,659.4,1,3,3,133,At Risk,1,394,98,6.105555555555555,0.9999937615826305,1,High Risk
17464,158,2,617.1800000000001,2,3,3,233,At Risk,1,388,28,20.57266666666667,0.999538891624127,1,High Risk
17465,61,7,2542.79,3,5,5,355,Lost Customers,0,1477,103,17.906971830985917,0.02177776342023702,0,Low Risk
17467,31,1,102.6,4,2,1,421,Potential Loyalists,0,20,4,25.65,0.0007332917485711506,0,Low Risk
17468,11,1,57.8,5,2,1,521,Potential Loyalists,0,68,3,19.266666666666666,6.981849042721936e-05,0,Low Risk
17469,36,12,3180.28,3,5,5,355,Lost Customers,0,1517,126,17.766927374301677,0.0012797865683203179,0,Low Risk
17470,3,7,1679.8,5,5,4,554,Champions,0,1168,62,19.088636363636365,2.6972804383625025e-05,0,Low Risk
17471,110,1,321.65000000000003,2,2,2,222,Lost Customers,1,153,19,16.928947368421053,0.8845544273393793,1,High Risk
17472,264,1,224.81,1,2,1,121,Lost Customers,1,96,48,4.587959183673469,0.9999999981087517,1,High Risk
17473,44,2,607.0,3,3,3,333,Lost Customers,0,270,33,17.852941176470587,0.0032137576327552204,0,Low Risk
17474,235,1,1047.0,1,2,4,124,Lost Customers,1,200,6,174.5,0.9999999478787691,1,High Risk
17476,31,2,489.86,4,3,2,432,Loyal Customers,0,224,29,15.801935483870968,0.0007058539546227552,0,Low Risk
17477,248,2,1144.3,1,3,4,134,At Risk,1,225,44,26.00681818181818,0.9999999880037523,1,High Risk
17478,44,2,1272.8,3,3,4,334,Lost Customers,0,516,40,31.82,0.00313582433228876,0,Low Risk
17479,268,1,389.26000000000005,1,2,2,122,Lost Customers,1,266,18,21.625555555555557,0.9999999988932078,1,High Risk
17480,80,1,370.40999999999997,2,2,2,222,Lost Customers,0,243,24,15.433749999999998,0.18120125792705302,0,Low Risk
17482,123,2,775.64,2,3,3,233,At Risk,1,240,50,14.634716981132076,0.9711874275490322,1,High Risk
17483,50,1,177.69,3,2,1,321,Lost Customers,0,74,7,25.384285714285713,0.006752430376103581,0,Low Risk
17484,212,2,209.57,1,3,1,131,At Risk,1,339,14,14.969285714285714,0.9999992234155519,1,High Risk
17487,364,1,160.55,1,2,1,121,Lost Customers,1,37,8,20.06875,0.9999999999999867,1,High Risk
17488,277,1,336.5,1,2,2,122,Lost Customers,1,136,18,18.694444444444443,0.9999999996179691,1,High Risk
17490,24,2,658.18,4,3,3,433,Loyal Customers,0,397,37,16.4545,0.00030216588637798606,0,Low Risk
17491,3,8,2422.2000000000003,5,5,5,555,Champions,0,1617,52,33.180821917808224,2.797507942105069e-05,0,Low Risk
17492,114,2,747.85,2,3,3,233,At Risk,1,295,23,27.69814814814815,0.9255978376545687,1,High Risk
17493,21,1,100.91000000000001,4,2,1,421,Potential Loyalists,0,62,8,12.613750000000001,0.00022378974463052676,0,Low Risk
17494,137,1,54.699999999999996,2,2,1,221,Lost Customers,1,26,3,18.23333333333333,0.9948055854010456,1,High Risk
17495,26,1,309.16,4,2,2,422,Potential Loyalists,0,138,21,14.721904761904764,0.00038967248283676876,0,Low Risk
17496,199,3,1141.84,1,4,4,144,At Risk,1,596,49,18.416774193548385,0.9999961836278404,1,High Risk
17497,26,2,287.25,4,3,2,432,Loyal Customers,0,59,7,41.035714285714285,0.000415446508908112,0,Low Risk
17499,197,1,718.51,1,2,3,123,Lost Customers,1,375,31,23.17774193548387,0.9999951419400013,1,High Risk
17504,16,9,6493.14,4,5,5,455,Champions,0,3756,160,30.2006511627907,9.554386047684713e-05,0,Low Risk
17505,186,3,1289.64,1,4,4,144,At Risk,1,686,47,25.792800000000003,0.9999824146956466,1,High Risk
17508,17,7,4191.92,4,5,5,455,Champions,0,2602,180,20.057033492822967,0.00010063313977915834,0,Low Risk
17510,56,1,206.07999999999998,3,2,1,321,Lost Customers,0,208,15,13.738666666666665,0.01326574937374403,0,Low Risk
17511,3,31,84541.17,5,5,5,555,Champions,0,55107,423,89.1784493670886,3.5032460027827978e-06,0,Low Risk
17512,88,8,2542.83,2,5,5,255,At Risk,0,2681,64,27.63945652173913,0.3649264234331836,0,Low Risk
17513,44,2,645.6,3,3,3,333,Lost Customers,0,186,12,53.800000000000004,0.003387459522613845,0,Low Risk
17514,305,1,313.35,1,2,2,122,Lost Customers,1,149,41,7.287209302325582,0.9999999999850187,1,High Risk
17515,30,5,963.49,4,4,3,443,Loyal Customers,0,284,76,10.472717391304348,0.0006098404433321444,0,Low Risk
17516,14,1,182.62,5,2,1,521,Potential Loyalists,0,108,55,3.261071428571429,8.76825648577671e-05,0,Low Risk
17518,61,2,329.42,3,3,2,332,Lost Customers,0,267,71,4.278181818181818,0.021282489558644015,0,Low Risk
17519,4,10,3265.45,5,5,5,555,Champions,0,2178,112,23.324642857142855,2.8298770683059077e-05,0,Low Risk
17521,30,2,554.85,4,3,3,433,Loyal Customers,0,287,29,16.813636363636363,0.0006261381725596815,0,Low Risk
17524,74,2,394.14,2,3,2,232,At Risk,0,272,34,10.652432432432432,0.09878727534465867,0,Low Risk
17525,33,2,739.2,4,3,3,433,Loyal Customers,0,256,13,43.48235294117647,0.0009266838996297194,0,Low Risk
17526,1,9,2970.14,5,5,5,555,Champions,0,1172,60,38.078717948717944,2.2732338098739362e-05,0,Low Risk
17529,246,2,1240.25,1,3,4,134,At Risk,1,790,78,15.125,0.999999983181341,1,High Risk
17530,1,3,725.21,5,4,3,543,Loyal Customers,0,421,130,4.771118421052631,1.662670067724122e-05,0,Low Risk
17531,163,2,970.12,2,3,3,233,At Risk,1,336,43,22.048181818181817,0.9997353370648372,1,High Risk
17532,21,1,65.34,4,2,1,421,Potential Loyalists,0,30,4,16.335,0.00022617828027824286,0,Low Risk
17533,70,1,34.8,3,2,1,321,Lost Customers,0,24,1,34.8,0.06770010182190503,0,Low Risk
17534,87,4,1445.47,2,4,4,244,At Risk,0,757,69,17.415301204819276,0.3263715029937403,0,Low Risk
17536,56,2,288.33,3,3,2,332,Lost Customers,0,195,13,22.179230769230767,0.013711534735628157,0,Low Risk
17539,253,4,1176.84,1,4,4,144,At Risk,1,708,132,8.1725,0.9999999920867705,1,High Risk
17540,19,4,1011.7,4,4,4,444,Champions,0,394,28,25.941025641025643,0.0001815684827639722,0,Low Risk
17541,145,1,119.86,2,2,1,221,Lost Customers,1,44,31,3.8664516129032256,0.9978259566502742,1,High Risk
17542,277,2,170.1,1,3,1,131,At Risk,1,189,34,4.361538461538461,0.9999999996132387,1,High Risk
17543,185,1,120.05,1,2,1,121,Lost Customers,1,62,13,9.234615384615385,0.9999811098985368,1,High Risk
17544,26,3,944.82,4,4,3,443,Loyal Customers,0,410,80,10.736590909090909,0.0003549867161523599,0,Low Risk
17545,26,3,767.54,4,4,3,443,Loyal Customers,0,345,112,6.449915966386555,0.0003295632283703954,0,Low Risk
17547,11,2,727.85,5,3,3,533,Loyal Customers,0,223,22,23.479032258064517,6.834006277449342e-05,0,Low Risk
17548,14,3,627.96,5,4,3,543,Loyal Customers,0,436,17,21.653793103448276,0.00010038241577159813,0,Low Risk
17550,33,6,2239.48,4,5,5,455,Champions,0,882,218,8.026810035842294,0.00062366114205541,0,Low Risk
17552,8,10,2154.88,5,5,5,555,Champions,0,1376,64,20.139065420560748,5.2246775460262065e-05,0,Low Risk
17553,108,3,2270.0,2,4,5,245,At Risk,1,1240,2,567.5,0.8641829924482946,1,High Risk
17555,61,3,565.43,3,4,3,343,Lost Customers,0,391,137,3.5561635220125782,0.018670457105090632,0,Low Risk
17556,15,1,142.77,4,2,1,421,Potential Loyalists,0,83,8,17.84625,0.00011040682699630337,0,Low Risk
17557,368,1,34.0,1,2,1,121,Lost Customers,1,4,1,34.0,0.9999999999999918,1,High Risk
17558,29,1,259.17,4,2,2,422,Potential Loyalists,0,54,28,9.25607142857143,0.0005470685609241927,0,Low Risk
17559,148,1,167.62,2,2,1,221,Lost Customers,1,270,12,13.968333333333334,0.9985262638610862,1,High Risk
17560,31,4,1040.85,4,4,4,444,Champions,0,953,21,35.891379310344824,0.0007407960444060291,0,Low Risk
17561,26,3,537.9,4,4,3,443,Loyal Customers,0,237,129,3.6842465753424656,0.0003175889002297443,0,Low Risk
17563,214,2,392.38,1,3,2,132,At Risk,1,256,27,13.530344827586207,0.9999993692509938,1,High Risk
17565,222,1,131.83,1,2,1,121,Lost Customers,1,67,30,4.394333333333334,0.9999997467604846,1,High Risk
17567,8,2,1024.55,5,3,4,534,Loyal Customers,0,520,57,17.66465517241379,4.370447325886228e-05,0,Low Risk
17568,269,1,374.45,1,2,2,122,Lost Customers,1,275,61,6.039516129032258,0.9999999989095221,1,High Risk
17570,17,1,100.0,4,2,1,421,Potential Loyalists,0,1,1,100.0,0.0001422482348726559,0,Low Risk
17571,178,1,205.23999999999998,1,2,1,121,Lost Customers,1,115,53,3.8007407407407405,0.9999525655762737,1,High Risk
17572,9,7,496.26000000000005,5,5,2,552,Loyal Customers,0,256,13,20.677500000000002,6.34091059626953e-05,0,Low Risk
17575,303,1,171.7,1,2,1,121,Lost Customers,1,72,5,34.339999999999996,0.9999999999826419,1,High Risk
17576,1,23,5266.7699999999995,5,5,5,555,Champions,0,2673,234,10.554649298597193,2.114276294786033e-05,0,Low Risk
17577,281,2,348.75,1,3,2,132,At Risk,1,179,20,16.607142857142858,0.9999999997665086,1,High Risk
17578,110,6,903.87,2,5,3,253,At Risk,1,391,52,15.0645,0.8899975238577158,1,High Risk
17579,214,1,304.38,1,2,2,122,Lost Customers,1,117,43,6.917727272727273,0.9999993295052007,1,High Risk
17580,12,2,325.3,5,3,2,532,Loyal Customers,0,135,39,6.6387755102040815,7.400407008186278e-05,0,Low Risk
17581,8,20,7712.71,5,5,5,555,Champions,0,4045,248,18.81148780487805,4.0875357061788784e-05,0,Low Risk
17582,82,4,1271.68,2,4,4,244,At Risk,0,480,78,13.673978494623656,0.21014703491954384,0,Low Risk
17583,196,1,135.95,1,2,1,121,Lost Customers,1,55,7,19.42142857142857,0.9999948953827086,1,High Risk
17584,103,4,4067.12,2,4,5,245,At Risk,1,2006,73,45.697977528089886,0.7514956876895693,1,High Risk
17585,81,3,948.03,2,4,3,243,At Risk,0,860,147,5.386534090909091,0.16109140799473598,0,Low Risk
17586,255,1,167.4,1,2,1,121,Lost Customers,1,68,8,20.925,0.9999999950476015,1,High Risk
17587,264,1,176.71,1,2,1,121,Lost Customers,1,67,42,4.207380952380952,0.9999999981375147,1,High Risk
17588,32,4,1699.35,4,4,4,444,Champions,0,703,29,35.403124999999996,0.0008269513698884656,0,Low Risk
17589,21,14,11433.77,4,5,5,455,Champions,0,7073,526,10.899685414680649,7.372527163719736e-05,0,Low Risk
17591,3,2,519.95,5,3,3,533,Loyal Customers,0,152,79,5.777222222222223,2.333058163593192e-05,0,Low Risk
17592,374,1,148.3,1,2,1,121,Lost Customers,1,38,13,11.407692307692308,0.9999999999999958,1,High Risk
17593,45,6,4168.46,3,5,5,355,Lost Customers,0,2506,146,21.26765306122449,0.0028622721270034385,0,Low Risk
17594,85,2,1504.7,2,3,4,234,At Risk,0,818,46,27.864814814814817,0.27613798851991955,0,Low Risk
17596,4,7,2075.7400000000002,5,5,4,554,Champions,0,3163,184,7.413357142857143,2.1013020445556472e-05,0,Low Risk
17597,54,4,1439.72,3,4,4,344,Lost Customers,0,1039,62,19.72219178082192,0.009941081549324106,0,Low Risk
17598,17,1,409.98,4,2,2,422,Potential Loyalists,0,126,10,40.998000000000005,0.00013883533570109325,0,Low Risk
17599,113,1,52.05,2,2,1,221,Lost Customers,1,11,3,17.349999999999998,0.9192463705811342,1,High Risk
17601,16,1,297.07,4,2,2,422,Potential Loyalists,0,192,60,4.715396825396826,0.0001092988289728436,0,Low Risk
17602,108,8,2300.01,2,5,5,255,At Risk,1,1764,210,6.424608938547487,0.8153732275563675,1,High Risk
17603,253,3,1393.66,1,4,4,144,At Risk,1,564,93,14.670105263157895,0.9999999926296315,1,High Risk
17604,58,4,633.02,3,4,3,343,Lost Customers,0,445,106,4.365655172413793,0.01456294407707319,0,Low Risk
17605,226,1,160.75,1,2,1,121,Lost Customers,1,71,13,12.365384615384615,0.9999998480741126,1,High Risk
17606,373,1,87.30000000000001,1,2,1,121,Lost Customers,1,42,6,14.550000000000002,0.9999999999999953,1,High Risk
17607,12,1,333.81,5,2,2,522,Potential Loyalists,0,269,22,15.173181818181819,7.453243623000611e-05,0,Low Risk
17608,85,2,296.07,2,3,2,232,At Risk,0,299,90,2.8744660194174756,0.2589092539492902,0,Low Risk
17609,38,6,782.12,3,5,3,353,Lost Customers,0,602,143,5.145526315789474,0.0013515100436606716,0,Low Risk
17610,176,5,1511.94,1,4,4,144,At Risk,1,893,114,9.817792207792207,0.9999362971613974,1,High Risk
17611,57,13,4376.41,3,5,5,355,Lost Customers,0,2791,403,8.030110091743119,0.00762599939479386,0,Low Risk
17612,15,12,3346.41,4,5,5,455,Champions,0,1713,130,16.323951219512196,0.00010653780546380239,0,Low Risk
17615,23,3,392.2,4,4,2,442,Loyal Customers,0,238,35,9.338095238095239,0.00027917295247151345,0,Low Risk
17616,3,2,489.59999999999997,5,3,2,532,Loyal Customers,0,192,1,244.79999999999998,2.7930137725327825e-05,0,Low Risk
17617,194,1,385.19,1,2,2,122,Lost Customers,1,249,18,21.399444444444445,0.999993323822089,1,High Risk
17618,19,8,3071.36,4,5,5,455,Champions,0,1479,175,10.59089655172414,0.0001380094396814621,0,Low Risk
17621,40,3,1795.22,3,4,4,344,Lost Customers,0,596,40,44.8805,0.0020132264805245376,0,Low Risk
17622,233,2,1130.21,1,3,4,134,At Risk,1,379,19,29.742368421052632,0.9999999336073491,1,High Risk
17623,45,6,1838.72,3,5,4,354,Lost Customers,0,534,108,11.420621118012422,0.0033596190893703986,0,Low Risk
17624,73,2,725.15,2,3,3,233,At Risk,0,404,46,15.428723404255319,0.08616852742616157,0,Low Risk
17625,82,4,3958.5,2,4,5,245,At Risk,0,2325,304,10.5,0.12701562220582396,0,Low Risk
17626,238,1,254.0,1,2,2,122,Lost Customers,1,202,18,14.11111111111111,0.9999999623445462,1,High Risk
17627,114,1,296.36,2,2,2,222,Lost Customers,1,676,10,29.636000000000003,0.9246843436989851,1,High Risk
17629,24,2,641.4,4,3,3,433,Loyal Customers,0,274,29,19.436363636363637,0.0003094312185694088,0,Low Risk
17631,10,4,470.16,5,4,2,542,Loyal Customers,0,257,28,15.672,6.32402245332817e-05,0,Low Risk
17633,15,3,732.55,4,4,3,443,Loyal Customers,0,255,29,23.63064516129032,0.00011052338047175817,0,Low Risk
17635,60,3,1265.58,3,4,4,344,Lost Customers,0,770,60,17.10243243243243,0.019672986815813667,0,Low Risk
17638,283,2,842.4,1,3,3,133,At Risk,1,432,2,280.8,0.9999999998208029,1,High Risk
17639,23,5,506.67,4,4,3,443,Loyal Customers,0,527,54,7.037083333333333,0.00027920184554754607,0,Low Risk
17640,15,5,2547.28,4,4,5,445,Champions,0,1442,47,41.75868852459017,0.00010748808662268102,0,Low Risk
17642,65,3,1112.2,3,4,4,344,Lost Customers,0,1001,58,16.355882352941176,0.03472257319147032,0,Low Risk
17643,9,2,439.7,5,3,2,532,Loyal Customers,0,226,30,14.183870967741935,5.295088424760052e-05,0,Low Risk
17644,30,9,3132.96,4,5,5,455,Champions,0,1676,89,18.429176470588235,0.0006307132555178387,0,Low Risk
17646,1,10,3141.4,5,5,5,555,Champions,0,1095,101,20.3987012987013,2.1281425199181015e-05,0,Low Risk
17647,305,2,198.6,1,3,1,131,At Risk,1,52,5,39.72,0.9999999999866718,1,High Risk
17648,21,1,418.87,4,2,2,422,Potential Loyalists,0,467,34,12.319705882352942,0.00020723290642567745,0,Low Risk
17649,105,2,710.4,2,3,3,233,At Risk,1,324,45,15.443478260869565,0.8035516373470093,1,High Risk
17651,134,6,1758.52,2,5,4,254,At Risk,1,974,84,17.5852,0.991977791402955,1,High Risk
17655,2,3,1013.54,5,4,4,544,Champions,0,426,26,34.94965517241379,2.3976859450212403e-05,0,Low Risk
17657,66,1,126.0,3,2,1,321,Lost Customers,0,60,7,18.0,0.04276750397299123,0,Low Risk
17659,8,3,835.33,5,4,3,543,Loyal Customers,0,291,37,18.159347826086957,4.754590176581057e-05,0,Low Risk
17660,373,1,163.47,1,2,1,121,Lost Customers,1,138,42,3.715227272727273,0.9999999999999949,1,High Risk
17662,297,2,412.92,1,3,2,132,At Risk,1,184,14,27.528000000000002,0.99999999996495,1,High Risk
17663,53,10,3372.92,3,5,5,355,Lost Customers,0,1500,112,22.190263157894737,0.00917895592521263,0,Low Risk
17664,110,2,561.59,2,3,3,233,At Risk,1,454,31,15.178108108108109,0.8833800728198318,1,High Risk
17665,129,1,563.1,2,2,3,223,Lost Customers,1,690,19,29.63684210526316,0.9859517940337853,1,High Risk
17666,113,3,1319.6399999999999,2,4,4,244,At Risk,1,956,17,50.755384615384614,0.9184422405841752,1,High Risk
17667,71,4,1895.19,2,4,4,244,At Risk,0,1161,83,16.479913043478263,0.06569985194730708,0,Low Risk
17669,98,3,2735.63,2,4,5,245,At Risk,1,1589,56,35.99513157894737,0.6326017823605832,1,Medium Risk
17671,1,2,830.63,5,3,3,533,Loyal Customers,0,405,33,21.29820512820513,2.039188975103862e-05,0,Low Risk
17672,53,5,2600.46,3,4,5,345,Lost Customers,0,1068,93,27.088125,0.008471176108789235,0,Low Risk
17673,11,7,2578.91,5,5,5,555,Champions,0,1822,151,8.92356401384083,5.464084398861886e-05,0,Low Risk
17674,4,1,300.66,5,2,2,522,Potential Loyalists,0,349,11,27.332727272727276,2.9754634509101707e-05,0,Low Risk
17675,3,40,17885.32,5,5,5,555,Champions,0,8056,174,42.28208037825059,4.190264682573532e-05,0,Low Risk
17676,2,5,1378.16,5,4,4,544,Champions,0,1000,57,16.025116279069767,2.3069974333444454e-05,0,Low Risk
17677,2,28,20329.68,5,5,5,555,Champions,0,12161,238,49.82764705882353,1.9585517319441306e-05,0,Low Risk
17678,239,1,301.65,1,2,2,122,Lost Customers,1,161,12,25.1375,0.9999999670497695,1,High Risk
17679,157,5,1585.5,2,4,4,244,At Risk,1,1026,41,31.08823529411765,0.9994973063983075,1,High Risk
17680,19,2,313.05,4,3,2,432,Loyal Customers,0,59,9,34.78333333333333,0.00018154714172883172,0,Low Risk
17681,233,5,731.2,1,4,3,143,At Risk,1,450,12,52.228571428571435,0.9999999397360461,1,High Risk
17682,4,6,1982.45,5,5,4,554,Champions,0,1124,61,16.520416666666666,2.9645798525473834e-05,0,Low Risk
17683,21,3,819.01,4,4,3,443,Loyal Customers,0,781,41,17.804565217391303,0.00021321401108638944,0,Low Risk
17685,8,6,2751.64,5,5,5,555,Champions,0,1898,58,33.1522891566265,4.647510579656796e-05,0,Low Risk
17686,59,2,2557.35,3,3,5,335,Lost Customers,0,1105,127,17.883566433566433,0.01443185985845958,0,Low Risk
17687,56,1,432.68,3,2,2,322,Lost Customers,0,210,26,16.641538461538463,0.01293271476956232,0,Low Risk
17688,29,1,304.2,4,2,2,422,Potential Loyalists,0,114,19,16.010526315789473,0.0005576498438141437,0,Low Risk
17689,24,2,317.08,4,3,2,432,Loyal Customers,0,300,17,14.412727272727272,0.0003178428892181982,0,Low Risk
17690,2,8,2685.2,5,5,5,555,Champions,0,1352,99,21.31111111111111,2.2480893402931002e-05,0,Low Risk
17691,4,3,489.65000000000003,5,4,2,542,Loyal Customers,0,239,31,14.83787878787879,3.0161649661775146e-05,0,Low Risk
17692,32,8,2234.86,4,5,5,455,Champions,0,1666,67,19.26603448275862,0.0008157857250875824,0,Low Risk
17694,147,2,1412.85,2,3,4,234,At Risk,1,1309,45,21.40681818181818,0.998191277120194,1,High Risk
17695,30,3,980.7,4,4,3,443,Loyal Customers,0,1030,20,37.71923076923077,0.0006398456904345926,0,Low Risk
17696,18,19,5393.88,4,5,5,455,Champions,0,4135,155,21.57552,0.0001592782546960937,0,Low Risk
17699,112,2,442.0,2,3,2,232,At Risk,1,208,17,23.263157894736842,0.9090911723737566,1,High Risk
17700,17,10,4145.33,4,5,5,455,Champions,0,2203,173,19.015275229357798,0.00011306924732913375,0,Low Risk
17702,19,2,1319.67,4,3,4,434,Loyal Customers,0,800,69,16.704683544303798,0.00015335433296810024,0,Low Risk
17703,54,1,296.1,3,2,2,322,Lost Customers,0,307,23,12.873913043478263,0.010280537952559607,0,Low Risk
17705,91,2,260.38,2,3,2,232,At Risk,1,338,16,15.316470588235294,0.45737912929524843,0,Medium Risk
17706,2,17,10245.49,5,5,5,555,Champions,0,4150,274,26.750626631853784,1.7481312188414227e-05,0,Low Risk
17707,12,6,456.90000000000003,5,5,2,552,Loyal Customers,0,402,9,24.047368421052635,8.806473284147952e-05,0,Low Risk
17708,38,2,620.85,3,3,3,333,Lost Customers,0,297,37,15.91923076923077,0.0015725721828022212,0,Low Risk
17709,106,4,533.56,2,4,3,243,At Risk,1,278,31,16.168484848484848,0.8344221001109756,1,High Risk
17710,59,1,293.5,3,2,2,322,Lost Customers,0,158,20,14.675,0.01859550422099728,0,Low Risk
17713,18,4,1198.09,4,4,4,444,Champions,0,989,55,15.764342105263157,0.00014800043221828137,0,Low Risk
17714,60,4,1257.18,3,4,4,344,Lost Customers,0,516,60,17.706760563380282,0.02041857793018438,0,Low Risk
17715,228,1,163.2,1,2,1,121,Lost Customers,1,192,1,163.2,0.9999998824210353,1,High Risk
17716,32,13,10300.98,4,5,5,455,Champions,0,5747,208,28.935337078651685,0.0005858649201898779,0,Low Risk
17717,57,1,376.92,3,2,2,322,Lost Customers,0,344,26,14.496923076923078,0.01444802381210642,0,Low Risk
17718,280,1,299.83,1,2,2,122,Lost Customers,1,191,17,17.63705882352941,0.9999999997316205,1,High Risk
17720,3,7,1572.97,5,5,4,554,Champions,0,1037,62,18.95144578313253,2.7101848631283088e-05,0,Low Risk
17721,295,1,307.21000000000004,1,2,2,122,Lost Customers,1,107,11,27.928181818181823,0.9999999999548328,1,High Risk
17722,2,2,2006.32,5,3,4,534,Loyal Customers,0,1342,101,19.29153846153846,1.886768760298141e-05,0,Low Risk
17723,11,1,102.0,5,2,1,521,Potential Loyalists,0,120,2,51.0,6.980959250743042e-05,0,Low Risk
17726,31,7,1092.06,4,5,4,454,Champions,0,444,52,17.0634375,0.0007638409808356342,0,Low Risk
17728,40,2,1362.75,3,3,4,334,Lost Customers,0,677,79,17.25,0.0017768461441773117,0,Low Risk
17729,232,1,438.65000000000003,1,2,2,122,Lost Customers,1,247,23,19.071739130434786,0.999999922708338,1,High Risk
17730,18,7,2475.32,4,5,5,455,Champions,0,1724,75,25.784583333333334,0.00014973680551459017,0,Low Risk
17731,257,2,468.88,1,3,2,132,At Risk,1,214,30,14.6525,0.9999999959704533,1,High Risk
17732,8,8,2166.42,5,5,5,555,Champions,0,1058,90,17.757540983606557,4.699161720647075e-05,0,Low Risk
17734,161,3,741.69,2,4,3,243,At Risk,1,319,40,17.248604651162793,0.9996768038919379,1,High Risk
17735,3,8,4134.91,5,5,5,555,Champions,0,2462,139,20.072378640776698,2.210763449677245e-05,0,Low Risk
17738,31,9,2304.51,4,5,5,455,Champions,0,1747,103,17.32714285714286,0.0006825996620449643,0,Low Risk
17739,10,11,4939.24,5,5,5,555,Champions,0,1474,44,48.42392156862745,7.157583924165114e-05,0,Low Risk
17740,25,6,426.9,4,5,2,452,Loyal Customers,0,222,5,47.43333333333333,0.0004128441696110463,0,Low Risk
17741,42,2,101.1,3,3,1,331,Lost Customers,0,114,6,16.849999999999998,0.0027230734377054174,0,Low Risk
17742,64,9,1743.3700000000001,3,5,4,354,Lost Customers,0,564,46,24.905285714285714,0.03818016290606338,0,Low Risk
17743,84,1,229.2,2,2,1,221,Lost Customers,0,96,3,76.39999999999999,0.2722144370238237,0,Low Risk
17744,16,1,326.74,4,2,2,422,Potential Loyalists,0,414,15,21.782666666666668,0.0001206275004813618,0,Low Risk
17745,113,2,600.34,2,3,3,233,At Risk,1,164,27,21.440714285714286,0.916715646709289,1,High Risk
17746,107,3,793.9300000000001,2,4,3,243,At Risk,1,659,28,26.464333333333336,0.8454993185351772,1,High Risk
17748,163,1,358.15,2,2,2,222,Lost Customers,1,111,17,21.06764705882353,0.9997459503402956,1,High Risk
17749,182,1,351.66,1,2,2,122,Lost Customers,1,126,22,15.984545454545456,0.9999724774911849,1,High Risk
17751,57,1,157.85999999999999,3,2,1,321,Lost Customers,0,147,31,4.9331249999999995,0.014380587805729712,0,Low Risk
17753,100,4,382.06,2,4,2,242,At Risk,1,124,63,5.5371014492753625,0.698624461096562,1,Medium Risk
17754,10,8,2786.57,5,5,5,555,Champions,0,2550,117,20.79529850746269,5.270252463178047e-05,0,Low Risk
17756,11,3,728.75,5,4,3,543,Loyal Customers,0,399,54,8.675595238095237,6.469587108230866e-05,0,Low Risk
17757,4,28,3773.11,5,5,5,555,Champions,0,1833,243,6.749749552772808,3.48775892234253e-05,0,Low Risk
17758,63,4,1555.83,3,4,4,344,Lost Customers,0,1145,121,12.547016129032258,0.024438051187007148,0,Low Risk
17759,29,2,441.92,4,3,2,432,Loyal Customers,0,268,41,10.277209302325582,0.0005412570679892039,0,Low Risk
17760,9,5,631.34,5,4,3,543,Loyal Customers,0,457,44,12.379215686274511,5.5258464561423955e-05,0,Low Risk
17762,92,1,129.75,2,2,1,221,Lost Customers,1,129,16,7.632352941176471,0.4816243754094691,0,Medium Risk
17763,289,3,71.15,1,4,1,141,At Risk,1,29,11,5.473076923076923,0.9999999999137612,1,High Risk
17764,38,3,741.02,3,4,3,343,Lost Customers,0,323,66,9.50025641025641,0.0015085149303710084,0,Low Risk
17765,84,1,156.37,2,2,1,221,Lost Customers,0,52,22,6.2548,0.2638767801150347,0,Low Risk
17766,17,2,299.61,4,3,2,432,Loyal Customers,0,155,21,13.618636363636364,0.00013897199889437647,0,Low Risk
17767,46,1,141.85,3,2,1,321,Lost Customers,0,70,18,7.8805555555555555,0.004121039972101378,0,Low Risk
17768,23,4,1210.83,4,4,4,444,Champions,0,1217,69,14.414642857142857,0.00025547042562517366,0,Low Risk
17769,19,7,3095.95,4,5,5,455,Champions,0,1307,195,11.096594982078852,0.00012878288116193804,0,Low Risk
17771,72,2,141.6,2,3,1,231,At Risk,0,86,14,9.44,0.0838020331122202,0,Low Risk
17772,28,1,187.3,4,2,1,421,Potential Loyalists,0,58,45,4.071739130434783,0.00046691587964188005,0,Low Risk
17773,150,2,575.37,2,3,3,233,At Risk,1,254,48,10.461272727272727,0.9987678750676304,1,High Risk
17774,33,5,2060.1,4,4,4,444,Champions,0,1077,205,8.443032786885245,0.0006204420535505702,0,Low Risk
17776,22,2,330.56,4,3,2,432,Loyal Customers,0,273,74,4.132,0.00021953472494592606,0,Low Risk
17778,297,1,197.70000000000002,1,2,1,121,Lost Customers,1,214,10,19.770000000000003,0.9999999999642342,1,High Risk
17780,303,3,346.56,1,4,2,142,At Risk,1,156,76,4.386835443037975,0.9999999999805178,1,High Risk
17782,18,2,679.02,4,3,3,433,Loyal Customers,0,538,29,23.41448275862069,0.0001512364281841406,0,Low Risk
17783,148,1,93.49,2,2,1,221,Lost Customers,1,84,24,3.8954166666666663,0.9984943295362817,1,High Risk
17784,186,1,112.86,1,2,1,121,Lost Customers,1,72,19,4.90695652173913,0.9999829584933038,1,High Risk
17785,81,2,271.44,2,3,2,232,At Risk,0,160,38,7.143157894736842,0.1989649572663823,0,Low Risk
17787,7,1,736.28,5,2,3,523,Potential Loyalists,0,356,30,23.750967741935483,4.051040983160347e-05,0,Low Risk
17789,297,1,171.25,1,2,1,121,Lost Customers,1,125,13,11.416666666666666,0.999999999964104,1,High Risk
17790,14,6,815.11,5,5,3,553,Loyal Customers,0,552,87,7.213362831858407,9.207339141840005e-05,0,Low Risk
17792,103,2,368.35,2,3,2,232,At Risk,1,149,45,7.0836538461538465,0.7648268302707721,1,High Risk
17794,322,2,147.3,1,3,1,131,At Risk,1,46,7,21.042857142857144,0.9999999999981883,1,High Risk
17796,5,4,661.04,5,4,3,543,Loyal Customers,0,199,119,4.6882269503546095,2.834396389661224e-05,0,Low Risk
17797,31,5,1191.44,4,4,4,444,Champions,0,588,131,7.4465,0.0005949128749695821,0,Low Risk
17798,217,1,178.07,1,2,1,121,Lost Customers,1,138,43,3.957111111111111,0.9999995283646461,1,High Risk
17799,25,10,3207.76,4,5,5,455,Champions,0,1921,308,6.415520000000001,0.0002116801426054276,0,Low Risk
17801,87,3,770.03,2,4,3,243,At Risk,0,820,66,9.506543209876543,0.3208554292217887,0,Low Risk
17802,8,8,3761.38,5,5,5,555,Champions,0,2028,246,9.498434343434344,3.132765123374613e-05,0,Low Risk
17803,28,1,184.66,4,2,1,421,Potential Loyalists,0,98,27,6.839259259259259,0.0004866338562802417,0,Low Risk
17804,12,3,383.78000000000003,5,4,2,542,Loyal Customers,0,194,82,4.217362637362638,6.854570547827961e-05,0,Low Risk
17805,246,1,414.72,1,2,2,122,Lost Customers,1,648,1,414.72,0.9999999855386335,1,High Risk
17807,31,3,437.87,4,4,2,442,Loyal Customers,0,262,88,4.9198876404494385,0.0006297406556576884,0,Low Risk
17808,184,4,262.64,1,4,2,142,At Risk,1,143,29,7.958787878787878,0.9999796570221375,1,High Risk
17809,7,11,5925.4800000000005,5,5,5,555,Champions,0,1296,29,116.18588235294119,5.256494668460139e-05,0,Low Risk
17810,304,2,373.16,1,3,2,132,At Risk,1,118,51,6.784727272727273,0.9999999999832432,1,High Risk
17811,10,8,1757.98,5,5,4,554,Champions,0,1132,253,5.425864197530864,4.013031985122172e-05,0,Low Risk
17812,4,4,405.48,5,4,2,542,Loyal Customers,0,242,79,4.770352941176471,2.7658130506693233e-05,0,Low Risk
17814,11,2,1609.37,5,3,4,534,Loyal Customers,0,1435,112,11.254335664335663,5.273831353562487e-05,0,Low Risk
17815,29,1,591.96,4,2,3,423,Potential Loyalists,0,612,13,45.535384615384615,0.0005550229878374463,0,Low Risk
17816,1,3,75.76,5,4,1,541,Loyal Customers,0,66,35,1.993684210526316,2.1112723410736778e-05,0,Low Risk
17817,14,3,400.46999999999997,5,4,2,542,Loyal Customers,0,286,87,3.965049504950495,8.539717604359695e-05,0,Low Risk
17818,373,1,124.78,1,2,1,121,Lost Customers,1,86,42,2.970952380952381,0.9999999999999949,1,High Risk
17819,7,6,2907.65,5,5,5,555,Champions,0,818,45,54.861320754716985,4.4441976996804995e-05,0,Low Risk
17820,10,1,180.60999999999999,5,2,1,521,Potential Loyalists,0,111,39,4.4051219512195114,5.6897957142231765e-05,0,Low Risk
17821,42,1,334.62,3,2,2,322,Lost Customers,0,162,6,55.77,0.0026424951659692474,0,Low Risk
17822,56,5,2162.93,3,4,5,345,Lost Customers,0,1375,152,12.798402366863904,0.010318560112487298,0,Low Risk
17823,57,2,449.25,3,3,2,332,Lost Customers,0,252,88,4.4925,0.012886398344223223,0,Low Risk
17825,234,4,701.96,1,4,3,143,At Risk,1,516,24,25.99851851851852,0.9999999431718275,1,High Risk
17826,10,1,133.34,5,2,1,521,Potential Loyalists,0,84,33,4.040606060606061,5.777224174507855e-05,0,Low Risk
17827,257,1,388.84,1,2,2,122,Lost Customers,1,342,65,5.891515151515151,0.9999999954713514,1,High Risk
17829,45,4,3867.5,3,4,5,345,Lost Customers,0,2513,121,27.429078014184398,0.002868421479380794,0,Low Risk
17833,359,1,338.46000000000004,1,2,2,122,Lost Customers,1,143,28,10.918064516129034,0.9999999999999747,1,High Risk
17834,50,2,689.6700000000001,3,3,3,333,Lost Customers,0,639,54,11.890862068965518,0.006087894162179019,0,Low Risk
17838,1,10,3786.7000000000003,5,5,5,555,Champions,0,2192,87,21.27359550561798,2.1128020581675526e-05,0,Low Risk
17840,79,1,175.9,2,2,1,221,Lost Customers,0,128,44,3.5180000000000002,0.15848984369610203,0,Low Risk
17841,1,91,29562.02,5,5,5,555,Champions,0,14332,1509,5.979372977346278,4.656009644513135e-06,0,Low Risk
17842,238,1,430.69,1,2,2,122,Lost Customers,1,89,18,23.927222222222223,0.99999996252065,1,High Risk
17843,47,1,114.92,3,2,1,321,Lost Customers,0,138,22,4.5968,0.004577205194075168,0,Low Risk
17845,191,4,596.09,1,4,3,143,At Risk,1,195,42,12.68276595744681,0.9999907791936188,1,High Risk
17847,151,2,129.69,2,3,1,231,At Risk,1,29,9,14.41,0.999009139763013,1,High Risk
17848,53,21,2657.91,3,5,5,355,Lost Customers,0,1006,76,23.314999999999998,0.013804671062022624,0,Low Risk
17849,116,4,457.96000000000004,2,4,2,242,At Risk,1,110,18,19.081666666666667,0.9443283202657855,1,High Risk
17850,8,155,51208.87,5,5,5,555,Champions,0,21052,100,20.491744697879152,0.0015234346326485613,0,Low Risk
17851,58,6,1552.35,3,5,4,354,Lost Customers,0,933,185,6.691163793103448,0.012575853098138055,0,Low Risk
17852,24,3,543.47,4,4,3,443,Loyal Customers,0,319,62,6.469880952380953,0.00029362908802038303,0,Low Risk
17853,43,3,1596.29,3,4,4,344,Lost Customers,0,625,84,15.202761904761905,0.0025751275055482994,0,Low Risk
17854,98,4,757.24,2,4,3,243,At Risk,1,523,98,7.351844660194175,0.6242083030401492,1,Medium Risk
17855,8,1,208.97,5,2,1,521,Potential Loyalists,0,197,17,12.292352941176471,4.7234642546396646e-05,0,Low Risk
17857,1,2,1803.2,5,3,4,534,Loyal Customers,0,2804,6,300.53333333333336,1.9765590574124304e-05,0,Low Risk
17858,5,19,7614.24,5,5,5,555,Champions,0,2764,102,39.4520207253886,4.15591243483723e-05,0,Low Risk
17860,4,4,717.39,5,4,3,543,Loyal Customers,0,696,127,4.428333333333334,2.42539490159161e-05,0,Low Risk
17861,21,10,2990.41,4,5,5,455,Champions,0,2556,211,8.82126843657817,0.00016254955428946592,0,Low Risk
17862,21,3,923.99,4,4,3,443,Loyal Customers,0,340,83,10.499886363636364,0.00019627593227163978,0,Low Risk
17863,5,7,2585.2,5,5,5,555,Champions,0,2314,84,20.196875,3.105389156838575e-05,0,Low Risk
17864,21,2,321.72,4,3,2,432,Loyal Customers,0,309,37,7.660000000000001,0.0002128873664643274,0,Low Risk
17865,11,26,15785.87,5,5,5,555,Champions,0,7193,288,24.665421875,5.6700748961898105e-05,0,Low Risk
17866,120,2,805.3000000000001,2,3,3,233,At Risk,1,361,15,47.37058823529412,0.9624255433604187,1,High Risk
17867,46,9,424.18,3,5,2,352,Lost Customers,0,130,58,6.841612903225807,0.004682081130028655,0,Low Risk
17868,22,1,227.15,4,2,1,421,Potential Loyalists,0,85,18,12.619444444444445,0.00024565057204467946,0,Low Risk
17869,4,3,599.78,5,4,3,543,Loyal Customers,0,447,53,10.710357142857143,2.8399226488599828e-05,0,Low Risk
17870,2,2,1213.8,5,3,4,534,Loyal Customers,0,476,2,404.59999999999997,2.4473298476886833e-05,0,Low Risk
17871,33,4,913.05,4,4,3,443,Loyal Customers,0,483,58,12.507534246575341,0.000873758723678307,0,Low Risk
17872,17,1,235.87,4,2,1,421,Potential Loyalists,0,176,15,15.724666666666668,0.00013692230540418457,0,Low Risk
17873,9,14,4621.32,5,5,5,555,Champions,0,3241,61,34.74676691729323,6.204709772479577e-05,0,Low Risk
17875,324,1,167.1,1,2,1,121,Lost Customers,1,98,25,6.426923076923076,0.9999999999984599,1,High Risk
17876,35,3,3424.02,4,4,5,445,Champions,0,1958,3,856.005,0.0011463867449370304,0,Low Risk
17878,31,2,999.48,4,3,4,434,Loyal Customers,0,613,56,17.847857142857144,0.0006528275573413289,0,Low Risk
17880,275,2,366.0,1,3,2,132,At Risk,1,152,19,19.263157894736842,0.9999999995286668,1,High Risk
17882,15,2,291.56,4,3,2,432,Loyal Customers,0,130,47,5.501132075471698,0.000103340298509075,0,Low Risk
17883,175,3,324.08,2,4,2,242,At Risk,1,102,30,10.454193548387096,0.99993964151578,1,High Risk
17884,4,18,2325.92,5,5,5,555,Champions,0,2167,274,6.533483146067416,2.402733171381337e-05,0,Low Risk
17886,73,3,703.27,2,4,3,243,At Risk,0,242,56,10.98859375,0.08700456337226935,0,Low Risk
17888,10,17,1091.44,5,5,4,554,Champions,0,563,88,11.488842105263158,7.82281913720729e-05,0,Low Risk
17889,10,5,545.05,5,4,3,543,Loyal Customers,0,326,80,5.677604166666666,5.73190839360506e-05,0,Low Risk
17894,2,11,1292.39,5,5,4,554,Champions,0,573,135,5.8479185520362,2.3049707860639403e-05,0,Low Risk
17897,3,8,1968.75,5,5,4,554,Champions,0,793,175,8.868243243243244,2.1512500404015394e-05,0,Low Risk
17898,88,2,147.12,2,3,1,231,At Risk,0,61,22,6.6872727272727275,0.37108233403616303,0,Low Risk
17901,157,2,149.7,2,3,1,231,At Risk,1,14,3,49.9,0.9995175083231582,1,High Risk
17902,182,1,216.39999999999998,1,2,1,121,Lost Customers,1,526,24,9.016666666666666,0.9999719068663996,1,High Risk
17903,30,1,381.09000000000003,4,2,2,422,Potential Loyalists,0,142,44,8.468666666666667,0.0005904644308019269,0,Low Risk
17905,9,10,1580.3799999999999,5,5,4,554,Champions,0,964,118,11.706518518518518,5.241145134424813e-05,0,Low Risk
17907,276,1,291.76,1,2,2,122,Lost Customers,1,1046,13,22.443076923076923,0.9999999995600521,1,High Risk
17908,9,5,1142.47,5,4,4,544,Champions,0,670,178,5.492644230769231,3.985745048149128e-05,0,Low Risk
17909,373,1,110.05,1,2,1,121,Lost Customers,1,35,8,13.75625,0.9999999999999953,1,High Risk
17910,362,1,261.7,1,2,2,122,Lost Customers,1,121,25,10.065384615384614,0.9999999999999825,1,High Risk
17912,11,1,64.49,5,2,1,521,Potential Loyalists,0,31,13,4.606428571428571,6.828956795976202e-05,0,Low Risk
17913,36,12,3020.64,3,5,5,355,Lost Customers,0,1437,200,7.403529411764706,0.0010757209968029508,0,Low Risk
17915,187,1,225.78,1,2,1,121,Lost Customers,1,184,27,7.785517241379311,0.9999844945111849,1,High Risk
17916,264,2,43.87,1,3,1,131,At Risk,1,90,15,2.3089473684210526,0.9999999983002228,1,High Risk
17918,136,3,396.39,2,4,2,242,At Risk,1,352,34,9.909749999999999,0.9939887674641056,1,High Risk
17919,74,1,536.28,2,2,3,223,Lost Customers,0,696,17,31.545882352941174,0.09843322793787487,0,Low Risk
17920,4,39,20137.24,5,5,5,555,Champions,0,10071,457,19.05131504257332,2.170859089313014e-05,0,Low Risk
17921,15,6,1574.13,4,5,4,454,Champions,0,566,148,7.220779816513762,8.967119655296337e-05,0,Low Risk
17922,179,1,170.4,1,2,1,121,Lost Customers,1,49,8,21.3,0.9999622072093026,1,High Risk
17923,163,2,289.5,2,3,2,232,At Risk,1,90,2,144.75,0.9997612565507462,1,High Risk
17924,9,2,574.2,5,3,3,533,Loyal Customers,0,108,3,143.55,5.6613609355949944e-05,0,Low Risk
17925,8,1,244.08,5,2,1,521,Potential Loyalists,0,72,1,244.08,4.9092264093719614e-05,0,Low Risk
17926,80,3,638.2,2,4,3,243,At Risk,0,266,16,27.747826086956525,0.19260349273391753,0,Low Risk
17927,357,1,294.0,1,2,2,122,Lost Customers,1,108,10,29.4,0.9999999999999694,1,High Risk
17928,207,1,128.7,1,2,1,121,Lost Customers,1,82,4,32.175,0.9999986086943893,1,High Risk
17929,23,8,2239.1,4,5,5,455,Champions,0,326,5,223.91,0.00034440444695074267,0,Low Risk
17930,29,8,2534.74,4,5,5,455,Champions,0,2201,22,52.80708333333333,0.0006253860029658052,0,Low Risk
17931,33,12,2993.88,4,5,5,455,Champions,0,1670,222,10.468111888111888,0.0007108587728402608,0,Low Risk
17933,268,1,114.69,1,2,1,121,Lost Customers,1,63,12,8.192142857142857,0.9999999989169428,1,High Risk
17934,42,1,344.90000000000003,3,2,2,322,Lost Customers,0,150,20,17.245,0.002559017260268299,0,Low Risk
17935,36,5,540.35,3,4,3,343,Lost Customers,0,162,33,15.438571428571429,0.0013725350471652576,0,Low Risk
17938,56,1,144.29,3,2,1,321,Lost Customers,0,53,29,4.97551724137931,0.01291134328753619,0,Low Risk
17940,81,6,26286.75,2,5,5,255,At Risk,0,75825,9,1546.2794117647059,0.01632778923680171,0,Low Risk
17941,226,3,1128.72,1,4,4,144,At Risk,1,856,3,225.744,0.9999998552415602,1,High Risk
17944,59,1,74.99,3,2,1,321,Lost Customers,0,84,24,2.9995999999999996,0.018466734984895462,0,Low Risk
17945,332,3,360.35,1,4,2,142,At Risk,1,244,66,5.004861111111111,0.9999999999993703,1,High Risk
17949,7,74,60117.6,5,5,5,555,Champions,0,30112,34,691.0068965517241,0.00011566770652563222,0,Low Risk
17950,1,6,947.26,5,5,3,553,Loyal Customers,0,479,110,7.1222556390977445,1.894585602493594e-05,0,Low Risk
17951,9,2,627.5400000000001,5,3,3,533,Loyal Customers,0,282,11,48.2723076923077,5.52814706817862e-05,0,Low Risk
17952,14,4,788.46,5,4,3,543,Loyal Customers,0,477,85,8.045510204081634,8.76954484713147e-05,0,Low Risk
17953,176,1,159.17000000000002,1,2,1,121,Lost Customers,1,98,20,7.958500000000001,0.9999445569933372,1,High Risk
17954,3,9,1618.93,5,5,4,554,Champions,0,1021,238,5.761316725978648,1.8850544204997988e-05,0,Low Risk
17955,291,2,392.6,1,3,2,132,At Risk,1,408,2,130.86666666666667,0.9999999999302625,1,High Risk
17958,364,1,465.42,1,2,2,122,Lost Customers,1,200,29,16.04896551724138,0.9999999999999858,1,High Risk
17959,228,1,140.75,1,2,1,121,Lost Customers,1,49,2,70.375,0.9999998829984799,1,High Risk
17960,158,2,61.300000000000004,2,3,1,231,At Risk,1,19,11,5.572727272727273,0.9995629510449932,1,High Risk
17961,8,62,1697.85,5,5,4,554,Champions,0,976,342,4.141097560975609,0.00011797472806119788,0,Low Risk
17962,185,3,564.55,1,4,3,143,At Risk,1,506,126,3.788926174496644,0.9999762387141287,1,High Risk
17963,107,4,643.16,2,4,3,243,At Risk,1,341,98,5.900550458715596,0.8282079253728432,1,High Risk
17964,8,1,261.76,5,2,2,522,Potential Loyalists,0,195,35,7.478857142857143,4.526157005362732e-05,0,Low Risk
17965,1,17,4558.01,5,5,5,555,Champions,0,2908,396,8.850504854368932,1.1993103068496773e-05,0,Low Risk
17966,227,5,865.49,1,4,3,143,At Risk,1,1347,33,19.23311111111111,0.9999998672510323,1,High Risk
17967,7,2,223.42,5,3,1,531,Loyal Customers,0,111,59,3.6626229508196717,3.92076615540952e-05,0,Low Risk
17968,9,4,590.4399999999999,5,4,3,543,Loyal Customers,0,352,106,4.6128124999999995,4.652023717480637e-05,0,Low Risk
17969,138,18,2126.09,2,5,4,254,At Risk,1,862,103,11.189947368421054,0.9962641938649734,1,High Risk
17971,184,1,161.94,1,2,1,121,Lost Customers,1,62,21,7.711428571428572,0.9999783450055625,1,High Risk
17974,17,3,1035.1,4,4,4,444,Champions,0,689,161,5.281122448979591,0.00010044800582672209,0,Low Risk
17975,2,12,2527.17,5,5,5,555,Champions,0,700,84,13.962265193370166,2.67374432220674e-05,0,Low Risk
17976,8,1,321.79,5,2,2,522,Potential Loyalists,0,93,56,5.645438596491228,4.322673571786093e-05,0,Low Risk
17977,36,1,1223.31,3,2,4,324,Lost Customers,0,1606,83,14.73867469879518,0.0010314557982378006,0,Low Risk
17978,1,4,1159.99,5,4,4,544,Champions,0,1297,62,17.313283582089554,1.946545932554759e-05,0,Low Risk
17980,29,1,201.27,4,2,1,421,Potential Loyalists,0,89,27,6.492580645161291,0.0005475729785676192,0,Low Risk
17981,46,1,239.12,3,2,1,321,Lost Customers,0,260,17,14.065882352941177,0.00410131797139348,0,Low Risk
17982,316,1,138.18,1,2,1,121,Lost Customers,1,117,13,10.62923076923077,0.9999999999961611,1,High Risk
17983,31,1,171.71,4,2,1,421,Potential Loyalists,0,108,23,7.154583333333334,0.0006987890185944023,0,Low Risk
17984,28,4,999.51,4,4,4,444,Champions,0,841,165,5.152113402061856,0.0003709409300487423,0,Low Risk
17987,12,4,766.87,5,4,3,543,Loyal Customers,0,720,132,5.078609271523179,6.137068793093089e-05,0,Low Risk
17988,123,7,288.42,2,5,2,252,At Risk,1,143,81,3.3931764705882355,0.9730650994260052,1,High Risk
17989,15,1,207.32999999999998,4,2,1,421,Potential Loyalists,0,300,26,7.149310344827586,0.00010491725099846458,0,Low Risk
17990,16,3,896.77,4,4,3,443,Loyal Customers,0,363,23,32.027499999999996,0.00012562531031295852,0,Low Risk
17991,227,1,206.95,1,2,1,121,Lost Customers,1,68,33,6.271212121212121,0.9999998583790458,1,High Risk
17992,25,1,252.88,4,2,2,422,Potential Loyalists,0,130,49,4.863076923076923,0.0003241460957312055,0,Low Risk
17993,253,1,225.99,1,2,1,121,Lost Customers,1,108,60,3.7665,0.9999999928977965,1,High Risk
17994,24,7,1595.1399999999999,4,5,4,454,Champions,0,1686,185,7.027048458149779,0.0002330456030701079,0,Low Risk
17995,18,2,419.38,4,3,2,432,Loyal Customers,0,130,26,15.532592592592593,0.00015465982640838237,0,Low Risk
17996,15,3,482.33,4,4,2,442,Loyal Customers,0,587,63,7.1989552238805965,0.00010056198574089063,0,Low Risk
17998,16,3,639.24,4,4,3,443,Loyal Customers,0,561,57,11.021379310344829,0.00011490579470759395,0,Low Risk
17999,2,2,338.41,5,3,2,532,Loyal Customers,0,161,77,4.177901234567901,2.0823203146496685e-05,0,Low Risk
18000,200,1,124.25,1,2,1,121,Lost Customers,1,109,6,20.708333333333332,0.9999968121635456,1,High Risk
18001,85,4,509.01,2,4,3,243,At Risk,0,512,69,6.7867999999999995,0.2783027471647638,0,Low Risk
18002,11,4,244.37,5,4,1,541,Loyal Customers,0,71,52,4.610754716981132,6.76286894980138e-05,0,Low Risk
18003,12,1,353.51,5,2,2,522,Potential Loyalists,0,297,23,15.37,7.427791437351817e-05,0,Low Risk
18006,17,3,524.83,4,4,3,443,Loyal Customers,0,175,36,12.800731707317075,0.00013789382763045724,0,Low Risk
18007,28,1,215.22,4,2,1,421,Potential Loyalists,0,246,46,4.3044,0.0004624584781704109,0,Low Risk
18008,51,14,17642.89,3,5,5,355,Lost Customers,0,6244,54,263.32671641791046,0.008053308689974913,0,Low Risk
18009,178,7,1896.84,1,5,4,154,At Risk,1,526,122,12.816486486486486,0.9999522249855664,1,High Risk
18011,9,2,410.79,5,3,2,532,Loyal Customers,0,125,63,6.520476190476191,4.913281816111506e-05,0,Low Risk
18012,359,1,115.3,1,2,1,121,Lost Customers,1,63,13,8.86923076923077,0.9999999999999756,1,High Risk
18016,46,2,476.90000000000003,3,3,2,332,Lost Customers,0,180,44,10.146808510638298,0.003970762648356174,0,Low Risk
18017,67,1,165.0,3,2,1,321,Lost Customers,0,100,1,165.0,0.048308186711032826,0,Low Risk
18018,35,2,175.85,4,3,1,431,Loyal Customers,0,131,14,11.723333333333333,0.0011739429804542734,0,Low Risk
18020,179,1,190.48000000000002,1,2,1,121,Lost Customers,1,67,12,15.873333333333335,0.9999618240769653,1,High Risk
18021,145,2,216.41,2,3,1,231,At Risk,1,168,32,6.7628125,0.997871423920432,1,High Risk
18022,21,4,894.53,4,4,3,443,Loyal Customers,0,608,203,3.4273180076628353,0.00015001963851939352,0,Low Risk
18025,15,6,1177.72,4,5,4,454,Champions,0,1053,83,10.515357142857143,0.0001026506710831872,0,Low Risk
18026,136,2,2074.07,2,3,4,234,At Risk,1,530,12,122.00411764705883,0.9941074907124542,1,High Risk
18028,219,1,192.05,1,2,1,121,Lost Customers,1,133,4,48.0125,0.9999996601835486,1,High Risk
18029,278,1,433.77,1,2,2,122,Lost Customers,1,253,18,24.098333333333333,0.9999999996588844,1,High Risk
18031,14,1,451.3,5,2,2,522,Potential Loyalists,0,298,49,7.163492063492064,8.835674637606397e-05,0,Low Risk
18034,11,1,335.52,5,2,2,522,Potential Loyalists,0,392,97,3.226153846153846,5.5143794722113805e-05,0,Low Risk
18035,21,2,546.34,4,3,3,433,Loyal Customers,0,550,8,68.2925,0.00022590719854735116,0,Low Risk
18036,21,8,1142.37,4,5,4,454,Champions,0,509,171,4.924008620689655,0.0001820539264410435,0,Low Risk
18037,57,9,97.39999999999999,3,5,1,351,Lost Customers,0,17,13,6.957142857142856,0.018810869832230737,0,Low Risk
18038,192,1,141.48,1,2,1,121,Lost Customers,1,80,25,5.239999999999999,0.9999914632871684,1,High Risk
18039,10,4,548.22,5,4,3,543,Loyal Customers,0,555,137,3.469746835443038,4.820772045468111e-05,0,Low Risk
18041,1,20,4536.29,5,5,5,555,Champions,0,4026,315,9.550084210526316,1.5163357238639715e-05,0,Low Risk
18042,177,1,116.1,1,2,1,121,Lost Customers,1,36,9,12.899999999999999,0.9999520928106066,1,High Risk
18043,2,1,287.91,5,2,2,522,Potential Loyalists,0,157,59,4.643709677419356,2.1134535903465845e-05,0,Low Risk
18044,23,8,1417.01,4,5,4,454,Champions,0,565,60,19.41109589041096,0.0002997441485056143,0,Low Risk
18046,285,1,189.63,1,2,1,121,Lost Customers,1,44,26,7.293461538461538,0.9999999998485727,1,High Risk
18047,17,2,326.09,4,3,2,432,Loyal Customers,0,130,74,3.9287951807228914,0.00012260031346988045,0,Low Risk
18048,129,1,222.64,2,2,1,221,Lost Customers,1,129,51,4.281538461538461,0.9851667809415718,1,High Risk
18049,73,2,500.92,2,3,3,233,At Risk,0,402,82,5.757701149425287,0.0796068175764237,0,Low Risk
18050,29,1,337.66,4,2,2,422,Potential Loyalists,0,210,18,18.75888888888889,0.0005569316604966116,0,Low Risk
18051,270,7,2282.28,1,5,5,155,At Risk,1,1661,41,41.496,0.999999999180267,1,High Risk
18052,200,1,10877.18,1,2,5,125,Lost Customers,1,17766,16,679.82375,0.9999936425463782,1,High Risk
18053,161,2,271.05,2,3,2,232,At Risk,1,107,12,22.587500000000002,0.9996911721687083,1,High Risk
18054,28,1,176.5,4,2,1,421,Potential Loyalists,0,96,11,16.045454545454547,0.0005055174616461464,0,Low Risk
18055,3,6,4381.78,5,5,5,555,Champions,0,1376,166,19.737747747747747,2.0448422667099408e-05,0,Low Risk
18056,254,1,190.95,1,2,1,121,Lost Customers,1,123,11,17.35909090909091,0.9999999943780837,1,High Risk
18057,29,3,1188.46,4,4,4,444,Champions,0,970,121,8.869104477611941,0.00044854877584425207,0,Low Risk
18058,177,2,603.9,1,3,3,133,At Risk,1,306,11,46.45384615384615,0.9999527420925726,1,High Risk
18060,44,2,1185.46,3,3,4,334,Lost Customers,0,902,74,15.806133333333333,0.0028493222558972184,0,Low Risk
18061,2,19,4369.56,5,5,5,555,Champions,0,2652,23,53.28731707317073,3.5082560703029105e-05,0,Low Risk
18062,22,3,912.15,4,4,3,443,Loyal Customers,0,435,25,33.78333333333333,0.00025251490352659774,0,Low Risk
18063,26,2,186.60000000000002,4,3,1,431,Loyal Customers,0,48,2,62.20000000000001,0.0004203183084373383,0,Low Risk
18064,82,9,3667.83,2,5,5,255,At Risk,0,2301,47,64.34789473684211,0.23614546056853913,0,Low Risk
18065,24,15,3473.8,4,5,5,455,Champions,0,1238,127,20.07976878612717,0.00034287378683313884,0,Low Risk
18066,22,2,1122.4,4,3,4,434,Loyal Customers,0,427,35,26.102325581395352,0.00023996747426827786,0,Low Risk
18069,19,6,2455.68,4,5,5,455,Champions,0,1872,385,4.786900584795322,7.768033284863185e-05,0,Low Risk
18070,305,1,314.1,1,2,2,122,Lost Customers,1,86,9,34.900000000000006,0.9999999999861473,1,High Risk
18071,1,5,975.63,5,4,3,543,Loyal Customers,0,587,45,15.993934426229508,2.142175328294038e-05,0,Low Risk
18074,9,2,1019.44,5,3,4,534,Loyal Customers,0,361,37,23.707906976744187,5.187730731904191e-05,0,Low Risk
18075,10,10,3171.54,5,5,5,555,Champions,0,1817,116,17.52232044198895,5.756517564857858e-05,0,Low Risk
18076,16,1,151.49,4,2,1,421,Potential Loyalists,0,164,8,18.93625,0.00012379979332419677,0,Low Risk
18077,2,8,1699.25,5,5,4,554,Champions,0,1352,75,11.404362416107382,2.374503406632394e-05,0,Low Risk
18078,61,2,389.40000000000003,3,3,2,332,Lost Customers,0,225,43,8.850000000000001,0.02275905355843278,0,Low Risk
18079,127,1,590.78,2,2,3,223,Lost Customers,1,1383,13,45.44461538461538,0.9820681039572979,1,High Risk
18083,33,1,463.53,4,2,2,422,Potential Loyalists,0,268,36,11.588249999999999,0.000852329838552842,0,Low Risk
18084,19,2,704.75,4,3,3,433,Loyal Customers,0,443,6,117.45833333333333,0.00018005971234467814,0,Low Risk
18085,9,3,955.8000000000001,5,4,3,543,Loyal Customers,0,320,33,22.75714285714286,5.3947676832929794e-05,0,Low Risk
18087,15,15,10705.8,4,5,5,455,Champions,0,3868,42,124.4860465116279,0.00013408921790629874,0,Low Risk
18089,82,1,428.45,2,2,2,222,Lost Customers,0,95,9,42.845,0.22587343976839633,0,Low Risk
18090,57,1,321.9,3,2,2,322,Lost Customers,0,307,47,5.96111111111111,0.013770516579940259,0,Low Risk
18091,229,1,360.85,1,2,2,122,Lost Customers,1,539,25,14.434000000000001,0.9999998881978075,1,High Risk
18092,1,8,7111.18,5,5,5,555,Champions,0,4578,25,116.57672131147541,2.1275291413868248e-05,0,Low Risk
18093,80,4,2346.19,2,4,5,245,At Risk,0,2037,20,93.8476,0.1854841522048332,0,Low Risk
18094,82,6,3374.2200000000003,2,5,5,255,At Risk,0,1646,36,60.253928571428574,0.23014327072336993,0,Low Risk
18095,63,3,1723.04,3,4,4,344,Lost Customers,0,1204,22,63.816296296296294,0.029846684343124517,0,Low Risk
18096,78,3,808.81,2,4,3,243,At Risk,0,621,154,4.147743589743589,0.11806438479758563,0,Low Risk
18097,21,5,1965.52,4,4,4,444,Champions,0,1054,30,39.3104,0.00022978278210961328,0,Low Risk
18098,32,1,527.94,4,2,3,423,Potential Loyalists,0,215,85,6.138837209302326,0.0006757429025846791,0,Low Risk
18100,186,1,451.56,1,2,2,122,Lost Customers,1,440,30,15.052,0.9999822671902344,1,High Risk
18101,10,3,399.61,5,4,2,542,Loyal Customers,0,160,62,5.791449275362319,5.6902069663665026e-05,0,Low Risk
18102,1,89,349164.35,5,5,5,555,Champions,0,124216,281,556.8809409888357,2.8835222049146195e-06,0,Low Risk
18103,185,1,105.8,1,2,1,121,Lost Customers,1,23,10,10.58,0.9999812718294485,1,High Risk
18106,112,5,1019.16,2,4,4,244,At Risk,1,380,112,6.617922077922078,0.8961770708581289,1,High Risk
18107,78,1,165.88,2,2,1,221,Lost Customers,0,65,38,4.365263157894737,0.1454897903316559,0,Low Risk
18108,232,2,577.8100000000001,1,3,3,133,At Risk,1,177,29,19.260333333333335,0.9999999240057924,1,High Risk
18109,5,13,1828.24,5,5,4,554,Champions,0,647,125,8.053920704845815,3.5494611597401456e-05,0,Low Risk
18110,47,1,193.48000000000002,3,2,1,321,Lost Customers,0,97,29,5.5280000000000005,0.004509699008032469,0,Low Risk
18111,225,1,405.85,1,2,2,122,Lost Customers,1,232,27,15.031481481481482,0.999999822305556,1,High Risk
18112,54,2,420.67,3,3,2,332,Lost Customers,0,188,34,11.685277777777777,0.01035067436073707,0,Low Risk
18113,4,1,76.32000000000001,5,2,1,521,Potential Loyalists,0,72,1,76.32000000000001,3.0753136463151714e-05,0,Low Risk
18115,333,1,9.700000000000001,1,2,1,121,Lost Customers,1,3,3,3.233333333333334,0.9999999999994948,1,High Risk
18116,12,5,731.38,5,4,3,543,Loyal Customers,0,430,142,3.789533678756477,6.23248296972617e-05,0,Low Risk
18118,5,4,1068.05,5,4,4,544,Champions,0,530,184,3.760739436619718,2.3987116050400517e-05,0,Low Risk
18119,3,1,180.7,5,2,1,521,Potential Loyalists,0,124,29,6.23103448275862,2.5562963010617122e-05,0,Low Risk
18123,149,1,92.2,2,2,1,221,Lost Customers,1,34,22,4.190909090909091,0.9986701477100743,1,High Risk
18124,108,1,102.65,2,2,1,221,Lost Customers,1,47,20,5.1325,0.8584320459044241,1,High Risk
18127,39,1,209.05,3,2,1,321,Lost Customers,0,63,21,9.954761904761906,0.001800737492150951,0,Low Risk
18128,173,1,399.29,2,2,2,222,Lost Customers,1,216,42,9.506904761904762,0.999916510678804,1,High Risk
18131,267,1,222.95999999999998,1,2,1,121,Lost Customers,1,552,4,55.739999999999995,0.9999999987811634,1,High Risk
18132,140,1,220.13,2,2,1,221,Lost Customers,1,212,60,3.5504838709677418,0.9957867385588055,1,High Risk
18134,234,2,445.0,1,3,2,132,At Risk,1,128,27,15.892857142857142,0.9999999403191979,1,High Risk
18135,28,5,567.71,4,4,3,443,Loyal Customers,0,404,16,33.394705882352945,0.0005528321347119617,0,Low Risk
18136,45,2,847.03,3,3,3,333,Lost Customers,0,481,47,16.9406,0.003469167941859194,0,Low Risk
18137,187,2,145.99,1,3,1,131,At Risk,1,59,26,5.034137931034483,0.999985031000493,1,High Risk
18140,109,1,536.41,2,2,3,223,Lost Customers,1,395,49,9.933518518518518,0.862754792185349,1,High Risk
18141,37,2,882.47,3,3,3,333,Lost Customers,0,433,38,21.011190476190478,0.0013885270752674052,0,Low Risk
18144,9,8,2169.25,5,5,5,555,Champions,0,896,36,49.30113636363637,6.047568047652484e-05,0,Low Risk
18145,18,7,2748.19,4,5,5,455,Champions,0,2479,130,15.183370165745856,0.00012764691541776877,0,Low Risk
18148,282,1,112.85000000000001,1,2,1,121,Lost Customers,1,63,9,11.285,0.9999999997928468,1,High Risk
18149,40,4,941.88,3,4,3,343,Lost Customers,0,559,52,12.5584,0.0020114798126270087,0,Low Risk
18151,56,4,1226.09,3,4,4,344,Lost Customers,0,631,65,18.030735294117648,0.012645339126361236,0,Low Risk
18152,282,1,426.69,1,2,2,122,Lost Customers,1,75,10,42.669,0.9999999997923119,1,High Risk
18153,295,1,246.22,1,2,1,121,Lost Customers,1,200,17,14.483529411764707,0.9999999999540197,1,High Risk
18154,24,3,533.41,4,4,3,443,Loyal Customers,0,371,22,20.51576923076923,0.0003223091019861489,0,Low Risk
18156,5,1,186.88,5,2,1,521,Potential Loyalists,0,68,50,3.7376,3.083033268825047e-05,0,Low Risk
18157,207,1,213.9,1,2,1,121,Lost Customers,1,145,25,8.556000000000001,0.9999985345926867,1,High Risk
18160,22,1,365.82,4,2,2,422,Potential Loyalists,0,225,26,14.07,0.000239786877997713,0,Low Risk
18161,15,1,184.41,4,2,1,421,Potential Loyalists,0,153,13,14.185384615384615,0.0001088216157096181,0,Low Risk
18162,368,1,371.51,1,2,2,122,Lost Customers,1,332,45,8.076304347826087,0.9999999999999909,1,High Risk
18163,220,1,728.84,1,2,3,123,Lost Customers,1,452,33,22.086060606060606,0.9999996728735534,1,High Risk
18166,259,1,175.5,1,2,1,121,Lost Customers,1,90,10,17.55,0.9999999968893105,1,High Risk
18168,8,11,2538.7599999999998,5,5,5,555,Champions,0,1536,167,9.764461538461537,4.18135995507547e-05,0,Low Risk
18170,10,6,1897.69,5,5,4,554,Champions,0,775,49,21.564659090909092,6.26134545532331e-05,0,Low Risk
18171,106,4,1206.0,2,4,4,244,At Risk,1,510,34,31.736842105263158,0.8324030323897769,1,High Risk
18172,23,32,9905.56,4,5,5,455,Champions,0,4223,125,34.634825174825174,0.0004482961330212025,0,Low Risk
18173,248,1,589.52,1,2,3,123,Lost Customers,1,510,14,42.10857142857143,0.99999998836481,1,High Risk
18174,239,1,58.5,1,2,1,121,Lost Customers,1,30,1,58.5,0.9999999680234642,1,High Risk
18175,311,1,176.1,1,2,1,121,Lost Customers,1,70,7,25.157142857142855,0.9999999999931966,1,High Risk
18177,196,3,875.45,1,4,3,143,At Risk,1,529,23,33.67115384615385,0.9999949033303733,1,High Risk
18178,38,7,4512.93,3,5,5,355,Lost Customers,0,2867,164,17.837667984189725,0.0012238369672336175,0,Low Risk
18179,158,2,754.38,2,3,3,233,At Risk,1,451,19,39.70421052631579,0.9995475975486922,1,High Risk
18181,36,4,821.49,3,4,3,343,Lost Customers,0,377,119,5.996277372262774,0.0010790050457458508,0,Low Risk
18182,99,1,291.13,2,2,2,222,Lost Customers,1,167,10,29.113,0.6819725945817635,1,Medium Risk
18186,358,1,329.58,1,2,2,122,Lost Customers,1,338,11,29.96181818181818,0.9999999999999725,1,High Risk
18187,267,1,724.89,1,2,3,123,Lost Customers,1,310,48,15.101875,0.9999999986617225,1,High Risk
18188,66,3,1279.55,3,4,4,344,Lost Customers,0,720,55,20.63790322580645,0.039584094077979096,0,Low Risk
18189,261,1,313.49,1,2,2,122,Lost Customers,1,270,18,17.41611111111111,0.99999999747751,1,High Risk
18190,239,3,461.16,1,4,2,142,At Risk,1,350,23,17.080000000000002,0.9999999678095565,1,High Risk
18191,113,1,321.59999999999997,2,2,2,222,Lost Customers,1,192,8,40.199999999999996,0.9178519794825953,1,High Risk
18193,16,2,963.59,4,3,3,433,Loyal Customers,0,802,50,17.84425925925926,0.00011263287298896683,0,Low Risk
18194,74,5,3188.2000000000003,2,4,5,245,At Risk,0,1142,16,151.81904761904764,0.10795166059123601,0,Low Risk
18195,23,1,101.16,4,2,1,421,Potential Loyalists,0,60,5,20.232,0.0002851520255812967,0,Low Risk
18196,107,2,770.56,2,3,3,233,At Risk,1,607,112,5.5837681159420285,0.8135574323120898,1,High Risk
18197,211,1,230.1,1,2,1,121,Lost Customers,1,166,9,25.566666666666666,0.9999991179856461,1,High Risk
18199,319,1,344.75,1,2,2,122,Lost Customers,1,99,20,17.2375,0.9999999999972604,1,High Risk
18201,358,1,447.53000000000003,1,2,2,122,Lost Customers,1,191,27,16.575185185185187,0.9999999999999716,1,High Risk
18203,17,3,332.1,4,4,2,442,Loyal Customers,0,68,30,8.3025,0.00014040026390159285,0,Low Risk
18206,189,1,314.65999999999997,1,2,2,122,Lost Customers,1,246,19,16.561052631578946,0.9999879492467457,1,High Risk
18207,135,1,544.47,2,2,3,223,Lost Customers,1,325,31,17.563548387096777,0.9929147282788605,1,High Risk
18208,201,1,360.08,1,2,2,122,Lost Customers,1,82,17,21.181176470588234,0.9999970954866085,1,High Risk
18210,18,1,147.45,4,2,1,421,Potential Loyalists,0,101,10,14.745,0.00015628037533354732,0,Low Risk
18212,313,1,298.3,1,2,2,122,Lost Customers,1,66,12,24.858333333333334,0.999999999994561,1,High Risk
18214,166,4,1780.34,2,4,4,244,At Risk,1,989,38,30.69551724137931,0.9998222243866197,1,High Risk
18215,73,4,1933.15,2,4,4,244,At Risk,0,1013,49,25.436184210526317,0.08846356446074177,0,Low Risk
18217,149,2,323.29,2,3,2,232,At Risk,1,249,7,35.92111111111112,0.9987420878179558,1,High Risk
18218,232,2,479.91999999999996,1,3,2,132,At Risk,1,492,16,26.66222222222222,0.999999925392983,1,High Risk
18219,4,8,1493.1200000000001,5,5,4,554,Champions,0,768,54,16.776629213483147,3.228939971234466e-05,0,Low Risk
18220,30,5,1616.48,4,4,4,444,Champions,0,1064,17,70.28173913043479,0.0006816486275440425,0,Low Risk
18221,26,1,383.33,4,2,2,422,Potential Loyalists,0,209,20,19.1665,0.0003895796706639995,0,Low Risk
18223,23,12,7516.31,4,5,5,455,Champions,0,3696,129,24.724703947368422,0.0002564108732404832,0,Low Risk
18225,1,15,7539.84,5,5,5,555,Champions,0,4056,179,24.720786885245904,1.8357842538818055e-05,0,Low Risk
18226,14,15,6650.83,5,5,5,555,Champions,0,4417,204,23.25465034965035,7.850266585013565e-05,0,Low Risk
18227,120,1,295.0,2,2,2,222,Lost Customers,1,1,1,295.0,0.9628884790955072,1,High Risk
18229,2,10,3526.81,5,5,5,555,Champions,0,695,24,75.03851063829786,2.922150067085348e-05,0,Low Risk
18230,14,2,1480.8600000000001,5,3,4,534,Loyal Customers,0,680,42,27.423333333333336,9.128557776226657e-05,0,Low Risk
18231,42,23,4782.400000000001,3,5,5,355,Lost Customers,0,2096,149,18.393846153846155,0.003278674711111432,0,Low Risk
18234,187,1,179.6,1,2,1,121,Lost Customers,1,80,30,5.986666666666666,0.9999844443032989,1,High Risk
18236,24,6,913.11,4,5,3,453,Loyal Customers,0,293,43,18.634897959183675,0.00033493830400992266,0,Low Risk
18238,151,1,270.92,2,2,2,222,Lost Customers,1,114,14,19.351428571428574,0.9989655596398828,1,High Risk
18239,8,2,588.75,5,3,3,533,Loyal Customers,0,257,35,15.912162162162161,4.647788636661958e-05,0,Low Risk
18241,51,4,913.9,3,4,3,343,Lost Customers,0,420,42,16.616363636363637,0.007512093831566553,0,Low Risk
18242,81,4,1372.72,2,4,4,244,At Risk,0,1004,46,22.140645161290323,0.2001390059045731,0,Low Risk
18243,50,1,515.78,3,2,3,323,Lost Customers,0,221,26,19.837692307692308,0.006425202909355286,0,Low Risk
18244,66,2,568.64,3,3,3,333,Lost Customers,0,856,19,29.928421052631577,0.04154337934133738,0,Low Risk
18245,15,13,3757.92,4,5,5,455,Champions,0,3310,220,13.27886925795053,8.318534816251345e-05,0,Low Risk
18246,245,1,162.72,1,2,1,121,Lost Customers,1,48,1,162.72,0.9999999841746532,1,High Risk
18247,50,3,839.73,3,4,3,343,Lost Customers,0,335,28,22.695405405405406,0.006738903134134748,0,Low Risk
18251,81,8,21964.14,2,5,5,255,At Risk,0,31815,77,238.74065217391305,0.0768435566726957,0,Low Risk
18252,184,5,1015.42,1,4,4,144,At Risk,1,698,35,25.3855,0.9999795371735866,1,High Risk
18253,278,1,317.88,1,2,2,122,Lost Customers,1,128,7,45.41142857142857,0.9999999996690865,1,High Risk
18254,217,1,267.9,1,2,2,122,Lost Customers,1,188,16,16.74375,0.9999995569653344,1,High Risk
18255,92,1,199.85,2,2,1,221,Lost Customers,1,127,13,15.373076923076923,0.48344468497216914,0,Medium Risk
18256,23,1,110.7,4,2,1,421,Potential Loyalists,0,180,10,11.07,0.00028051963012719523,0,Low Risk
18257,82,4,2262.52,2,4,5,245,At Risk,0,1328,134,14.319746835443038,0.18424644616193386,0,Low Risk
18258,100,6,2059.67,2,5,4,254,At Risk,1,1981,30,41.193400000000004,0.7125968083009654,1,High Risk
18259,2,5,1979.6000000000001,5,4,4,544,Champions,0,676,36,39.592000000000006,2.4593756409325414e-05,0,Low Risk
18260,10,17,7318.91,5,5,5,555,Champions,0,3769,169,26.42205776173285,5.794211707546009e-05,0,Low Risk
18262,29,2,428.06,4,3,2,432,Loyal Customers,0,370,27,14.760689655172413,0.000557375195050679,0,Low Risk
18264,134,1,603.25,2,2,3,223,Lost Customers,1,241,36,16.756944444444443,0.9919697721311963,1,High Risk
18266,70,1,251.1,3,2,2,322,Lost Customers,0,138,14,17.935714285714287,0.06555371725027506,0,Low Risk
18267,308,1,269.37,1,2,2,122,Lost Customers,1,135,17,15.84529411764706,0.9999999999900626,1,High Risk
18268,227,5,1464.73,1,4,4,144,At Risk,1,709,36,22.192878787878787,0.9999998697757665,1,High Risk
18269,2,1,168.6,5,2,1,521,Potential Loyalists,0,76,7,24.085714285714285,2.3987313413479915e-05,0,Low Risk
18270,68,1,161.4,3,2,1,321,Lost Customers,0,108,6,26.900000000000002,0.053528322169591525,0,Low Risk
18271,245,2,680.85,1,3,3,133,At Risk,1,319,19,32.42142857142857,0.9999999838342393,1,High Risk
18272,184,3,1307.4,1,4,4,144,At Risk,1,830,50,21.790000000000003,0.9999774675428593,1,High Risk
18273,226,1,153.0,1,2,1,121,Lost Customers,1,60,1,153.0,0.9999998520155365,1,High Risk
18275,214,2,741.85,1,3,3,133,At Risk,1,417,19,39.044736842105266,0.9999993776241584,1,High Risk
18276,28,5,1320.66,4,4,4,444,Champions,0,1060,69,16.50825,0.0004760888525887181,0,Low Risk
18277,33,4,1069.67,4,4,4,444,Champions,0,381,48,19.10125,0.0008986855365999873,0,Low Risk
18278,40,1,240.3,3,2,1,321,Lost Customers,0,74,15,16.02,0.002053323257958287,0,Low Risk
18279,155,1,231.33999999999997,2,2,1,221,Lost Customers,1,630,13,17.795384615384613,0.9993420629282677,1,High Risk
18280,30,1,307.55,4,2,2,422,Potential Loyalists,0,149,20,15.377500000000001,0.0006248948055955093,0,Low Risk
18281,213,1,120.32,1,2,1,121,Lost Customers,1,92,10,12.032,0.9999993032043312,1,High Risk
18283,18,6,619.37,4,5,3,453,Loyal Customers,0,322,158,2.8542396313364056,0.00012545767117333516,0,Low Risk
18284,67,1,461.68,3,2,2,322,Lost Customers,0,494,28,16.48857142857143,0.04493286759394756,0,Low Risk
18285,296,1,427.0,1,2,2,122,Lost Customers,1,145,12,35.583333333333336,0.999999999959698,1,High Risk
18286,112,2,1296.43,2,3,4,234,At Risk,1,608,67,19.349701492537314,0.8975393319928636,1,High Risk
18287,18,4,2345.71,4,4,5,445,Champions,0,1427,77,27.596588235294117,0.0001384830151602589,0,Low Risk
