Customer ID,Total_Revenue,Total_Orders,Total_Quantity
18102,349164.35,89,124216
14646,248396.5,78,170342
14156,196549.74,102,108105
14911,152121.22,205,69709
13694,131443.19,94,125893
17511,84541.17,31,55107
15061,83284.38000000003,86,51791
16684,80489.21000000002,27,54555
16754,65500.07,29,63551
17949,60117.59999999999,74,30112
13089,57885.45000000001,109,29130
15311,55942.74000000001,121,32784
17450,52422.299999999996,7,15375
17850,51208.86999999997,155,21052
12931,50291.380000000005,42,34902
13093,47111.18000000001,48,22266
16029,41184.299999999996,47,16278
15838,40519.92,16,46296
14298,39667.19,38,41929
13798,38683.02,54,24399
13902,34095.26,5,220600
15769,32451.6,21,19432
13081,30867.769999999993,19,22355
13777,30501.259999999995,37,13845
17841,29562.020000000004,91,14332
16705,29480.061,22,16826
16422,28904.670000000002,59,32569
14680,28615.269999999997,43,13882
13881,28019.58,23,19642
17940,26286.75,6,75825
17389,25381.649999999998,27,10268
12482,23691.399999999998,29,27042
14031,23632.72,27,8680
13408,23616.422,46,13267
14063,22710.2,9,3850
16779,22554.22000000001,32,14243
12748,22457.900000000005,144,13110
18251,21964.14,8,31815
13802,21659.69,16,11557
12709,21107.94,20,9999
17677,20329.680000000004,28,12161
17920,20137.24,39,10071
12471,20129.540000000005,49,8667
16013,20009.84,39,10344
15039,19960.299999999996,47,8905
17381,19726.76,12,20118
12415,19543.839999999997,7,14073
14258,19381.36,16,10412
12921,19333.95,39,12182
14527,19257.08,69,4667
14606,18482.100000000002,102,9287
13767,18320.169999999995,39,7913
17675,17885.32,40,8056
15856,17703.630000000005,26,9359
18008,17642.890000000003,14,6244
16210,17403.21,19,6704
12681,17080.74,24,10060
13078,16904.51,32,6553
15523,16847.179999999997,15,15501
12678,16652.719999999994,9,11449
17404,15874.300000000001,8,17931
17865,15785.870000000003,26,7193
13564,15310.349999999997,35,8497
14062,15120.8,12,7201
15768,14687.06,31,3971
17428,14562.91,18,8030
17448,14523.670000000002,46,11534
15808,14482.03,18,5775
13001,14256.68,20,7958
12647,14201.529999999997,27,5455
17377,14174.25,60,5486
14895,13980.83,18,5863
15760,13916.34,2,2
12939,13683.0,12,5452
14088,13544.989999999998,3,2611
16019,13542.920000000002,18,5226
12454,13151.439999999999,4,6697
14277,13009.609999999999,6,87830
15513,12992.33,18,5122
15498,12633.179999999998,19,6493
14667,12418.009999999997,31,7386
12409,12346.62,4,7592
12357,12079.98999999999,2,3879
17243,11920.43,44,4704
13687,11880.839999999998,1,87167
12682,11745.690000000002,23,5443
16525,11535.290000000003,23,7231
17589,11433.769999999999,14,7073
15640,11411.92,15,5748
16746,11366.64,24,7240
13340,11364.08,5,3866
12949,11359.480000000001,14,5852
12472,11308.48,13,7202
13319,11236.95,34,4546
14134,11123.349999999999,15,5814
12621,11086.140000000001,16,6493
17044,11013.820000000002,11,5218
14543,10988.139999999998,23,1964
15615,10974.23,24,6582
12918,10953.5,1,1
18052,10877.18,1,17766
16553,10864.19,21,11827
16652,10776.42,9,4194
18087,10705.800000000001,15,3868
14299,10533.869999999997,19,6079
16191,10497.300000000003,11,5997
17416,10405.029999999997,15,4467
14028,10396.5,3,7170
13027,10327.2,13,25560
17716,10300.98,13,5747
17706,10245.489999999998,17,4150
17340,9935.93,8,5195
18172,9905.560000000001,32,4223
15251,9839.55,10,5937
13225,9796.230000000001,9,3985
17133,9730.09,5,7377
15093,9729.090000000002,18,7897
14045,9653.28,13,4054
13952,9572.450000000003,12,4516
14091,9530.08,2,3316
14952,9529.86,21,3622
12714,9384.85,7,5705
16843,9374.859999999999,19,8343
14961,9365.470000000003,13,4664
15291,9178.259999999998,26,2914
14040,8963.489999999998,23,3428
17139,8915.99,13,4677
12980,8870.88,12,1024
12540,8854.25,16,4334
15032,8821.55,7,5291
16549,8746.9,24,4793
15358,8703.210000000001,22,8328
15738,8560.55,26,6303
14160,8421.47,7,4661
16133,8403.220000000001,23,4766
15044,8389.42,18,2456
14739,8385.22,19,6352
16126,8356.83,11,4027
13178,8333.720000000001,10,5208
13206,8308.19,13,7086
16656,8207.37,15,6539
15601,8183.560000000001,17,6078
15078,8018.769999999999,23,3885
14849,7832.91,21,6332
13013,7814.83,18,4239
15382,7777.840000000002,6,5166
16782,7732.369999999999,26,3407
12437,7731.9900000000025,21,5078
17581,7712.709999999998,20,4045
13680,7700.550000000001,8,3310
14828,7699.7,10,7546
15005,7681.709999999999,29,4554
13468,7670.539999999998,38,3223
16713,7619.209999999999,18,4400
17858,7614.240000000002,19,2764
13162,7587.200000000002,12,4042
12668,7575.88,6,3415
14607,7553.629999999999,8,3809
18225,7539.839999999998,15,4056
18223,7516.310000000001,12,3696
17364,7510.240000000001,17,4772
16873,7493.77,6,4761
14049,7444.68,9,4672
15497,7395.190000000001,7,2313
15260,7377.46,20,3837
13715,7348.299999999999,13,4345
14194,7321.0700000000015,15,4197
13097,7320.879999999999,18,2985
18260,7318.910000000001,17,3769
14110,7304.799999999999,21,3380
15555,7267.829999999999,22,4579
12476,7267.490000000001,12,3223
14426,7246.270000000001,7,4324
16161,7210.59,25,3760
13316,7207.89,6,14423
12433,7205.390000000001,5,6045
12583,7166.059999999999,13,3924
12758,7111.65,5,4020
18092,7111.18,8,4578
16550,7069.269999999999,14,4122
14016,7062.200000000002,7,3597
12477,7056.63,3,2466
17409,7021.66,8,3984
12380,6951.49,7,2228
12731,6879.799999999999,5,3204
13735,6879.23,9,3007
15874,6878.88,14,2568
16327,6874.969999999999,11,5956
16168,6848.87,40,3207
15413,6798.72,5,2694
14051,6784.009999999999,15,2167
14439,6781.8,4,1718
12481,6765.07,6,3949
16258,6739.010000000001,10,4206
12557,6725.179999999999,4,2398
13734,6695.6900000000005,4,302
17160,6691.130000000002,11,5534
18226,6650.83,15,4417
15296,6650.170000000002,6,3686
12524,6640.389999999999,9,3479
13668,6638.650000000001,14,2374
12989,6627.64,18,3992
13174,6621.6,10,3116
13488,6619.57,11,3373
13199,6615.770000000001,30,5843
14733,6579.259999999999,4,2715
17504,6493.14,9,3756
13050,6477.67,19,3449
14866,6460.32,8,2481
16131,6450.880000000003,6,2966
13113,6357.08,14,1495
17085,6285.27,23,2798
13327,6251.71,14,2879
15369,6251.26,11,3288
13758,6226.43,10,3224
15281,6211.4199999999955,7,4022
14735,6174.47,24,2249
15270,6145.37,14,2489
14415,6124.5199999999995,10,3267
13935,6116.919999999999,3,2252
12435,6096.04,4,2903
16923,6088.05,13,2846
13418,6055.470000000001,15,3670
16709,6026.14,9,2410
14505,6019.6500000000015,11,2586
13941,6009.34,11,3062
14422,6007.88,13,3161
15202,6001.49,3,3
12835,5996.83,41,2349
16180,5995.6900000000005,5,3946
13004,5994.9400000000005,18,3946
15981,5954.290000000001,13,2961
17809,5925.4800000000005,11,1296
16984,5891.010000000003,7,2747
14855,5874.65,5,3243
13615,5854.840000000001,7,2721
14030,5839.460000000001,14,2834
14676,5808.550000000001,6,6292
16814,5781.44,16,2254
17230,5750.08,10,2102
15984,5735.09,21,3971
16839,5716.14,11,2552
15218,5711.9400000000005,11,3201
13448,5655.200000000002,9,2709
12539,5646.400000000001,3,2468
14085,5607.43,16,3363
13999,5600.450000000001,17,2800
15144,5579.87,12,2201
13629,5578.5,8,3350
13047,5557.619999999999,17,2055
16558,5535.0199999999995,19,2711
15125,5496.389999999999,9,2240
16985,5459.04,13,1271
17017,5416.349999999999,13,3918
14249,5400.460999999999,12,2383
17338,5395.79,9,2721
17696,5393.879999999999,19,4135
15950,5376.200000000001,6,2635
15480,5373.499999999999,4,1549
15023,5287.639999999999,10,2157
15179,5284.97,8,3478
15465,5281.530000000001,15,1506
13102,5272.83,14,2372
13141,5267.329999999999,12,3611
17576,5266.7699999999995,23,2673
14146,5259.300000000001,7,3343
17107,5255.240000000001,4,2704
14113,5252.19,12,2694
13267,5236.7699999999995,18,2135
15867,5224.8099999999995,17,3061
12755,5218.71,10,2290
12497,5205.399999999999,2,4449
15998,5193.92,11,3318
13090,5189.32,13,1181
13069,5185.510000000002,16,9481
15719,5165.9,18,2638
15547,5146.45,12,3279
14154,5115.079999999999,6,2757
15570,5105.32,14,2181
17146,5102.86,10,1976
14769,5097.13,9,3819
12747,5061.03,16,1473
12474,5048.66,13,3107
16186,5019.170000000001,15,3805
13599,5013.959999999999,14,3200
16170,4983.95,14,4286
14755,4962.27,14,2182
12643,4960.18,6,2857
14135,4953.61,11,5505
17739,4939.24,11,1474
13869,4913.219999999999,6,2593
14329,4912.379999999999,8,2826
12705,4893.81,5,3191
15332,4892.68,6,2306
12843,4881.099999999999,22,2247
16008,4860.35,12,2914
14243,4842.280000000002,8,2466
13576,4834.4,11,1968
17157,4832.900000000001,17,1920
16546,4819.320000000001,4,3818
13148,4814.5599999999995,14,2522
15194,4811.160000000001,14,3466
13831,4795.089999999999,13,1810
13555,4792.96,9,2126
12971,4782.88,33,5298
18231,4782.4,23,2096
16103,4762.069999999999,16,2081
12823,4742.0,13,700
14105,4722.599999999999,4,2734
13958,4709.2300000000005,8,2264
16556,4698.790000000001,10,2463
12957,4689.43,5,2137
15805,4660.749999999999,13,2838
15298,4659.469999999999,12,3170
14395,4630.7,12,2357
16456,4630.16,9,2541
17873,4621.32,14,3241
15544,4615.72,12,3910
17068,4601.689999999999,27,2267
16320,4590.530000000001,4,2587
13381,4585.06,6,3096
14461,4573.8499999999985,10,2239
17965,4558.01,17,2908
16200,4539.23,10,2552
14685,4536.64,8,1969
18041,4536.289999999999,20,4026
13426,4526.06,12,2623
16701,4518.429999999999,13,4653
18178,4512.93,7,2867
17308,4511.76,2,5148
15674,4501.63,8,2373
12839,4480.3099999999995,13,3042
13983,4479.820000000001,10,2962
14648,4466.65,15,3265
14175,4456.580000000001,5,1494
12422,4428.24,14,2226
12490,4405.71,11,2842
18055,4381.78,6,1376
17611,4376.41,13,2791
16118,4376.25,1,2851
12431,4370.52,13,1811
18061,4369.5599999999995,19,2652
14081,4369.469999999998,9,3041
14292,4354.32,7,1766
13590,4354.119999999999,12,3423
14918,4345.66,7,1876
15633,4335.959999999999,13,2048
15694,4331.41,12,981
15750,4330.460999999999,12,2806
13329,4323.970000000001,7,3023
12567,4308.58,7,1781
16858,4292.59,10,1435
16125,4292.349999999999,14,1819
13044,4287.58,10,2119
17049,4287.500000000001,10,1600
16938,4283.6799999999985,5,2508
14440,4281.049999999999,9,1167
13373,4274.939999999999,3,2612
14936,4273.790000000001,4,2189
13969,4266.88,18,2245
16722,4258.2699999999995,11,3579
17457,4247.110000000001,9,1869
15955,4242.1,9,2078
12683,4220.209999999999,8,2696
12913,4217.23,9,1813
15727,4212.650000000001,8,2845
13317,4212.411,13,2114
16945,4202.66,14,3164
16279,4195.499999999999,6,2637
12510,4195.45,7,1696
17508,4191.92,7,2602
13451,4191.8,6,3101
17593,4168.46,6,2506
16749,4157.88,2,1910
17700,4145.33,10,2203
15980,4144.820000000001,4,3262
13854,4144.44,15,1414
15622,4143.05,8,2417
17735,4134.91,8,2462
15898,4129.259999999999,22,1820
14282,4120.32,11,2810
13394,4101.68,11,2962
15521,4098.04,8,2671
16700,4091.16,13,2858
14766,4082.76,6,2714
15581,4076.97,26,2849
17584,4067.12,4,2006
14025,4057.8999999999996,8,1920
12589,4048.9800000000005,6,1458
12744,4037.7699999999995,4,1753
17138,4036.770000000001,6,1898
14291,4020.8499999999995,12,3397
13931,4019.8500000000013,9,2763
15372,4009.66,7,3486
17307,3999.8900000000003,11,3667
13756,3999.2300000000005,10,2238
16954,3996.7999999999997,11,3032
14101,3985.1400000000003,7,3600
13137,3983.6499999999987,8,2034
17238,3982.659999999999,17,1874
16735,3970.0000000000005,9,2708
14709,3965.2900000000004,12,1657
17091,3961.4399999999996,11,2087
15321,3961.42,9,2472
13542,3959.4899999999993,17,804
17625,3958.499999999998,4,2325
15034,3957.04,6,2335
14210,3955.6800000000003,11,1844
12836,3949.3700000000003,11,1169
13157,3946.1399999999994,5,3323
17204,3940.1300000000006,5,2005
17231,3940.079999999999,15,1958
16670,3934.2500000000005,9,1978
13883,3885.54,10,2148
14944,3884.42,7,2049
15823,3882.1700000000005,3,1774
13446,3881.8899999999994,11,2403
14560,3876.2599999999993,22,3320
17829,3867.5000000000023,4,2513
14841,3867.24,8,2386
16992,3862.1900000000005,8,1201
14145,3857.85,3,899
14286,3851.01,4,4457
16242,3824.7900000000004,7,1952
16710,3823.78,13,2543
12867,3819.9200000000014,6,3592
15903,3813.08,5,1516
14525,3810.64,8,2469
16636,3802.04,4,2186
17838,3786.7000000000003,10,2192
16732,3783.8900000000003,3,2097
14442,3777.2,5,949
17757,3773.1099999999997,28,1833
12917,3765.2,5,984
17802,3761.379999999999,8,2028
18245,3757.9200000000005,13,3310
17092,3737.3800000000006,7,2638
12429,3735.51,5,1787
16497,3729.5900000000006,17,1654
13082,3722.1200000000003,12,4142
13107,3721.4500000000003,5,3023
12737,3710.5,2,2
16772,3698.0499999999997,3,687
16570,3695.91,10,2180
16592,3694.2299999999996,12,2577
15150,3686.61,3,2525
18064,3667.8300000000004,9,2301
13136,3666.9500000000007,8,1781
15785,3640.96,11,2867
12451,3634.3600000000006,3,2784
16409,3629.759999999999,7,2360
15755,3628.87,11,2607
13654,3600.6699999999996,5,2580
14625,3598.25,9,1820
16072,3595.770000000004,3,1440
16253,3588.3399999999997,5,2797
15786,3582.6200000000003,2,2617
12356,3560.3,3,1825
15502,3548.3399999999997,5,1613
13269,3545.47,14,3050
14459,3537.820999999999,1,1543
15482,3537.6,7,1512
18229,3526.8100000000004,10,695
16336,3517.6899999999996,4,1473
12633,3514.1799999999994,3,2076
14844,3512.62,6,2536
13763,3502.4799999999996,2,2496
12759,3489.3,5,2300
14388,3488.16,9,2419
13634,3486.41,11,1390
15299,3484.53,6,2505
13593,3481.41,9,1451
15673,3478.0899999999997,5,1823
15159,3475.7200000000003,4,2071
18065,3473.7999999999997,15,1238
12613,3472.9900000000007,5,2513
12841,3472.61,17,2609
15641,3458.3500000000004,8,2860
13230,3457.8299999999995,17,1915
12615,3449.7900000000004,4,1941
13815,3448.38,4,2821
12623,3442.7400000000002,6,1781
14702,3427.4399999999996,13,1601
17876,3424.02,3,1958
17365,3417.13,7,3266
14800,3415.38,6,3294
12455,3413.0899999999997,4,1213
15129,3412.7799999999997,12,2208
15812,3400.3300000000004,7,2528
13324,3391.52,8,3243
14514,3389.84,6,1798
13658,3386.33,4,1152
14060,3378.6600000000008,13,2733
16940,3377.78,5,2334
18094,3374.2200000000003,6,1646
17663,3372.92,10,1500
15538,3358.4,6,1016
16182,3354.0,5,2096
13491,3350.74,18,1482
17612,3346.41,12,1713
16563,3334.82,5,2098
13495,3329.39,6,1845
14970,3327.2900000000004,8,732
16353,3323.75,16,1525
13659,3321.68,10,1645
17315,3318.3500000000004,5,1225
13993,3309.35,10,1235
16153,3309.26,6,2620
14852,3295.74,12,2619
13031,3292.84,5,2309
13520,3285.05,6,1640
16067,3269.1099999999997,3,1236
17519,3265.45,10,2178
13214,3264.230000000001,7,2966
13722,3260.0,7,1658
15571,3241.92,10,2147
13015,3240.14,6,1918
14159,3230.45,9,2172
14530,3226.7599999999993,10,1594
13552,3208.8499999999995,10,1213
17799,3207.76,10,1921
15367,3203.7400000000007,7,1887
13115,3199.920000000001,6,2367
13357,3196.1100000000006,4,1791
18194,3188.2000000000003,5,1142
15485,3186.0099999999998,5,1263
17469,3180.2799999999997,12,1517
16351,3176.13,12,2075
15680,3173.9,8,2122
18075,3171.54,10,1817
17412,3159.46,10,1866
14092,3152.5399999999995,10,1540
12417,3148.3100000000004,11,1342
15614,3147.3600000000006,4,1632
17646,3141.3999999999996,10,1095
12662,3138.2400000000002,10,1523
13139,3138.04,1,2189
17644,3132.96,9,1676
13786,3127.9900000000002,6,1515
15002,3127.9699999999993,6,1631
16717,3127.8500000000004,9,1360
15527,3126.36,15,1220
13953,3125.0,5,2500
17145,3120.9100000000017,4,2591
14535,3118.39,6,1390
15394,3103.26,7,1462
16156,3096.1400000000003,11,1932
17769,3095.9500000000003,7,1307
13771,3094.3700000000003,5,1663
14221,3084.69,8,1617
17069,3084.5800000000004,6,1827
12511,3084.0200000000004,1,1753
12766,3078.6500000000005,3,1800
13183,3078.4000000000005,6,1819
17618,3071.3599999999997,8,1479
12469,3070.54,2,2552
12872,3062.52,11,1526
14593,3048.3799999999997,9,1518
17426,3040.51,7,2093
13562,3038.8500000000004,5,846
13037,3033.88,9,1699
13875,3027.5800000000004,9,1756
15722,3022.79,6,1256
17913,3020.6399999999994,12,1437
14227,3017.75,5,2228
16986,3015.55,9,1499
17372,3010.13,20,1116
16718,3006.0800000000004,5,1924
16145,3005.95,8,2147
13769,3003.9100000000003,11,1411
16325,3003.26,9,2270
17287,3000.4999999999995,16,1507
17931,2993.8799999999997,12,1670
14590,2993.37,20,901
17861,2990.4100000000008,10,2556
17032,2984.3199999999997,8,1667
12406,2975.0600000000004,3,1598
16444,2971.2099999999996,13,1538
17526,2970.1400000000003,9,1172
15222,2965.91,10,4018
13985,2960.7299999999996,7,1491
14882,2956.95,12,1456
16736,2956.5599999999995,5,1050
14047,2946.42,10,1268
15939,2945.380000000001,1,1532
12468,2941.2,3,1835
13870,2941.14,7,2124
14209,2919.8399999999997,9,1048
14112,2919.44,6,1888
14532,2912.93,7,827
13291,2909.6800000000003,10,1367
17819,2907.6499999999996,6,818
14441,2898.7999999999997,7,814
14824,2895.2000000000003,6,1429
14465,2887.41,8,2141
12806,2878.959999999999,4,2087
16003,2878.46,5,1025
14930,2873.770000000001,3,1033
15079,2871.74,8,1115
16467,2869.16,7,7384
14796,2865.05,11,1627
15421,2854.9800000000005,6,1427
14257,2854.73,4,1650
15122,2853.49,8,1233
14817,2849.52,5,1807
14913,2845.700000000001,4,2212
12631,2841.0699999999997,5,1371
16571,2827.05,7,2464
15255,2815.17,8,1725
14732,2814.5800000000004,11,868
13901,2809.1400000000003,10,1605
12749,2806.4799999999996,4,889
16316,2805.999999999999,5,1573
13205,2803.2,1,256
12712,2797.53,10,1287
13975,2795.1599999999994,6,2187
17754,2786.5699999999997,8,2550
14744,2785.1,8,1920
15628,2782.0199999999995,9,1925
16283,2779.5099999999993,3,1631
16208,2776.19,8,1208
13052,2771.1800000000003,6,1202
13510,2766.7299999999996,7,1658
15817,2766.3999999999996,3,1596
14770,2761.2200000000003,6,1108
14540,2756.9799999999996,8,1184
16400,2755.9199999999996,8,1894
16335,2753.52,7,1004
15240,2753.41,7,1845
14713,2752.5099999999998,11,1841
17685,2751.64,6,1898
16401,2750.8300000000004,11,2153
18145,2748.19,7,2479
14401,2744.4200000000005,9,1894
12779,2740.9100000000003,7,1617
17241,2736.6399999999994,12,859
17669,2735.6299999999997,3,1589
12986,2729.84,10,1164
17082,2728.18,4,1477
17191,2726.77,11,1362
14572,2722.34,4,1458
12910,2721.4800000000005,5,1940
12358,2719.01,3,831
13461,2715.0,3,1962
14740,2712.85,8,1346
17406,2704.6299999999997,11,1337
14493,2704.62,5,1863
17019,2703.0299999999997,8,1799
13334,2699.4800000000005,2,1434
14825,2698.17,13,1857
12838,2694.75,9,1479
17690,2685.2,8,1352
17096,2675.8,7,1220
12349,2671.1399999999994,3,993
14907,2664.69,10,1126
14566,2660.0,3,1600
17848,2657.9100000000003,21,1006
13929,2651.45,9,1423
17001,2651.23,8,1618
14099,2646.74,9,1487
12967,2646.0200000000004,2,834
17083,2644.01,6,1183
16655,2633.74,7,1575
12671,2622.481000000001,1,1460
14626,2619.6499999999996,7,1732
13209,2617.9,5,1528
16094,2617.33,7,1373
14451,2614.78,10,1359
12483,2612.2,11,1050
14546,2610.91,6,1375
15854,2609.16,9,765
14564,2605.62,2,1295
12708,2601.1899999999996,9,1214
17672,2600.4599999999996,5,1068
14878,2600.41,16,1617
16347,2595.5099999999998,9,1374
17863,2585.1999999999994,7,2314
12857,2581.6,4,1077
15754,2579.04,6,1563
17673,2578.91,7,1822
15249,2577.5399999999995,5,1403
15203,2572.38,9,2429
15967,2568.32,10,978
16303,2567.640000000001,4,1200
13485,2564.98,10,1521
12359,2563.36,6,1130
12523,2562.58,12,1398
16308,2560.0,3,8000
13707,2559.4500000000003,3,1859
17686,2557.3500000000004,2,1105
15290,2553.06,8,2066
17640,2547.28,5,1442
15051,2543.55,6,2042
17512,2542.8300000000004,8,2681
17465,2542.7900000000004,7,1477
18168,2538.7599999999998,11,1536
16933,2536.07,7,1245
16455,2535.6900000000005,6,2113
16950,2535.21,8,1820
17930,2534.7400000000002,8,2201
15046,2533.37,10,1213
15301,2533.09,6,1515
13384,2528.9000000000005,4,1720
17975,2527.1699999999996,12,700
17400,2525.4400000000005,3,1097
16919,2515.76,14,1003
13982,2511.0799999999995,6,1550
13979,2510.0600000000004,6,1631
17346,2509.84,12,1906
15858,2508.7700000000004,9,1751
16190,2508.4700000000003,7,1143
13995,2508.3199999999997,9,1480
17059,2506.539999999999,5,1728
12978,2502.82,5,1394
16523,2497.86,7,714
14001,2487.01,7,911
16011,2486.0,14,1413
16143,2485.89,7,1092
13018,2485.46,7,1311
16767,2481.2,4,2679
12625,2481.06,2,1697
12720,2478.9400000000005,6,1645
14857,2478.731,5,1617
16104,2476.25,8,925
17730,2475.3199999999997,7,1724
15796,2463.0200000000004,9,873
17402,2461.6799999999994,12,869
15983,2458.8999999999996,6,1540
15123,2456.8599999999997,3,1329
18069,2455.679999999999,6,1872
15031,2449.75,10,1176
13571,2448.3199999999997,14,1434
13557,2448.2,11,1852
13823,2445.79,5,1125
12600,2444.88,12,640
14344,2443.77,14,1192
16393,2441.61,11,1514
16098,2435.67,8,1529
14044,2431.2799999999997,6,1796
15077,2428.0800000000004,2,528
13464,2422.9600000000005,5,1037
17491,2422.2000000000003,8,1617
15494,2422.0199999999995,3,1913
12976,2417.7799999999997,7,2123
15024,2414.1800000000003,8,1281
16293,2408.96,6,1040
17213,2401.07,7,1003
15712,2400.05,7,791
17031,2393.5,4,1360
14737,2389.62,1,726
17314,2376.51,9,1767
15182,2376.1019999999994,9,933
14466,2374.4999999999995,7,1638
17442,2371.74,9,1638
15514,2368.3399999999997,7,1989
16607,2359.16,11,1577
12656,2356.66,3,1137
15015,2354.97,13,1584
12982,2354.2699999999995,7,1441
15050,2349.5,2,1384
17449,2348.9399999999996,6,1362
13963,2347.3300000000004,14,1601
18093,2346.1900000000005,4,2037
18287,2345.7099999999996,4,1427
16539,2343.2000000000003,7,838
16150,2342.5699999999997,6,1117
15353,2336.0,6,1181
16742,2334.9700000000003,13,2557
15043,2333.32,5,719
13213,2330.9400000000005,6,1602
13077,2326.35,8,1909
17884,2325.92,18,2167
14938,2322.43,2,1369
13458,2312.7000000000003,2,1252
15606,2310.83,8,723
15306,2310.38,6,2264
12609,2309.01,6,905
17113,2305.59,6,913
17738,2304.5099999999998,9,1747
15946,2304.1800000000003,3,1614
13362,2303.33,3,1099
13266,2300.7799999999997,7,2409
16077,2300.4,1,840
17602,2300.0099999999998,8,1764
13527,2298.93,5,1053
13371,2297.66,2,1019
12782,2287.3199999999997,6,931
12391,2285.1800000000003,5,911
14341,2285.04,10,1416
16255,2284.3400000000006,8,1282
14482,2283.9100000000003,6,1242
18051,2282.28,7,1661
12637,2280.91,4,1263
13297,2278.769999999999,3,1731
17419,2273.95,8,1211
12863,2271.35,5,707
13021,2270.86,8,1194
17553,2270.0,3,1240
15518,2268.44,7,1547
12725,2266.76,4,1142
15638,2265.2,6,1134
18257,2262.5199999999995,4,1328
17084,2253.2200000000003,1,1476
16383,2252.9299999999994,5,1129
16791,2251.85,8,1097
14649,2248.5999999999995,5,1411
12374,2246.2900000000004,3,1020
13407,2244.7,3,1690
13842,2244.2899999999995,10,1111
15365,2242.81,6,1047
12928,2242.19,7,1427
14867,2241.7799999999997,13,668
15629,2240.9,4,1518
13131,2240.4700000000003,4,1076
17550,2239.48,6,882
17929,2239.1000000000004,8,326
13473,2235.1200000000003,6,734
17692,2234.86,8,1666
15389,2233.8,4,3540
13048,2229.72,5,1433
17218,2226.96,9,1240
15757,2225.9400000000005,4,1266
13421,2225.0400000000004,6,1223
14293,2221.37,6,1021
16584,2220.09,3,1267
13478,2215.7800000000007,5,1189
16499,2212.89,6,1237
13173,2212.11,10,1318
15476,2209.9800000000005,4,1174
16458,2208.15,12,1241
15569,2207.7400000000002,5,1068
16560,2206.9700000000003,6,1103
14290,2201.9100000000003,3,685
14295,2196.71,4,945
14898,2195.14,9,1224
15228,2193.5600000000004,2,1120
15934,2190.66,2,2166
12480,2183.2200000000003,3,1245
14161,2182.4599999999996,5,1158
16503,2182.41,7,966
17311,2181.71,4,1750
15978,2180.6399999999994,2,1556
12371,2179.42,3,845
17063,2177.39,6,1129
16719,2174.13,8,1327
15532,2174.1199999999994,6,822
14107,2174.0700000000006,4,1696
16466,2171.13,8,992
18144,2169.25,8,896
15493,2168.2699999999995,4,655
17732,2166.42,8,1058
13762,2165.76,4,2336
17822,2162.9300000000003,5,1375
14211,2161.19,9,1333
17552,2154.88,10,1376
15059,2153.48,10,995
12951,2149.6499999999996,9,1159
15271,2146.95,10,1239
16004,2146.39,5,1076
13152,2146.38,7,977
12592,2145.0600000000004,3,1585
14431,2143.8400000000006,3,1072
13611,2143.5299999999997,7,1234
16875,2139.0,6,1030
12687,2138.91,2,1403
16918,2137.7200000000003,10,1345
16202,2136.7200000000003,8,1116
16841,2136.2400000000002,6,1228
15623,2136.02,7,962
17305,2135.46,1,1006
14057,2135.0,5,1565
15027,2129.45,6,2217
14496,2129.42,6,832
17969,2126.09,18,862
14634,2124.4600000000005,4,1906
16053,2122.8900000000003,4,1274
16748,2121.43,9,1247
15142,2121.18,5,1790
15965,2119.2599999999998,10,953
17188,2118.7,6,1241
15067,2118.120000000001,2,1197
13799,2114.71,7,1137
13059,2108.37,9,825
14399,2108.2099999999996,8,965
14147,2106.8,7,887
16883,2101.6099999999997,18,967
12975,2100.09,6,911
12530,2096.98,5,1800
15245,2095.0,5,1237
16045,2094.23,4,1211
14469,2093.46,4,973
15151,2085.61,2,795
12935,2083.16,8,1348
13848,2080.0,6,6500
13450,2076.3199999999997,7,2336
17596,2075.74,7,3163
14307,2075.3099999999995,5,1316
18026,2074.07,2,530
16795,2062.41,3,1214
15221,2062.2,4,244
17774,2060.1,5,1077
18258,2059.67,6,1981
16612,2057.77,5,913
14869,2056.69,4,1581
14688,2056.2999999999997,8,1911
16206,2052.81,9,1107
16176,2052.69,4,952
16105,2049.23,4,1795
12395,2048.64,4,1615
13431,2047.1399999999999,6,898
12733,2040.9199999999998,3,759
16331,2037.7,6,756
16395,2036.3499999999997,9,1429
15862,2033.6399999999999,10,1059
12849,2032.1799999999998,4,1258
14225,2031.07,4,1167
15819,2029.3400000000001,6,1571
13481,2026.2800000000004,6,913
16147,2023.91,4,1149
13736,2022.67,5,1053
13696,2020.4,3,552
15100,2018.6999999999998,6,254
13085,2017.1999999999998,6,728
16197,2016.71,9,1420
13693,2011.82,9,880
16532,2007.84,2,528
17722,2006.3200000000002,2,1342
15312,2005.3399999999997,8,1177
16554,2004.62,5,944
17203,2004.0100000000004,4,1751
16743,1999.02,7,1672
15791,1995.65,3,1239
14639,1994.4699999999996,3,979
15481,1993.3400000000004,1,1450
16271,1993.1799999999998,5,1335
16163,1992.98,5,576
16065,1992.13,8,1207
14555,1991.4899999999998,4,720
15953,1990.8,11,950
12802,1988.8400000000006,6,1658
16033,1985.6299999999997,8,723
17682,1982.45,6,1124
18259,1979.6000000000004,5,676
13772,1977.3899999999994,5,906
13091,1976.0,2,873
17897,1968.7499999999998,8,793
16032,1965.7200000000003,6,1467
18097,1965.52,5,1054
14701,1961.0199999999998,6,823
13338,1958.5999999999997,3,895
15827,1957.98,16,942
16290,1957.7000000000003,4,957
14669,1957.5400000000004,4,1273
13851,1955.0000000000002,5,820
17039,1954.99,1,689
13750,1954.92,6,854
12653,1950.98,1,762
16993,1950.95,2,285
12853,1950.3999999999996,5,868
14205,1947.5000000000002,7,1138
14655,1946.2800000000002,3,1252
14498,1943.5099999999998,5,1022
15425,1941.12,4,1041
16101,1938.4600000000003,3,1087
12385,1938.3999999999999,1,612
18215,1933.1499999999999,4,1013
15602,1932.64,8,1212
13849,1931.3500000000001,3,867
13635,1928.1299999999999,3,1207
14064,1925.8999999999999,10,2139
17115,1923.99,4,513
16905,1923.5700000000002,11,640
16485,1923.54,4,918
14492,1921.9099999999999,7,751
16686,1921.1899999999998,9,1442
16128,1920.8300000000002,6,1457
13253,1920.71,2,1443
16177,1915.3600000000001,7,926
13014,1914.8000000000006,1,1074
14756,1914.7999999999997,2,1007
15716,1913.5499999999997,8,1070
16812,1912.65,3,1035
13971,1909.3099999999997,6,1240
15329,1909.13,8,731
16416,1906.48,6,1526
16912,1904.9300000000003,4,664
15443,1900.6399999999996,7,1060
13126,1898.6099999999997,7,1266
18170,1897.69,6,775
18009,1896.8400000000001,7,526
17293,1896.5700000000002,8,1093
17667,1895.19,4,1161
12770,1895.0,1,1100
15248,1893.9299999999996,3,1065
16631,1892.5200000000002,7,775
13313,1889.9999999999998,7,1457
14548,1888.4899999999998,7,730
16823,1884.71,6,1030
16209,1884.16,4,716
14239,1882.32,10,736
16341,1878.9200000000003,3,1624
15916,1874.8300000000002,7,931
14032,1874.6799999999998,6,1884
12586,1865.73,3,608
12876,1863.7700000000002,2,1106
13663,1858.04,4,802
16229,1857.2600000000002,4,974
15199,1853.7,6,498
13534,1850.8200000000002,10,908
14507,1848.86,5,897
12578,1847.9400000000005,2,1184
13455,1847.5900000000001,5,631
15265,1839.520000000001,2,958
15944,1839.1399999999999,3,809
13728,1839.03,10,811
17623,1838.7199999999998,6,534
18109,1828.2400000000002,13,647
12484,1826.78,6,1079
16477,1825.56,5,1217
13538,1822.28,5,784
16276,1818.7900000000002,2,1047
14837,1810.82,5,1594
12531,1807.9799999999996,1,1074
13032,1805.7799999999997,7,899
13623,1805.3199999999997,5,724
17857,1803.2,2,2804
16797,1802.0199999999998,5,898
13577,1801.68,7,870
12377,1798.2,2,1161
16036,1797.9200000000005,2,653
17621,1795.2199999999998,3,596
12369,1791.1499999999999,3,1241
14534,1790.3600000000001,8,795
15380,1788.8000000000002,7,656
16005,1786.78,6,989
15366,1786.57,5,1826
14790,1781.5600000000002,6,1943
18214,1780.34,4,989
13203,1778.7900000000002,6,1613
16510,1777.5,6,930
13920,1774.6799999999998,4,1772
14897,1774.1599999999999,4,694
14916,1773.9700000000005,4,1279
15095,1771.04,6,1154
15351,1770.23,4,737
14933,1770.0,4,600
15972,1769.3299999999997,5,468
15736,1767.1199999999997,2,1208
16365,1766.7799999999997,7,631
15057,1766.4599999999998,3,726
14334,1766.27,4,1255
13425,1766.2200000000003,2,1235
15665,1764.8599999999997,3,1123
12645,1764.12,4,1041
13648,1764.02,8,960
16225,1762.99,10,788
17651,1758.52,6,974
17811,1757.9799999999998,8,1132
12865,1755.2400000000002,2,1048
17242,1754.24,3,848
12594,1751.89,5,991
13305,1751.75,7,1128
16983,1748.15,5,1087
12820,1747.1799999999998,7,1244
12963,1744.9600000000005,5,928
15073,1744.6100000000001,5,919
16086,1743.6,6,1015
17742,1743.3700000000001,9,564
13719,1741.3999999999996,6,979
17354,1740.9,3,1525
16087,1739.92,5,664
14748,1736.5700000000002,7,1529
14390,1731.1599999999999,5,771
17211,1729.4299999999998,6,1022
15596,1723.45,5,815
18095,1723.04,3,1204
16232,1722.09,3,1299
16059,1718.66,7,841
12739,1713.6899999999996,2,465
16619,1712.12,3,922
13665,1711.66,3,1652
16062,1709.8299999999995,4,1235
16771,1706.99,5,821
14988,1704.11,6,1119
15971,1702.9800000000002,6,534
15625,1702.1399999999999,5,1832
15911,1700.2399999999998,8,810
17588,1699.35,4,703
18077,1699.25,8,1352
12727,1698.83,3,734
12932,1698.56,8,1609
17961,1697.8500000000004,62,976
12500,1697.3899999999999,8,699
14409,1696.64,5,1171
17320,1695.15,4,758
12813,1687.8000000000002,3,1141
15215,1687.4899999999998,4,551
16326,1682.0299999999997,10,401
16241,1680.2000000000007,4,912
17470,1679.8,7,1168
12870,1676.9500000000003,3,906
14831,1676.5700000000002,3,885
14004,1675.81,4,757
14673,1674.4099999999999,3,1031
12649,1671.1399999999999,5,1373
14653,1666.4100000000003,5,1024
16329,1664.9199999999998,4,797
16470,1664.0799999999995,7,813
13092,1662.4499999999998,7,385
13561,1661.54,10,1042
14177,1660.23,9,839
13117,1658.8999999999999,12,1122
16120,1658.3700000000008,2,1283
15456,1656.93,7,2094
14421,1656.2599999999995,4,977
16611,1655.6400000000003,5,827
13330,1655.1699999999996,3,1200
12854,1654.72,4,1004
13911,1654.08,11,1756
12873,1653.3000000000004,2,658
12911,1651.7199999999998,1,807
14963,1651.2299999999998,7,1128
12701,1648.7,4,1049
14481,1648.18,3,1079
13397,1647.7400000000002,5,906
14515,1647.1700000000003,6,783
13192,1646.64,4,1034
13503,1642.3899999999999,5,857
13643,1637.33,7,629
16081,1637.1399999999999,4,757
17165,1635.64,5,688
15550,1635.4199999999998,8,844
15310,1634.64,1,1476
14562,1631.3799999999999,8,759
16555,1629.79,4,1641
13554,1629.3499999999997,7,579
14215,1626.6100000000001,4,927
13692,1626.0799999999997,2,875
13154,1624.8400000000001,3,976
17954,1618.9299999999994,9,1021
18220,1616.48,5,1064
13824,1615.82,7,674
17422,1615.3899999999999,5,1285
14896,1614.45,7,836
14934,1612.56,3,1058
15013,1610.8200000000004,10,1715
15789,1610.71,5,2061
16860,1610.6199999999997,3,625
17814,1609.3699999999997,2,1435
15810,1607.06,4,792
14467,1606.98,8,911
17460,1605.8400000000004,12,744
15607,1604.21,8,1268
14195,1603.6000000000001,4,1384
15062,1597.76,4,1109
16634,1596.7099999999998,5,1239
17853,1596.29,3,625
17994,1595.1400000000003,7,1686
17028,1593.8300000000002,3,856
12937,1593.3400000000004,5,976
14396,1591.7399999999998,6,773
16057,1591.7300000000002,3,828
16275,1591.24,2,932
12360,1590.83,5,1294
13156,1586.54,3,914
17679,1585.5,5,1026
14327,1583.28,5,1157
17905,1580.3799999999999,10,964
13202,1580.2999999999997,7,572
16620,1579.97,4,1058
12424,1579.0700000000006,2,1285
12549,1575.6799999999998,6,1366
13337,1575.26,1,980
15288,1574.5100000000002,6,627
13889,1574.33,5,833
17921,1574.1299999999997,6,566
14235,1573.1299999999997,4,1055
13198,1572.9900000000002,2,801
17720,1572.97,7,1037
15985,1572.86,5,1664
15885,1572.47,12,511
14136,1570.8099999999997,5,1148
14180,1570.7299999999998,9,159
14608,1567.79,7,490
15681,1563.54,9,576
16012,1563.3000000000006,2,961
14854,1563.03,4,1167
12629,1558.2200000000003,2,722
15752,1557.9599999999996,3,985
15811,1557.3799999999997,2,805
17758,1555.83,4,1145
14449,1555.3999999999999,5,1005
16515,1554.9199999999998,5,747
13360,1553.65,4,942
15747,1553.17,6,878
13377,1552.8800000000003,2,748
17851,1552.3499999999997,6,933
14186,1550.6299999999999,5,1550
13501,1544.7900000000002,2,693
13783,1542.09,4,3437
14640,1541.98,4,765
13711,1540.1999999999998,7,679
15834,1539.2400000000002,3,854
12924,1535.7000000000003,8,942
15798,1535.37,3,915
12916,1534.78,3,598
14695,1534.22,3,661
12798,1533.8899999999996,1,3199
14410,1531.63,2,802
16529,1531.55,3,541
16134,1527.25,3,1266
13632,1526.88,3,602
15434,1525.58,6,776
12926,1523.9699999999993,4,754
16124,1523.49,3,749
13211,1523.35,7,1011
15422,1522.2700000000002,5,672
14967,1518.81,5,512
15841,1518.35,5,1449
14533,1516.65,4,2019
15803,1513.8400000000001,3,740
17610,1511.9399999999998,5,893
14870,1511.7,5,364
12676,1511.6999999999998,5,1197
12598,1511.01,3,942
14038,1509.5,2,743
13874,1508.6999999999998,6,684
17594,1504.6999999999998,2,818
17262,1504.2600000000002,7,342
14915,1503.7700000000002,9,595
14408,1503.2400000000002,4,828
14802,1502.98,2,2
17353,1502.0,2,968
13819,1502.0,3,1200
15860,1498.8000000000004,10,894
15590,1496.6000000000001,5,832
13280,1494.87,4,971
15173,1494.6,7,840
18219,1493.1200000000003,8,768
14256,1491.7300000000005,3,733
16314,1491.3999999999999,3,636
13042,1488.5900000000006,3,812
16265,1488.17,3,568
17147,1485.3600000000001,5,426
16960,1483.8299999999997,5,1188
13871,1482.6,4,696
12826,1481.03,6,937
18230,1480.8600000000001,2,680
14312,1478.7000000000003,5,892
17396,1476.3,7,414
13652,1475.7699999999998,3,992
15678,1473.2400000000002,2,838
17414,1471.52,4,4156
12582,1469.04,2,685
15167,1468.82,4,798
13110,1468.8,5,375
14129,1467.4800000000002,4,822
18268,1464.73,5,709
17050,1462.95,5,837
14682,1462.81,4,869
15030,1461.63,6,853
15081,1460.9199999999998,8,616
16917,1460.3600000000001,1,560
15563,1459.02,3,1504
17180,1452.8,7,1139
12408,1452.22,3,820
13650,1451.66,4,824
13361,1450.5,2,324
15876,1449.14,2,886
17534,1445.4700000000003,4,757
14850,1445.2099999999998,6,1100
14014,1443.0299999999997,2,928
14233,1441.5500000000002,3,581
15704,1441.0400000000002,2,681
12644,1440.5800000000004,3,707
15325,1439.72,7,1151
17597,1439.72,4,1039
13543,1439.6100000000001,2,329
16088,1437.4299999999998,2,373
12805,1434.95,4,593
15793,1433.96,5,1132
12389,1433.3299999999997,3,614
15910,1432.29,7,1145
15572,1431.7799999999997,3,876
16233,1429.0299999999997,7,515
14309,1428.2799999999997,2,950
16520,1427.5699999999997,4,704
17029,1421.3,5,865
18044,1417.0100000000002,8,565
14644,1416.96,5,512
17388,1415.81,7,1487
13895,1415.4500000000003,2,695
17694,1412.85,2,1309
14217,1411.9099999999999,7,567
14000,1410.68,4,1128
16854,1408.9600000000005,2,997
12378,1407.7000000000003,1,787
12877,1406.3700000000001,8,1059
13888,1405.9199999999998,5,541
15611,1405.83,13,243
12726,1405.5,4,1475
14909,1404.6799999999998,3,888
12765,1404.58,6,1009
14404,1404.04,8,806
16461,1402.9099999999999,2,885
17075,1402.5099999999998,6,493
17351,1401.08,9,270
13764,1400.1999999999998,3,1158
15658,1399.3700000000001,4,451
15782,1399.3600000000001,1,980
13813,1398.61,4,740
16650,1397.69,6,1139
16595,1397.5900000000001,4,996
14875,1397.08,1,774
16129,1396.05,3,1261
17603,1393.6599999999999,3,564
13647,1393.56,4,908
16108,1393.4199999999996,3,858
13246,1390.23,5,1209
16755,1389.25,4,927
15326,1388.81,4,965
15141,1388.4700000000003,7,1197
15732,1387.9499999999998,9,1146
14987,1387.4499999999998,7,543
16167,1386.1200000000001,5,1494
15384,1385.38,2,1171
14758,1380.9099999999999,3,421
15751,1380.44,11,443
13074,1378.74,4,826
17676,1378.16,5,1000
14130,1377.8600000000004,3,958
15392,1376.0900000000001,3,867
14152,1376.05,5,1133
15580,1375.3900000000003,8,955
14285,1374.41,4,413
18242,1372.7200000000003,4,1004
14651,1371.77,7,537
14316,1370.34,5,4494
12412,1370.05,3,1168
15795,1369.8600000000001,7,830
12533,1367.89,2,704
17018,1367.6,4,280
16300,1367.3199999999997,3,643
14035,1366.73,4,666
17071,1364.6799999999998,4,737
13477,1364.59,5,1070
17432,1363.23,7,801
17728,1362.75,2,677
15252,1362.6299999999999,3,908
16281,1361.96,2,636
16588,1361.28,4,882
16775,1361.23,6,580
16904,1360.31,7,762
16085,1359.52,7,746
16007,1359.2499999999998,3,1243
17150,1357.95,6,397
16835,1357.56,5,454
12721,1356.9499999999998,2,696
16218,1355.29,7,1149
14905,1355.24,6,722
17235,1354.82,7,747
15649,1354.35,3,293
13753,1353.31,3,938
15370,1352.9600000000003,1,567
12418,1352.6200000000003,3,681
13662,1352.3500000000001,8,636
14301,1352.04,3,1080
13655,1347.54,4,620
15865,1346.2899999999997,2,773
14304,1341.5600000000004,2,636
16600,1339.8899999999999,7,1275
12711,1339.0500000000002,2,770
12516,1336.56,2,1077
16788,1334.54,3,661
16017,1333.7,4,533
14899,1331.3799999999999,1,570
14745,1331.15,7,931
16569,1331.03,4,895
16054,1327.98,3,411
14628,1326.04,3,875
16221,1325.8,7,787
14956,1325.0,1,2500
13705,1323.4700000000003,5,646
12347,1323.3199999999997,2,828
12960,1322.07,4,1379
16625,1320.95,4,893
18276,1320.66,5,1060
13748,1320.1,5,669
17702,1319.6700000000003,2,800
17666,1319.6399999999999,3,956
14597,1318.3899999999999,4,870
12840,1315.2,3,747
16551,1314.9999999999998,4,1106
13946,1314.66,3,2404
16296,1313.67,4,645
17324,1311.64,9,693
13012,1310.9899999999998,3,739
13855,1310.3400000000001,4,575
15272,1309.0100000000002,4,355
18272,1307.4,3,830
16894,1306.9600000000014,3,503
13649,1304.8799999999999,5,710
16833,1302.51,2,438
16010,1302.46,8,717
13276,1300.98,3,679
14710,1300.31,9,760
15189,1298.9900000000002,5,753
16119,1297.4500000000003,6,571
18286,1296.4300000000005,2,608
13440,1295.2500000000005,7,573
14346,1294.1699999999996,3,1273
15241,1293.7200000000003,3,1510
15381,1293.72,3,631
14499,1293.35,4,735
17894,1292.39,11,573
15279,1290.03,4,613
17505,1289.6399999999999,3,686
14679,1289.44,3,794
16608,1286.6200000000001,2,612
12724,1286.11,3,934
17348,1285.6899999999998,4,1368
15489,1285.33,5,656
15058,1285.0399999999997,5,591
17190,1281.8299999999997,5,2057
15889,1279.6,7,735
18188,1279.5499999999997,3,720
14478,1276.66,4,1226
13916,1275.81,4,673
14490,1273.47,2,933
13443,1273.16,6,805
17478,1272.8,2,516
17582,1271.6799999999998,4,480
13196,1271.0600000000002,3,782
17228,1269.8899999999999,7,1033
17220,1269.7599999999998,7,766
15227,1269.09,4,467
15439,1269.05,4,572
15976,1266.7699999999995,4,778
12809,1266.63,2,298
17635,1265.5800000000002,3,770
13239,1265.1299999999999,4,824
16096,1264.3500000000001,3,545
12599,1264.14,6,1233
17046,1264.05,4,1126
13709,1263.6999999999998,5,614
17714,1257.18,4,516
16374,1256.6699999999994,3,534
15452,1256.6300000000003,3,807
14506,1256.6,3,338
14861,1254.94,9,959
13531,1254.7200000000003,5,426
15064,1254.41,4,810
15441,1254.21,3,587
14236,1253.78,4,502
15261,1253.18,3,536
14420,1251.65,3,786
14068,1250.87,3,437
17222,1250.8600000000001,5,735
16716,1248.48,1,792
12666,1248.42,1,370
17095,1248.0900000000001,4,1077
15339,1246.95,5,722
13838,1245.9099999999996,7,520
15551,1243.7499999999998,6,578
12635,1241.2299999999998,2,777
17529,1240.25,2,790
13263,1239.2699999999995,4,604
17259,1239.11,5,712
16174,1237.2,4,780
15410,1234.88,2,702
14006,1234.48,4,1540
13201,1233.06,4,1036
12605,1232.9499999999998,4,929
13740,1232.02,4,562
14868,1230.42,4,825
12784,1230.3300000000004,1,582
14821,1230.15,7,459
13019,1229.9500000000003,6,397
17342,1227.54,4,521
18151,1226.09,4,631
15466,1225.9299999999998,3,695
17977,1223.3100000000002,1,1606
15764,1223.1100000000001,2,895
15861,1222.28,4,1309
16946,1222.04,5,509
17132,1220.91,2,963
14430,1220.9,3,446
16366,1220.8300000000004,3,626
16768,1220.48,6,578
13118,1217.6,4,424
16711,1217.45,4,379
15390,1216.6599999999999,2,894
17870,1213.7999999999997,2,476
14621,1212.21,4,713
15660,1212.13,7,843
15377,1211.75,4,253
17768,1210.83,4,1217
13151,1207.3400000000001,2,450
18171,1206.0,4,510
15990,1205.6399999999999,5,643
15402,1203.7700000000002,4,1340
15164,1203.53,6,561
16891,1202.77,7,473
12742,1201.52,1,1359
16817,1200.1499999999999,5,743
15600,1199.31,4,657
16928,1199.0800000000002,13,588
13410,1198.8999999999999,4,726
17713,1198.09,4,989
16307,1194.92,3,1123
16450,1193.8100000000004,2,481
13293,1192.94,6,555
14213,1192.2,1,244
17797,1191.44,5,588
16501,1191.2300000000018,1,628
14978,1190.82,5,213
14127,1190.37,3,507
14275,1189.38,6,538
18057,1188.4600000000003,3,970
17047,1188.33,3,651
12664,1188.16,2,292
16235,1186.3999999999999,4,458
18060,1185.46,2,902
12562,1185.1799999999998,2,548
16859,1184.6,5,1072
14264,1183.39,4,483
15259,1182.3799999999999,4,631
17021,1182.22,6,992
13526,1182.0,2,1911
13506,1180.6799999999998,4,850
13797,1179.4500000000003,3,573
18025,1177.72,6,1053
17539,1176.84,4,708
14370,1175.7800000000002,6,266
15379,1174.5500000000002,1,695
13880,1171.8899999999999,5,747
15696,1170.11,5,371
14776,1169.9999999999998,4,1524
16926,1169.6100000000001,5,197
13382,1164.5900000000001,4,732
15111,1163.3899999999999,3,454
15347,1162.0,4,542
16434,1161.8899999999999,5,550
12972,1161.2000000000003,4,844
15101,1160.41,4,435
13459,1160.4099999999999,2,986
14189,1160.3099999999997,2,709
17978,1159.9899999999998,4,1297
14400,1157.7700000000002,2,1252
17127,1155.03,5,340
17025,1152.87,4,789
16770,1152.6299999999999,5,652
16934,1152.1100000000001,4,539
17306,1151.04,2,2256
14308,1147.02,2,2
17048,1146.33,4,583
13878,1145.33,3,464
17477,1144.3,2,225
12439,1142.88,2,478
17908,1142.4699999999998,5,670
18036,1142.3700000000001,8,509
17496,1141.8400000000001,3,596
17284,1140.58,2,707
16521,1140.1099999999997,3,1014
16282,1139.2800000000002,2,676
15586,1139.1,3,1338
15879,1137.7999999999997,4,639
16350,1137.4199999999998,5,532
15253,1136.8899999999999,3,722
13523,1136.6399999999999,2,602
15426,1134.8499999999997,5,534
15561,1133.8000000000002,4,1067
13434,1132.6200000000001,3,564
13393,1131.4500000000003,4,662
14623,1130.28,5,607
17622,1130.2099999999998,2,379
16848,1130.2000000000003,3,598
17941,1128.72,3,856
13984,1128.09,8,742
14671,1127.4500000000003,2,571
12503,1126.0,1,561
14917,1123.75,2,891
14692,1123.59,8,625
18066,1122.4000000000003,2,427
16727,1121.4499999999998,3,899
13800,1121.2399999999998,2,560
12388,1120.4500000000003,2,539
14212,1119.6599999999999,1,894
13259,1119.36,8,377
15529,1116.72,2,992
16027,1113.7399999999998,9,952
17642,1112.2,3,1001
14489,1111.55,3,712
16369,1111.1499999999999,4,559
16702,1110.83,4,692
17289,1110.7799999999997,6,724
16654,1110.2,5,421
15559,1109.3999999999996,1,526
15828,1108.8199999999997,1,367
13055,1106.7000000000003,1,927
17090,1105.53,6,441
13414,1103.64,3,1128
16040,1103.35,4,501
17137,1099.81,6,680
12803,1092.81,1,872
17726,1092.06,7,444
17888,1091.4399999999998,17,563
15154,1089.4399999999998,2,244
16223,1087.0499999999997,2,643
14708,1085.91,3,888
14021,1084.6799999999998,4,686
16043,1082.6000000000001,4,508
17227,1081.86,7,1032
14343,1079.6599999999999,4,626
13567,1079.29,4,643
15546,1079.1000000000001,2,198
16239,1078.0,4,464
17002,1077.8199999999997,4,586
17366,1077.24,2,504
14332,1077.2,2,412
13760,1076.85,3,426
13299,1076.1999999999998,2,386
16231,1074.47,4,563
16756,1072.9699999999998,6,601
13579,1072.0,4,588
12801,1071.82,1,505
14080,1070.08,4,220
18277,1069.67,4,381
16777,1069.56,3,408
15652,1068.1999999999998,4,449
18118,1068.0499999999997,4,530
16042,1067.85,3,687
17345,1066.94,6,1667
17343,1066.3,5,398
14524,1066.0299999999997,4,500
14935,1065.1199999999997,1,996
16205,1062.48,3,936
13803,1061.84,2,710
15484,1061.6900000000005,2,924
17421,1059.41,3,807
15506,1058.25,3,795
14984,1058.14,4,290
14306,1058.0800000000002,4,990
16244,1056.6299999999994,1,619
14734,1056.42,4,378
13065,1055.05,5,381
16531,1053.74,4,948
16391,1052.2599999999995,4,715
16725,1052.1399999999999,8,476
16825,1051.71,3,731
17288,1050.7999999999997,4,498
13775,1049.66,1,455
12970,1048.1299999999997,6,686
17474,1047.0,1,200
14229,1046.8400000000001,4,324
13890,1043.57,4,561
16991,1041.2099999999996,1,793
17560,1040.85,4,953
13613,1039.85,5,445
14847,1039.55,2,413
14541,1038.03,6,482
13884,1037.4299999999998,5,452
12486,1037.2800000000002,1,523
13240,1036.21,5,542
17974,1035.1000000000004,3,689
17438,1034.3200000000002,4,450
15149,1033.8100000000002,4,252
16083,1033.8,2,606
12402,1031.3,5,490
17454,1030.4099999999999,6,484
12933,1029.1,5,450
13417,1028.6599999999999,4,370
15887,1027.15,3,605
15003,1027.03,6,525
17126,1026.98,4,646
12908,1026.0,3,1800
17310,1025.1,2,402
17567,1024.55,2,520
14912,1021.3999999999999,4,848
13610,1021.38,7,381
16568,1020.9000000000001,2,366
14480,1020.47,3,527
18074,1019.4399999999999,2,361
18106,1019.1599999999997,5,380
14631,1018.71,3,785
12905,1018.4200000000002,2,532
15774,1017.5399999999998,5,378
16787,1017.5299999999999,4,472
13641,1016.47,5,1098
13333,1015.7400000000001,3,685
18252,1015.42,5,698
12875,1013.76,3,3168
13375,1013.5799999999999,1,682
17655,1013.5400000000001,3,426
17236,1013.13,6,330
17004,1012.22,2,462
17540,1011.7000000000002,4,394
13039,1010.7299999999998,4,290
17321,1008.05,4,426
16979,1007.74,3,586
15771,1006.5400000000001,3,512
17341,1006.5299999999999,3,634
16527,1004.8800000000001,1,602
16435,1003.0699999999997,3,608
15373,1002.9300000000001,6,268
13462,1002.3500000000001,4,635
16807,1002.2899999999998,3,655
13857,1001.01,6,782
14255,1000.63,1,1
17984,999.51,4,841
17878,999.48,2,613
16586,998.8299999999999,2,253
13965,996.61,3,425
14829,995.29,4,695
16699,994.6000000000001,7,640
13723,994.2300000000001,5,550
13821,993.4399999999998,4,324
14693,992.46,6,354
13939,992.4100000000001,4,761
15186,991.7899999999998,3,501
12577,990.4999999999998,5,722
13559,990.0,2,360
15176,988.0400000000003,1,448
16130,987.48,4,296
14585,986.2200000000001,4,539
14643,986.08,3,562
12862,984.6200000000001,2,611
14276,982.9399999999999,4,662
14479,982.8599999999998,3,503
14538,982.59,3,129
16016,980.9099999999999,4,417
17695,980.7,3,1030
12543,980.2500000000002,1,688
14510,979.8499999999999,3,793
14230,979.8,3,246
15882,979.62,6,538
17369,979.1999999999999,1,1152
14114,977.5600000000001,5,549
14454,977.3,5,400
13591,976.81,4,365
13919,975.8700000000001,2,659
18071,975.6300000000001,5,587
17456,975.56,2,508
16214,975.5000000000002,1,888
17290,974.95,6,742
12525,973.7299999999998,3,509
12694,973.6800000000003,1,846
13497,972.2800000000001,5,416
17268,970.25,7,551
17531,970.12,2,336
15708,969.1899999999998,3,369
16254,967.4400000000002,3,543
13204,966.66,1,428
14443,966.2700000000001,2,582
16471,966.03,3,529
15084,965.2,2,600
12425,964.2100000000002,1,651
18193,963.5900000000001,2,802
17515,963.49,5,284
15468,962.9700000000001,1,1245
15906,962.4999999999999,3,205
16340,961.9299999999998,2,833
15268,961.9,3,428
13587,961.1,3,484
14553,959.3299999999997,4,625
14715,958.0699999999999,4,509
12675,957.2500000000002,2,336
18085,955.8000000000002,3,320
12505,955.2,1,324
15430,954.75,2,309
15822,954.59,4,575
12778,953.4499999999999,3,910
14615,951.76,5,495
16292,951.51,4,497
12767,949.8199999999999,1,598
15177,948.9299999999998,1,485
12874,948.4200000000001,2,623
17585,948.0299999999997,3,860
16889,947.98,3,686
17950,947.26,6,479
16359,946.8299999999999,7,581
14994,946.7199999999998,5,568
13778,945.7900000000001,3,441
17544,944.82,3,410
15826,943.9700000000004,1,861
16199,942.75,7,321
18149,941.8800000000001,4,559
14512,940.69,5,614
13539,938.0200000000002,4,390
15192,937.0699999999999,3,726
17020,935.6199999999999,2,860
16372,934.5799999999997,3,564
14544,934.23,1,876
15117,934.19,3,1145
15792,933.8399999999999,2,606
13863,933.77,3,329
16661,932.7599999999998,4,364
12396,931.4300000000006,1,591
13465,931.1199999999999,2,584
14723,927.89,7,609
13288,927.61,5,379
16975,926.1200000000001,3,586
12745,925.4099999999999,3,468
14573,925.2999999999997,5,275
12909,924.52,3,668
17862,923.9899999999998,3,340
15734,923.8500000000001,2,170
15579,923.0299999999997,3,596
17322,922.5899999999999,5,631
14605,921.56,4,416
16915,921.5000000000001,5,58
17363,920.4599999999998,3,499
12998,920.0800000000002,3,1124
14568,919.7000000000003,1,645
13872,919.57,3,339
12368,917.6999999999999,1,330
13304,917.57,3,478
14061,917.4300000000001,3,133
14379,917.0599999999998,2,420
12553,916.47,2,360
14839,915.28,3,927
14665,913.9500000000002,2,404
18241,913.9,4,420
13402,913.8999999999999,3,628
13300,913.6199999999999,2,252
15807,913.6199999999999,2,1102
13787,913.46,4,661
18236,913.1100000000001,6,293
17871,913.05,4,483
18062,912.1500000000001,3,435
16138,910.3499999999999,3,774
14754,909.88,4,524
14199,906.3,3,226
14969,906.23,1,665
15661,906.1499999999999,6,543
16774,905.96,4,452
16987,904.5999999999999,4,270
17578,903.8700000000001,6,391
14414,902.3499999999999,1,365
14853,901.0699999999999,3,263
13295,900.77,3,651
16895,900.6300000000001,4,330
14427,900.1799999999998,2,310
15710,898.8700000000005,1,641
13249,897.52,6,700
14619,896.8,1,442
17990,896.7700000000001,3,363
16266,896.0600000000001,7,393
13996,895.76,2,613
18022,894.5299999999997,4,608
13278,893.1200000000001,3,821
16115,892.92,4,595
16358,892.1500000000001,1,763
14065,891.0200000000001,3,582
15824,890.9399999999999,2,478
15140,889.44,1,438
14813,888.9099999999996,4,392
12591,886.1,2,425
16623,885.79,3,403
16228,885.71,3,555
13124,885.33,1,619
17101,885.32,3,360
14609,884.64,6,5694
16159,884.59,3,399
12997,884.02,4,522
14220,882.6,2,196
18141,882.4699999999999,2,433
16830,881.5900000000001,3,435
13761,881.52,4,437
14966,881.24,5,881
17143,880.9699999999999,2,314
14700,880.96,2,292
16677,880.6200000000001,2,457
17368,879.4199999999998,6,942
14612,877.6999999999998,1,134
13782,877.22,7,274
16256,876.9399999999999,2,1009
13768,875.97,2,373
18177,875.45,3,529
14204,874.22,3,397
14437,873.34,5,420
13395,872.5099999999998,2,1324
15886,871.78,3,520
14375,871.2599999999998,2,463
17244,871.1399999999999,4,803
13900,869.6400000000001,3,508
14320,868.96,3,388
14198,868.3299999999999,5,333
15664,867.5999999999999,3,373
17167,867.1100000000001,3,429
17966,865.4899999999999,5,1347
16287,864.48,4,1128
12791,863.5100000000001,6,353
14901,860.1100000000001,5,387
14372,860.0799999999999,2,378
13891,859.2099999999999,3,476
12440,859.2000000000003,2,331
17043,858.47,4,618
14206,856.8500000000001,2,654
16794,856.1999999999999,5,653
17161,856.0100000000001,1,537
15542,855.7099999999999,3,418
15992,854.61,2,497
14389,854.55,3,659
13945,854.15,2,413
12399,853.6499999999999,3,1020
17006,853.4899999999999,4,300
17201,853.3199999999998,3,773
14686,852.5300000000001,5,457
12696,851.91,2,564
16906,851.3299999999998,3,327
16317,850.8600000000001,2,346
16574,850.3399999999999,2,586
13897,849.56,2,620
15784,848.3299999999999,2,381
14202,847.76,3,166
12693,847.1099999999999,3,281
18136,847.0300000000003,2,481
13970,846.55,2,469
15210,845.0099999999998,2,613
12993,844.8699999999999,4,511
14922,843.74,2,376
14265,843.17,2,385
17638,842.4,2,432
16511,842.1599999999999,3,364
16099,841.2999999999998,4,526
16798,841.1599999999996,3,205
14355,840.05,3,617
18247,839.73,3,335
17332,838.27,5,794
15471,837.5299999999999,2,414
14894,837.0600000000001,2,338
17382,836.8799999999999,7,432
13795,836.3000000000001,4,1250
13386,835.46,2,514
17659,835.3299999999999,3,291
15190,834.4399999999999,1,790
13976,834.3800000000001,3,298
12903,833.5300000000001,1,493
14885,832.8,2,584
17429,832.5400000000001,2,662
16140,832.4200000000001,2,646
14224,831.98,5,343
13566,831.7599999999999,3,690
13175,831.4499999999999,2,423
17671,830.6300000000001,2,405
12458,830.0900000000001,2,480
12730,829.2500000000001,1,234
15617,828.5500000000002,3,485
17003,828.2099999999998,4,494
15021,826.91,4,350
12576,826.89,3,527
12639,826.27,2,430
12695,825.0199999999999,3,234
15133,824.48,2,280
14260,824.2799999999999,3,544
16264,823.53,2,616
15137,823.4,2,596
13476,823.0,3,296
18181,821.49,4,377
16246,821.35,2,336
17683,819.01,3,781
16048,818.79,4,425
13612,818.29,1,444
15074,817.46,2,608
16430,817.0899999999999,6,204
15180,816.9300000000001,3,654
12393,816.8499999999999,2,495
14872,816.5999999999999,3,662
15269,816.56,2,346
13294,815.7899999999998,1,543
14556,815.6899999999997,3,323
17790,815.1099999999999,6,552
16809,812.7400000000001,4,441
12915,811.0999999999999,3,359
15912,810.08,7,574
18096,808.81,3,621
17239,806.9499999999999,3,365
13223,805.9200000000001,4,480
17866,805.3,2,361
13145,805.0,4,121
12632,804.8800000000001,2,694
16491,801.6600000000001,1,582
17023,800.18,3,530
13041,799.13,4,335
12842,799.0,2,340
16175,798.8500000000001,3,399
17135,798.03,4,684
15309,797.96,4,440
15197,797.9000000000001,3,589
17281,797.8499999999999,6,295
16155,796.9,5,495
15105,795.9800000000001,2,536
17179,795.47,3,335
14055,795.32,2,504
12648,793.95,3,358
17746,793.9300000000001,3,659
14075,792.61,3,740
16955,790.74,4,557
13140,790.7099999999999,3,461
16472,789.5999999999999,2,252
14618,788.8799999999999,4,440
17952,788.46,4,477
12785,788.45,2,322
16387,788.1,4,404
15254,787.99,2,436
13770,785.3699999999999,4,468
13541,785.25,2,279
16784,784.7299999999999,4,470
13595,784.48,3,341
13415,784.1699999999998,4,496
12761,782.95,2,281
17609,782.1199999999999,6,602
13287,781.59,3,429
16493,780.46,3,824
16958,778.4899999999999,1,514
13155,778.4199999999998,3,412
16049,777.3399999999999,3,369
15794,777.0,2,288
17482,775.6400000000001,2,240
15574,774.8399999999999,3,577
12370,774.62,3,252
16384,774.45,2,601
14522,773.88,4,431
14687,773.6800000000001,2,380
16861,772.83,3,476
15850,771.8700000000001,4,1036
18196,770.5600000000003,2,607
14226,770.3399999999998,1,418
16092,770.0799999999999,3,560
17801,770.03,3,820
14838,769.92,2,361
16676,769.78,2,291
12449,768.6,2,729
17356,768.2499999999999,4,759
12379,767.98,2,408
15331,767.9099999999999,3,701
17545,767.5400000000002,3,345
14820,767.4699999999999,5,471
17987,766.8699999999999,4,720
16386,765.59,1,495
12847,765.3599999999999,1,624
12670,764.2399999999999,2,230
12423,763.0799999999999,2,454
12373,763.05,2,319
12426,762.4800000000002,1,326
15994,761.41,2,289
14565,760.0999999999999,1,400
13989,759.98,3,894
13023,759.1300000000003,1,299
14947,758.97,4,237
15809,758.6700000000001,2,399
13208,758.6499999999999,3,540
15908,758.62,2,173
13026,757.72,4,846
17854,757.24,4,523
14326,757.1299999999999,2,469
16769,755.51,3,215
16262,755.1500000000002,1,446
13370,754.8700000000003,1,343
18179,754.3799999999999,2,451
13856,753.53,8,611
12987,753.51,3,366
13049,751.5600000000001,2,352
16071,750.5599999999998,3,517
16638,749.81,6,396
14484,749.0600000000001,3,534
16972,748.9999999999998,2,183
13108,748.46,2,745
17492,747.8499999999999,2,295
13614,747.2799999999999,2,257
14942,746.56,4,354
16465,746.2399999999999,2,504
16451,746.18,2,404
14714,746.05,3,413
14228,745.5000000000001,3,260
16172,744.3399999999999,3,632
12588,743.8799999999999,3,385
15420,743.0,6,844
14302,742.9000000000001,3,298
18275,741.8500000000001,2,417
17734,741.69,3,319
16344,741.32,3,688
16593,741.1100000000001,5,261
13589,741.0900000000001,4,179
17764,741.02,3,323
13713,740.76,3,284
13727,740.6699999999998,6,206
15723,740.0000000000001,3,354
17525,739.1999999999999,2,256
16183,739.1,3,238
15605,738.57,5,271
15070,737.0500000000002,3,347
16075,736.93,2,271
17787,736.2799999999999,1,356
13286,734.9100000000001,1,274
13617,734.5699999999999,5,293
12537,732.9399999999998,1,449
15266,732.91,4,218
17633,732.55,3,255
18116,731.3800000000001,5,430
13363,731.3600000000001,1,436
16496,731.25,3,653
17681,731.2,5,450
13921,730.7,4,210
14248,730.37,2,590
18163,728.84,1,452
17756,728.75,3,399
12786,728.4999999999999,1,324
17547,727.8499999999999,2,223
17141,727.5799999999999,4,423
14871,726.8900000000001,5,267
17530,725.2099999999998,3,421
17624,725.1499999999999,2,404
18187,724.8900000000003,1,310
13729,724.73,3,419
16354,723.6600000000001,3,442
12703,722.9799999999998,3,431
13264,722.56,1,375
16907,722.05,5,232
13937,721.2800000000003,1,464
15695,721.0600000000001,2,272
15636,719.8199999999999,2,276
17499,718.51,1,375
15157,718.0400000000002,2,1074
13537,717.85,2,337
13604,717.6199999999999,1,242
16269,717.5700000000004,1,579
17860,717.39,4,696
14315,716.69,2,323
15777,715.5,3,221
15845,714.51,3,202
14026,713.1099999999999,2,427
17158,713.03,2,369
16227,712.9999999999998,2,346
16468,712.6199999999999,2,340
17362,711.81,5,358
14167,711.7,4,193
14474,711.2300000000001,1,308
15322,711.18,1,555
17649,710.4000000000001,2,324
13057,709.59,3,456
12485,708.0999999999999,1,414
14398,707.7900000000002,2,267
13466,705.45,4,401
16726,705.1399999999999,2,378
13296,705.11,5,575
14584,705.1,4,579
18084,704.75,2,443
14284,704.3999999999999,1,349
17886,703.27,3,242
15970,703.2199999999998,1,382
14902,702.9599999999999,2,498
13439,702.9000000000001,2,710
17825,701.96,4,516
16693,701.62,3,455
14324,701.6100000000001,2,402
13656,699.2,2,372
17142,696.2500000000001,3,241
15995,694.5400000000003,1,352
13922,692.9499999999999,2,374
15608,692.3,1,548
14551,691.86,5,380
14890,691.6000000000001,2,585
16658,690.83,6,277
15235,690.3,6,411
14037,689.7500000000001,4,544
17834,689.6700000000001,2,639
15814,689.11,2,457
14350,689.1,2,360
14696,688.9499999999999,2,521
14321,687.3100000000001,2,869
14809,686.76,2,232
14953,685.6500000000001,3,790
13585,684.54,3,1386
15207,683.9199999999998,3,428
13987,682.5400000000001,2,492
16407,681.97,4,355
13134,681.6500000000001,2,305
18271,680.8499999999999,2,319
15973,680.6199999999999,3,195
13029,679.8,2,60
14151,679.45,2,405
17237,679.44,2,309
13320,679.4,2,423
17782,679.02,2,538
16646,678.7999999999998,1,1072
14182,678.77,4,174
16903,678.55,2,470
13814,678.1999999999999,1,350
15363,678.11,2,383
17349,674.1599999999999,4,670
16614,673.6000000000001,2,126
14583,673.3299999999999,3,320
16411,673.24,3,399
14142,671.34,2,518
14139,670.98,3,539
17080,669.9099999999999,5,403
15428,668.97,3,245
12866,668.23,2,382
16996,666.6499999999999,3,375
14932,666.13,2,257
15356,664.6599999999999,4,324
16132,664.2,2,280
16704,664.16,2,433
13583,664.001,1,372
13514,663.7,3,248
16679,663.31,3,247
13864,662.4000000000001,1,192
16862,662.33,4,513
15223,662.2,3,172
14425,661.3900000000001,3,325
17796,661.0399999999998,4,199
17081,660.4799999999999,4,304
15097,660.2700000000002,2,254
14477,660.0,3,400
15393,659.48,3,228
17463,659.3999999999996,2,394
14460,659.16,6,998
13622,658.95,1,379
13433,658.3199999999999,4,190
17490,658.18,2,397
15715,658.02,5,246
14412,656.1599999999996,1,642
14558,655.5,3,162
13285,655.47,2,406
16723,654.96,2,560
16037,654.3199999999999,2,338
15713,654.09,3,360
15289,653.31,2,619
13820,652.75,3,285
15549,652.7,5,242
14423,651.41,2,299
13840,651.4000000000003,1,358
13781,650.99,2,270
15303,650.1599999999999,2,266
13873,649.32,5,332
15677,648.3999999999999,2,356
17411,646.4399999999999,2,302
15945,646.2700000000001,4,345
17062,645.81,4,472
17513,645.6,2,186
14450,645.1899999999999,4,281
17380,645.0,3,252
17323,644.52,5,666
14413,643.4699999999999,3,210
17963,643.1600000000001,4,341
13237,642.9999999999999,1,128
17221,642.14,3,426
17629,641.4000000000001,2,274
13405,641.36,3,690
16884,641.1299999999999,2,200
17155,640.76,5,745
14563,640.5399999999997,2,279
14078,640.3400000000001,4,305
12880,640.13,2,279
12868,640.0,3,354
15183,639.9300000000001,3,297
15639,639.76,2,526
15114,639.56,2,436
17998,639.24,3,561
17172,638.8100000000001,2,735
16692,638.6999999999999,2,726
16428,638.4899999999998,3,575
17926,638.2,3,266
12699,638.1100000000001,1,373
14087,637.9999999999999,2,468
16441,637.93,3,305
16680,637.75,2,283
13435,637.4399999999998,2,625
12580,637.2,1,331
16534,635.9000000000002,1,168
13243,635.2600000000001,4,322
14662,635.0599999999997,3,329
14365,634.6800000000002,2,557
13892,634.6800000000001,2,2142
14794,633.99,3,110
17604,633.02,4,445
15666,632.94,2,469
12457,632.68,1,251
13540,632.3900000000001,3,189
16377,632.28,1,1428
17360,632.27,3,296
17123,631.87,2,430
17760,631.3399999999999,5,457
17038,630.7700000000001,1,507
16805,630.75,3,581
14920,629.4000000000001,1,377
16931,629.3999999999999,3,305
16198,629.3600000000001,1,255
14283,628.4399999999999,4,550
16158,628.32,9,182
16952,628.22,3,251
16846,628.0899999999999,2,382
17548,627.96,3,436
13480,627.8199999999999,2,362
17951,627.5400000000001,2,282
12494,626.77,3,281
15385,625.2,2,267
14549,624.3599999999999,3,258
13776,623.98,2,2
17282,623.0799999999999,2,466
16781,622.9999999999999,2,192
12575,622.8199999999999,2,315
14115,622.6700000000001,2,509
17005,622.36,2,691
16712,621.56,2,344
15068,621.54,2,468
14169,621.5100000000001,2,205
14924,620.96,2,248
17708,620.85,2,297
15107,620.85,4,187
13836,620.37,2,273
15247,620.06,2,354
12673,619.5000000000001,1,349
13513,619.49,2,255
18283,619.3700000000001,6,322
13444,619.08,2,331
13020,618.96,2,278
15025,617.8299999999999,1,319
14455,617.72,4,706
15956,617.5999999999999,2,278
17464,617.1800000000001,2,388
15996,617.0699999999999,2,358
14247,616.7900000000001,4,331
17205,615.27,2,1330
16844,614.3400000000001,2,281
13573,614.2700000000001,4,345
15797,613.6800000000001,2,408
16345,613.3300000000002,1,323
15362,613.0799999999999,2,368
12855,612.8400000000003,4,240
14929,612.8100000000001,1,351
15651,612.76,2,392
17350,612.3810000000001,3,408
16660,611.9000000000001,3,420
14013,611.55,2,313
16922,611.0800000000008,1,281
17193,610.74,2,414
13104,610.62,3,330
15243,610.6000000000001,1,358
13988,609.8399999999999,2,341
16675,608.86,2,296
15587,608.4000000000001,3,216
13627,607.4300000000001,2,363
17473,607.0,2,270
15201,606.4100000000001,2,450
14020,606.21,2,207
16590,605.9,2,240
16720,605.79,2,280
15730,605.7,2,372
14904,605.0500000000002,2,537
14611,604.3299999999999,2,582
18058,603.9,2,306
13359,603.75,1,220
16212,603.37,2,327
18264,603.25,1,241
14657,601.97,2,413
13598,601.92,4,341
17270,601.45,2,420
14254,601.03,1,263
17745,600.34,2,164
17869,599.78,3,447
16565,599.35,3,165
12923,597.6,2,162
15573,597.23,3,415
14725,597.1600000000001,3,747
15631,596.6700000000001,1,525
13602,596.2800000000001,3,271
17176,596.19,2,406
17845,596.09,4,195
17209,595.7,3,723
16121,595.38,3,303
14771,594.62,2,622
13101,594.21,3,365
15929,594.0,1,120
14746,593.5,4,398
14699,593.4699999999999,3,407
15483,592.56,6,614
13472,592.24,2,310
17815,591.96,1,612
17156,591.8700000000001,1,391
12403,591.6600000000001,1,164
17098,591.0699999999999,3,125
18079,590.78,1,1383
17968,590.4399999999999,4,352
13270,590.0,1,200
18173,589.52,1,510
18239,588.7499999999999,2,257
15416,588.5,3,330
14624,588.22,4,483
15191,588.05,3,287
14550,587.69,2,382
14729,586.24,3,372
15400,586.0999999999999,3,272
12800,584.25,3,284
17041,583.71,3,376
15478,583.56,1,319
16001,583.39,1,337
16100,582.6400000000001,1,438
16802,582.6099999999999,2,369
17099,582.1700000000001,1,317
15988,582.1099999999999,2,296
12514,580.08,1,400
15026,579.89,2,370
14742,579.8499999999997,1,374
15038,579.67,4,212
15588,579.6,1,96
14382,578.1400000000001,1,436
15759,577.8900000000001,4,463
18108,577.8100000000002,2,177
17773,575.37,2,254
12859,575.0999999999999,1,292
15637,574.23,4,523
17924,574.2,2,108
13424,572.7699999999999,1,529
13804,572.7299999999999,2,335
13179,572.3100000000001,1,368
14893,571.76,1,248
13233,571.3399999999999,2,600
16838,570.76,2,324
13190,570.6600000000001,3,308
14170,570.1800000000003,3,270
17189,569.8800000000001,3,375
15169,569.22,2,356
13406,568.92,2,292
13980,568.6800000000001,4,291
18244,568.64,2,856
18135,567.71,5,404
17212,567.5600000000001,2,580
15627,566.9,2,344
15076,566.8899999999999,2,295
13998,566.7,3,204
15091,565.9,2,236
17555,565.4299999999998,3,391
17962,564.55,3,506
17665,563.1,1,690
14986,563.1,2,338
13936,563.08,2,331
17195,562.9799999999998,1,486
17664,561.59,2,454
13064,561.25,2,154
17159,560.7099999999999,2,237
16306,560.55,2,255
16961,560.3899999999999,2,357
17413,560.14,2,302
13245,558.72,1,246
13832,557.6899999999998,1,392
12573,556.87,4,395
13024,555.8700000000001,2,181
16668,555.6999999999999,7,455
14508,554.87,3,218
17521,554.8500000000001,2,287
15102,554.6699999999998,2,339
15650,553.88,2,210
15948,553.8499999999999,1,285
14157,553.8,3,250
17407,552.8999999999999,1,426
17016,552.4,1,309
14891,552.35,2,283
12797,552.0799999999999,2,215
16278,551.46,2,228
13677,551.24,2,217
14798,550.57,5,451
13479,550.42,2,582
17194,549.8799999999999,1,301
16367,549.8100000000001,1,460
16111,549.33,1,233
15900,549.2900000000001,3,440
15224,549.28,3,291
15055,549.1199999999999,3,225
15200,549.0499999999998,1,195
15842,548.8,2,296
16947,548.7300000000001,4,343
14447,548.5,1,342
18039,548.2200000000001,4,555
15350,547.5999999999999,2,272
15584,547.3399999999998,2,170
18035,546.34,2,550
15080,546.25,2,287
12990,546.0,4,280
17889,545.05,5,326
15728,544.6,2,132
18207,544.4699999999999,1,325
14219,543.8900000000001,2,285
16211,543.5699999999999,2,365
17852,543.47,3,319
15959,542.8899999999999,3,269
13785,542.49,4,151
16060,541.9499999999999,3,243
15535,541.47,2,179
13168,541.1400000000001,1,228
16576,540.87,2,323
12819,540.5200000000001,1,344
17935,540.35,5,162
12507,539.2499999999999,1,362
16392,538.81,2,403
13961,538.4000000000001,1,226
17561,537.9000000000001,3,237
13712,537.5800000000002,1,776
15799,537.2,1,386
15562,536.8799999999999,2,521
18140,536.4099999999999,1,395
17919,536.2799999999999,1,696
14805,536.1500000000001,3,302
16916,536.04,3,320
15890,535.65,5,119
12810,534.9900000000001,2,389
16204,534.53,2,453
16785,533.7800000000001,1,313
17709,533.5600000000001,4,278
16707,533.4100000000001,4,396
18154,533.41,3,371
16872,533.11,3,479
16810,532.5,1,258
14940,531.49,2,384
17034,530.9000000000001,2,284
16935,530.8599999999999,3,273
16836,530.5,2,374
13898,530.47,1,411
15800,530.1799999999998,5,243
13684,529.75,3,196
12734,529.25,2,177
17251,529.1500000000001,2,269
12837,528.56,1,170
18098,527.9399999999998,1,215
14104,527.3199999999999,3,424
15646,526.9699999999999,3,657
13106,526.96,1,213
16421,526.27,3,123
12817,524.94,2,166
18006,524.83,3,175
13809,524.65,2,252
14417,524.6499999999999,1,543
13070,522.9,3,262
13605,522.67,2,425
15028,521.78,3,333
17198,521.66,2,242
16203,521.64,3,345
17373,520.5799999999999,3,330
17591,519.9499999999998,2,152
13977,519.81,1,303
12777,519.4499999999999,1,458
12811,519.05,2,205
12825,518.63,2,139
15152,518.1400000000001,1,290
12979,517.7000000000002,1,520
17397,516.87,1,441
13220,516.8000000000001,1,200
14429,516.28,1,286
15766,516.0,2,164
18243,515.7800000000001,1,221
14949,515.0,4,250
13544,514.14,4,219
16792,513.0799999999999,3,280
17325,512.77,2,405
15181,510.72,2,144
13367,510.2,1,253
15110,509.75,2,91
12891,509.5,8,1375
14008,509.03999999999996,1,326
18001,509.01,4,512
12907,508.9099999999999,2,177
13388,508.55000000000007,1,419
15396,508.20000000000005,1,156
14738,507.45000000000005,2,156
13123,506.74999999999994,2,268
17639,506.66999999999985,5,527
15870,506.0199999999999,3,171
13094,505.8,2,372
16419,504.9899999999999,2,273
13255,504.94999999999993,2,340
13138,504.8500000000001,2,245
14577,504.44000000000005,3,216
14807,504.14,2,234
13045,503.64,2,184
12376,503.15,2,240
12419,503.01,2,231
15138,502.5199999999999,1,300
17276,502.4899999999999,1,187
15462,502.44999999999993,1,323
17226,501.97999999999996,2,447
18049,500.91999999999996,2,402
12366,500.24,1,296
17358,500.1999999999998,3,240
13553,499.59999999999974,1,201
12953,498.9599999999999,1,280
14656,498.95000000000005,3,189
16222,498.5,1,138
15109,498.15,2,127
13368,498.1,2,279
13569,497.74000000000007,3,232
13000,497.65000000000015,1,169
14741,497.25,2,279
17335,497.03999999999996,2,210
12943,496.5,2,222
16415,496.49,2,330
17572,496.26000000000005,7,256
16898,496.26,3,377
15278,496.15999999999997,4,458
16977,496.0,4,142
14818,495.76,3,219
16863,495.72,2,336
14319,494.8499999999999,1,329
15314,492.4799999999999,2,437
15957,492.3600000000001,2,242
14310,492.1,1,230
17269,491.8099999999999,1,314
15276,491.16999999999973,3,256
14663,490.6,2,397
16639,490.47,1,241
12450,490.32000000000005,3,314
17255,490.22,2,356
12983,490.08,1,638
12634,490.0,2,337
17476,489.86,2,224
17691,489.65,3,239
17616,489.59999999999997,2,192
13502,488.5,2,226
15599,488.3199999999999,1,380
17045,488.24,2,188
12355,488.2099999999999,1,303
15165,487.75,1,160
16298,487.49999999999994,4,110
13412,487.34999999999997,1,176
13733,487.03,2,335
16021,487.02999999999986,2,276
13005,485.98,2,290
14834,485.85999999999996,1,138
17420,485.6,4,234
16834,485.5,1,402
12443,485.31000000000006,1,182
14272,482.85,2,498
16943,482.76,2,2
17996,482.3299999999999,3,587
12542,481.87999999999994,2,522
17106,481.57999999999987,1,153
18218,479.92,2,492
13745,477.3200000000001,1,650
13484,476.91999999999996,2,180
18016,476.9000000000001,2,180
14788,476.87999999999994,1,298
16139,475.74000000000007,2,272
17329,475.42,3,288
16518,475.05,2,197
12977,474.64,3,116
14322,474.1,4,158
17104,474.03000000000003,1,149
16385,473.69000000000005,3,285
16034,473.62,3,343
15071,473.48999999999995,2,147
16635,472.99999999999994,1,277
12793,471.85,2,231
14600,471.84,1,362
16447,471.18999999999994,2,94
14237,471.1400000000001,2,238
13959,470.7299999999999,3,339
17631,470.15999999999997,4,257
17430,469.40999999999997,3,325
14058,469.18999999999994,2,211
14369,469.12999999999994,2,255
17731,468.88,2,214
15387,468.6499999999998,1,335
12554,468.49999999999994,1,240
17294,467.79,2,297
16390,467.5,3,122
12958,467.3399999999999,2,118
13601,466.67,2,409
14126,466.32999999999987,1,379
16887,465.84000000000003,2,267
13103,465.69999999999993,2,344
17051,465.5999999999999,3,328
15748,465.45000000000005,2,211
17958,465.4199999999999,1,200
17274,465.40000000000003,1,194
15406,465.1599999999998,2,293
13546,465.15,2,230
18083,463.5299999999999,1,268
16739,463.42999999999995,1,219
14627,462.75,1,284
13512,462.18000000000006,3,276
13624,462.0800000000001,1,820
18284,461.68000000000006,1,494
18190,461.1600000000001,3,350
15969,460.94999999999993,2,99
16110,460.6399999999998,1,160
16310,460.08,2,270
13166,458.7300000000001,1,306
14118,458.45,1,97
14958,458.26000000000005,3,120
13957,458.25,3,157
17849,457.96000000000004,4,110
14599,457.89,2,292
14011,457.81999999999994,2,644
16069,457.7000000000001,1,138
16412,457.20000000000005,4,225
17707,456.90000000000003,6,402
15717,456.70000000000005,4,154
14296,456.4000000000001,2,314
16039,456.4,2,409
17298,455.84,3,465
13699,455.57,1,153
15264,454.66,1,178
17067,454.53999999999996,3,322
12459,454.3599999999999,1,258
15714,453.93,3,175
16014,453.45,2,204
16481,453.38,1,201
16799,452.77999999999986,2,162
15921,452.23,3,173
12492,452.0000000000001,1,252
13698,451.73,2,227
18100,451.56,1,440
18031,451.2999999999999,1,298
15961,451.28999999999996,1,154
15016,450.8500000000001,4,167
16870,450.1600000000001,1,278
13150,449.96999999999997,3,171
13626,449.80999999999995,1,189
15126,449.48999999999995,2,273
15418,449.42,2,264
17823,449.2500000000001,2,252
18201,447.53,1,191
13784,447.43999999999994,3,334
16095,447.05000000000007,1,265
14108,447.05,2,292
13948,446.76,3,208
14810,446.59000000000003,3,230
14201,446.1,3,216
14010,445.15,2,177
14328,445.05,1,1
18134,445.0,2,128
12788,444.90000000000003,4,194
15645,443.1599999999999,2,140
16500,443.04999999999995,3,263
13846,442.72999999999996,1,317
13035,442.32,1,282
14996,442.2900000000001,2,404
17699,442.0,2,208
17759,441.91999999999996,2,268
17643,439.7,2,226
13086,439.32999999999987,1,155
13432,439.1,2,217
13964,438.90000000000003,2,228
17729,438.6500000000001,1,247
15859,438.4599999999999,1,174
17807,437.87,3,262
14846,437.4,1,193
12945,437.16,1,281
14123,436.17999999999995,1,234
16166,435.83000000000004,2,173
16643,435.59999999999997,1,284
13738,434.7799999999999,1,237
15323,434.6,3,188
15691,434.5,3,140
16601,434.29999999999995,2,258
16888,434.2,3,145
17223,433.99,2,109
16939,433.85,3,229
18029,433.77,1,253
16948,433.75,4,477
15613,433.7199999999999,1,700
16522,433.36,2,212
15847,433.3,3,194
17027,433.07000000000005,3,229
17178,432.9599999999998,1,100
17687,432.67999999999995,1,210
16604,432.45,2,175
17122,432.18,3,288
14042,431.9799999999999,1,180
15160,431.11,3,223
15525,430.7799999999999,2,253
17842,430.69000000000005,1,89
15012,429.77999999999975,2,242
15461,429.7,2,230
13165,429.68,1,360
14979,429.6599999999999,1,209
13413,429.44000000000005,6,455
13242,429.0,4,220
18089,428.45,1,95
18262,428.05999999999995,2,370
18285,427.0,1,145
17740,426.90000000000003,6,222
16526,426.8499999999999,1,173
18152,426.69,1,75
15966,426.5300000000001,1,275
12792,426.46999999999997,1,177
12475,426.26000000000005,1,236
15217,426.2400000000001,1,190
14877,425.85,2,168
16414,424.9599999999999,3,174
13453,424.71000000000004,1,207
16899,424.71000000000004,2,291
16978,424.54999999999995,2,119
17103,424.29999999999984,1,471
13441,424.2599999999999,1,316
17867,424.18,9,130
16541,424.0299999999999,1,173
13427,423.93000000000006,3,335
14595,423.85,2,250
14381,423.26000000000016,1,303
14097,422.85999999999996,2,352
13374,422.80000000000007,2,135
16137,422.7,1,210
14690,422.63,2,174
12808,422.45000000000005,3,187
13807,422.20000000000005,3,116
16117,422.19,2,191
16847,421.45,1,177
16765,420.7499999999998,1,307
18112,420.66999999999996,2,188
17423,420.53999999999996,1,331
15711,420.25,2,199
14575,420.2199999999998,1,163
13442,419.87,3,115
13474,419.75,2,189
13096,419.70000000000005,1,6
17995,419.38,2,130
14675,419.22000000000014,1,324
17648,418.8700000000001,1,467
13073,418.08,2,261
12616,417.79999999999995,1,214
16737,417.59999999999997,1,288
17258,417.30000000000007,2,188
16332,417.2099999999999,4,331
16226,417.0499999999999,2,329
15011,416.6,2,289
16355,416.35,1,179
12608,415.78999999999996,1,323
13292,415.56999999999994,3,183
14208,415.30999999999995,1,415
17805,414.72,1,648
16178,414.70000000000005,1,210
12956,413.82,3,306
15872,412.9999999999999,2,280
17662,412.92,2,184
13194,412.08,1,300
14712,411.0,1,96
15960,410.94999999999993,4,258
18011,410.78999999999996,2,125
17109,410.41999999999996,2,200
17598,409.98,1,126
16864,409.25,2,283
13310,409.17,2,229
17285,407.94,2,134
15917,407.07,4,206
17163,406.68,2,465
14775,406.55999999999995,1,384
16632,406.4,2,256
17000,406.29999999999995,2,305
12741,406.07000000000005,2,214
16815,406.02,2,237
18111,405.8499999999999,1,232
17812,405.47999999999996,4,242
13143,405.1,1,198
13640,405.0,1,108
15941,405.0,1,60
14403,404.69999999999993,2,218
15968,404.5499999999999,1,247
13574,404.45000000000005,1,304
13752,404.45,1,131
14009,404.3000000000001,1,586
14678,403.39,1,179
13530,402.98,1,272
13030,402.35999999999996,1,174
16250,401.94,2,168
17076,401.66999999999996,3,219
15920,401.63999999999993,5,139
14471,400.95000000000005,2,187
17011,400.79999999999995,2,606
17817,400.47,3,286
13607,400.3,1,178
17168,400.2,1,220
14358,400.06,2,338
15501,399.94999999999993,2,205
14452,399.90000000000003,2,169
15446,399.75,3,265
18101,399.61,3,160
13252,399.3,2,134
18128,399.28999999999996,1,216
12787,398.52000000000004,1,249
15037,397.76,2,298
16418,397.62,2,284
14793,396.91,1,270
13597,396.71,2,231
17918,396.39000000000004,3,352
14570,395.68999999999994,1,336
13879,395.5,1,204
12677,395.1,2,176
16538,395.06999999999994,3,254
16980,394.37,1,251
17524,394.14000000000004,2,272
12499,393.71999999999997,1,302
17300,393.64,2,467
13067,393.04999999999995,2,99
17955,392.6,2,408
17563,392.38,2,256
17615,392.19999999999993,3,238
16827,392.13000000000005,5,125
16783,391.95,1,163
15626,391.71999999999997,1,372
14072,390.8500000000001,1,65
14197,390.05,1,143
12414,390.0,3,195
17116,389.78000000000003,1,392
15216,389.49,1,189
18078,389.40000000000003,2,225
17479,389.25999999999993,1,266
15620,389.18,1,334
16642,389.11999999999995,1,296
17827,388.84000000000015,1,342
13896,388.55,1,149
12527,386.7999999999999,2,292
12519,385.70000000000005,1,212
16492,385.56,1,235
12973,385.55,1,31
12889,385.46000000000004,4,124
16080,385.4,2,170
14826,385.20000000000005,2,152
17617,385.18999999999994,1,249
15837,385.03,1,216
16868,384.56,3,112
13966,384.26000000000005,1,760
15155,383.96999999999997,1,192
17804,383.78,3,194
17361,383.59,2,223
18221,383.32999999999987,1,209
15211,383.0700000000001,1,117
14767,382.80999999999995,1,117
13008,382.65999999999997,2,204
15341,382.2,1,196
16648,382.14,2,222
17753,382.05999999999995,4,124
16304,381.6599999999999,1,228
17393,381.15000000000003,2,238
17903,381.09000000000003,1,142
12796,381.0,1,182
16577,380.0,1,142
15219,379.7,1,226
14200,379.20000000000005,1,140
16535,378.28999999999985,2,308
15198,377.71000000000004,3,207
12941,377.4900000000002,1,381
17717,376.9199999999999,1,344
16544,376.70000000000005,4,150
13997,376.46,3,143
14531,376.34,1,260
14681,376.20000000000005,3,96
13688,375.5,1,130
14294,375.3399999999999,1,190
13515,374.7,2,138
17568,374.44999999999976,1,275
14736,374.05000000000007,2,148
16406,374.00999999999993,2,141
16330,373.4699999999999,4,179
14083,373.3,3,207
13262,373.15999999999997,2,122
17810,373.1599999999998,2,118
15337,373.02,1,200
13197,373.0100000000001,1,204
12346,372.85999999999996,11,70
13164,372.20000000000005,2,120
13780,372.06000000000006,1,161
18162,371.51,1,332
15765,370.6299999999999,1,335
14168,370.45,2,147
17480,370.40999999999997,1,243
17233,369.98,2,167
14569,369.94000000000005,3,178
17437,369.6799999999999,1,283
15922,369.50000000000006,1,138
15287,369.34000000000003,3,577
14172,369.02,3,78
15257,368.75,1,25
15477,368.4,1,216
17792,368.35,2,149
15989,368.30999999999995,2,169
16714,368.27,1,239
14706,367.53999999999996,1,246
14018,367.15,1,224
14244,366.4200000000001,1,814
12899,366.4,1,108
17880,366.0,2,152
18160,365.8199999999999,1,225
16974,365.5,2,70
15029,365.1,1,234
13545,364.92999999999995,2,252
15915,364.4499999999999,1,414
17097,363.6600000000001,2,190
14253,363.4,2,88
12871,363.38,1,284
14122,362.41999999999996,3,114
18091,360.85,1,539
13274,360.85,1,199
17012,360.60999999999996,1,251
17945,360.35,3,244
18208,360.08,1,82
15008,360.0,2,1500
13181,359.69,1,171
14926,359.4,2,204
13161,359.38,1,76
14919,359.34999999999997,1,129
13927,359.27,1,249
17748,358.15000000000003,1,111
15958,357.77000000000004,3,121
16606,357.66,2,148
15595,357.6,1,144
12495,357.4,1,130
14240,357.1499999999999,1,237
14193,356.80000000000007,1,208
17200,356.71,4,367
12996,355.5,1,122
16920,355.45,1,81
14268,354.84999999999997,1,147
14968,353.65,1,130
18003,353.51,1,297
16382,353.1,2,167
16763,352.85,1,173
13765,352.82099999999997,1,297
16857,352.8,1,168
16445,352.65,3,176
14022,352.15000000000003,1,194
14859,351.9,1,217
16274,351.7499999999999,1,153
17749,351.66,1,126
16192,351.3,1,208
14252,350.99,1,111
13281,350.84999999999997,1,201
16545,350.52,1,244
16476,350.34999999999997,1,187
15504,349.87,3,108
13689,349.5,1,210
14545,349.25,1,236
17577,348.75,2,179
15282,348.59000000000003,1,395
13700,348.34,3,505
16263,348.15999999999997,1,197
12760,347.8,1,198
14672,347.59,2,192
15085,347.53999999999996,1,169
13109,347.49,1,237
12411,346.9,1,138
13862,346.72999999999996,1,239
17780,346.55999999999995,3,156
13234,346.5,2,159
15174,345.71,1,237
17934,344.90000000000003,1,150
18199,344.75,1,99
15519,344.61,2,116
12352,343.79999999999995,2,188
14552,343.7099999999999,2,168
15346,343.69999999999993,2,116
13550,342.54999999999995,1,430
14989,342.40000000000003,1,200
14724,341.9,1,184
16585,341.59000000000003,2,151
16259,340.93999999999994,3,143
16044,340.84,1,170
15488,340.59999999999997,4,178
15818,340.5,1,284
15855,340.48,1,242
12900,340.33000000000004,1,139
14338,339.88,1,287
12698,339.75000000000006,1,111
14203,339.34,1,80
14176,339.11,2,117
14048,338.75999999999993,2,179
14630,338.65,1,111
17833,338.46000000000004,1,143
17999,338.40999999999997,2,161
14998,338.30999999999995,2,94
17296,338.13,1,216
15447,337.71,4,143
12869,337.66999999999996,1,144
18050,337.6599999999999,1,210
12780,337.39999999999986,1,285
13686,337.04,2,308
17299,336.62,2,251
17110,336.59999999999997,2,86
13258,336.59999999999997,2,164
17488,336.50000000000006,1,136
15901,335.99,4,316
15469,335.7,1,134
16141,335.54,1,172
18034,335.52000000000004,1,392
17821,334.62,1,162
14873,334.45000000000005,1,143
13167,333.8200000000001,1,222
17607,333.81000000000006,1,269
16234,333.18,3,170
14137,332.7,1,462
13877,332.44000000000005,2,370
14513,332.4200000000001,3,232
16452,332.17,2,199
18203,332.1,3,68
17435,331.3500000000001,1,195
13981,331.13999999999993,1,234
15683,330.79,1,201
15878,330.77,2,243
17776,330.56000000000006,2,273
12807,330.34999999999997,1,145
15938,330.23,4,209
13010,330.12,2,323
12850,330.0,1,200
18186,329.58,1,338
16596,329.48,3,130
17518,329.41999999999996,2,267
12890,329.29999999999984,1,201
15979,329.21999999999997,1,450
13710,329.03999999999996,2,160
15880,329.0299999999999,1,202
16286,328.95,2,101
16348,328.77,1,359
17334,328.13,1,251
16647,327.84,2,250
17196,327.75,1,154
16519,327.68,3,120
15735,327.67999999999995,1,206
16109,327.6,1,480
13498,327.37999999999994,1,362
17152,327.0,1,60
17744,326.74000000000007,1,414
12460,326.65,1,170
13646,326.2499999999999,2,79
18047,326.08999999999986,2,130
13703,326.06,1,118
17439,325.74,1,370
12804,325.37,2,270
17580,325.29999999999995,2,135
13661,325.24000000000007,1,118
15982,324.50999999999993,1,131
12946,324.45,1,149
13834,324.19,2,221
17883,324.0799999999999,3,102
12920,323.85999999999996,3,292
16715,323.8,1,532
16641,323.4,1,198
13025,323.39,1,241
18217,323.29,2,249
16195,323.25,1,123
16856,323.09000000000003,2,159
14263,322.93,1,171
14832,322.69,1,1
12844,322.64,2,98
15726,321.9100000000001,1,123
18090,321.90000000000003,1,307
13111,321.88000000000005,1,180
17976,321.7899999999999,1,93
16880,321.78000000000003,1,158
17864,321.7199999999999,2,309
17471,321.65,1,153
18191,321.6,1,192
14070,321.59999999999997,1,85
15770,321.45000000000005,1,67
12361,321.35,3,144
17182,321.3,2,54
16224,321.24,1,439
17169,320.95,1,145
12410,320.38,1,130
16683,320.25,1,190
12763,320.08,1,196
13942,320.0,1,1000
13046,319.94000000000005,1,241
13843,319.75000000000006,1,145
16436,319.14,3,227
15092,318.65,1,95
16273,318.34000000000003,2,40
13717,318.29,2,185
15682,318.24,2,222
14851,318.06,1,306
14024,318.04,1,88
18253,317.88,1,128
17436,317.76,3,88
12353,317.75999999999993,1,192
15616,317.10999999999996,1,137
17689,317.08000000000004,2,300
16122,316.91999999999996,3,270
13833,316.56,1,126
12529,316.47999999999996,1,192
16829,316.1,1,116
16193,315.97999999999996,1,160
17121,314.74,1,106
13859,314.7,1,38
14991,314.66999999999996,1,191
18206,314.65999999999997,1,246
18070,314.1,1,86
15873,313.92,4,1152
15196,313.7,2,130
13087,313.64,1,86
18189,313.48999999999995,1,270
17514,313.35,1,149
17680,313.04999999999995,2,59
13639,312.93,1,197
15162,312.9,1,74
15128,312.68,1,240
13905,312.65000000000003,1,135
16261,312.61999999999995,2,153
17326,312.3499999999999,2,136
14053,312.05,2,275
14094,311.7699999999999,1,158
15530,311.3699999999999,1,390
15634,311.1,1,128
13400,310.83000000000004,1,284
16328,310.83,1,141
14339,310.75,1,288
14216,310.74,1,118
15405,310.73999999999995,1,155
13847,310.7199999999999,1,96
16439,310.70000000000005,1,74
14848,310.56,1,260
16913,310.47,2,147
15188,310.42999999999995,1,233
16148,310.3,1,178
13315,310.26,1,232
14749,310.15,1,403
13628,310.14000000000004,1,106
14231,309.90999999999997,1,201
16424,309.5,1,124
16373,309.48999999999995,2,119
17495,309.16,1,138
14722,309.1,2,96
14148,309.09000000000003,1,207
16194,308.59999999999997,1,140
14181,308.35,2,120
13369,308.28000000000003,1,149
14927,308.19999999999993,1,196
15302,307.99999999999994,1,102
15778,307.95000000000005,1,101
13289,307.95,1,119
14777,307.55999999999995,1,212
18280,307.54999999999995,1,149
15598,307.34,1,244
14783,307.3,1,262
17721,307.21000000000004,1,107
13158,307.12000000000006,1,208
13036,307.1,1,38
13660,306.6399999999999,1,136
16649,306.5799999999999,1,82
14753,306.36,1,201
16524,306.18999999999994,2,259
17077,306.0,1,36
13238,305.9,2,144
14133,305.5,1,50
15893,305.28000000000003,1,288
13383,305.28000000000003,1,288
15127,304.97,1,213
15951,304.95,1,107
17579,304.37999999999994,1,117
17688,304.20000000000005,1,114
15143,304.17999999999995,1,170
14990,304.16999999999996,2,129
12947,304.03999999999996,1,184
16489,303.7,2,38
14791,303.63,1,127
12427,303.50000000000006,1,79
17033,302.65000000000003,1,121
14043,302.6,2,152
15242,302.04,1,196
16135,301.9,1,186
17678,301.6500000000001,1,161
12445,301.58,1,144
13773,301.54,2,174
13625,301.26,1,144
16437,301.25,2,197
12351,300.93,1,261
17674,300.66,1,349
13706,300.37999999999994,1,112
14797,300.31,1,99
12775,300.08000000000004,2,206
14840,299.85999999999996,1,148
17718,299.8299999999999,1,191
17344,299.73999999999995,1,135
17766,299.61,2,155
13500,299.53,1,229
13346,299.40000000000003,6,180
12595,299.02000000000004,1,271
13600,298.9000000000001,1,275
18212,298.3,1,66
16583,297.95000000000005,2,153
12897,297.75,2,139
12434,297.29,1,138
17601,297.0699999999998,1,192
12504,297.0,2,368
14835,297.0,2,180
17627,296.36000000000007,1,676
12898,296.21000000000004,2,235
17703,296.09999999999997,1,307
17608,296.07000000000005,2,299
13516,295.84999999999997,1,129
14269,295.73,1,123
14614,295.13,1,189
16252,295.09000000000003,1,158
15630,295.05,1,187
16579,295.04999999999995,1,119
18227,295.0,1,1
17057,294.74,1,129
15448,294.16999999999996,1,255
17927,294.0,1,108
15718,293.78999999999996,1,95
14192,293.74,1,218
15928,293.53000000000003,1,164
17710,293.49999999999994,1,158
17441,293.35,1,245
13002,293.18000000000006,2,128
17207,292.62000000000006,1,233
16543,292.21,1,317
17907,291.76,1,1046
17882,291.56000000000006,2,130
12421,291.56,2,168
16615,291.5,1,211
18182,291.13,1,167
15391,289.87,1,109
13796,289.7,1,218
17923,289.5,2,90
15962,289.48,1,228
16018,289.23,2,313
17988,288.42,7,143
17536,288.3299999999999,2,195
18043,287.9099999999999,1,157
14238,287.38,2,78
17497,287.25,2,59
14128,286.71,1,250
16936,286.39000000000004,1,168
15863,286.26000000000005,3,143
14353,285.90000000000003,2,280
14537,285.84000000000003,1,108
13207,285.6,2,48
14402,285.6,1,240
16343,285.54,1,170
16890,285.40999999999997,3,243
12487,285.29999999999995,1,174
13308,284.86000000000007,1,230
15280,284.40000000000003,2,353
15354,284.4,3,3
13616,283.85,2,172
16078,283.79,1,184
15662,283.73,2,145
17408,283.44000000000005,2,160
15184,283.19,2,263
13909,282.85,2,301
15936,282.79,2,211
13511,282.76,1,60
16442,282.68,2,137
12771,282.3,1,104
13326,281.76,1,140
13679,281.2600000000001,3,102
15022,281.05,1,113
15772,280.88000000000005,1,110
14433,280.7,1,131
15244,280.51,1,67
13034,279.9100000000001,2,153
14645,279.79999999999995,1,206
13283,279.70000000000005,2,114
14183,278.34000000000003,2,60
14303,277.94000000000005,2,218
12717,277.93,1,94
15338,277.9299999999999,1,148
15006,277.4,1,101
13428,276.7600000000001,2,205
12538,276.5,1,145
15368,275.79999999999995,1,176
13135,275.45000000000005,1,123
13399,275.4,3,120
15473,274.8,1,104
15857,273.47999999999996,1,276
17072,273.34999999999997,1,212
17355,273.31,1,249
13861,273.26,2,225
17292,271.75,2,131
13487,271.47,2,97
17785,271.44,2,160
15943,271.29,2,183
18053,271.05,2,107
14581,271.05,1,87
18238,270.9200000000001,1,114
14981,270.8,1,144
15361,270.15000000000003,3,37
14647,270.0,1,84
18267,269.36999999999995,1,135
15964,269.21,1,93
17264,268.28,1,217
12751,268.27,1,189
18254,267.9,1,188
15689,266.93,1,123
12790,266.93,1,140
17433,266.80000000000007,1,120
15124,266.63,2,229
13695,266.59999999999997,1,188
14392,266.4,1,114
15246,266.24999999999994,1,112
14472,266.05,1,136
13277,264.9,3,206
12974,264.15000000000003,1,80
13974,264.13,1,107
17187,263.76,1,282
12651,263.75,3,187
16334,263.73000000000013,1,206
13128,263.5,1,31
16089,263.49,2,119
12892,263.37999999999994,1,140
17808,262.64000000000004,4,143
13331,262.40000000000003,1,54
16932,262.3200000000001,2,135
14462,262.24,1,107
14494,261.9,2,118
17964,261.76000000000005,1,195
17910,261.7,1,121
12655,261.35,1,80
12991,261.05999999999995,1,78
15888,260.85,2,63
13835,260.7,3,78
17375,260.45,1,113
17705,260.38,2,338
16413,259.83000000000004,1,135
16733,259.68000000000006,1,112
17558,259.17,1,54
15536,259.09000000000003,1,242
14704,258.96000000000004,2,121
17256,258.93,3,158
12386,258.90000000000003,1,214
12942,258.75,1,69
14526,258.65,1,178
13683,258.6,1,180
16502,258.54999999999995,2,220
13307,258.34,2,136
15404,257.06,1,334
14463,256.95,1,31
14876,256.70000000000005,2,162
14274,256.6,1,178
16988,256.55,1,115
13825,255.59000000000003,2,182
16911,255.25,2,161
16921,255.03,2,121
14594,254.99999999999997,1,146
12746,254.54999999999998,1,97
17626,254.0,1,202
16845,253.87999999999997,1,167
13250,253.09,2,107
17992,252.88000000000002,1,130
13251,252.68000000000004,1,215
16908,252.59,1,61
16074,252.49999999999994,1,38
12948,252.48000000000002,2,224
17210,251.72000000000003,1,242
16453,251.70999999999995,2,139
14166,251.15,2,82
18266,251.09999999999997,1,138
16962,251.03999999999996,1,158
14470,250.85000000000002,1,89
12665,250.60000000000002,2,128
17376,250.44,2,158
15231,250.25999999999993,1,190
16893,249.89000000000004,2,117
14342,249.88,2,174
12638,249.79999999999995,1,86
16773,249.65000000000003,2,81
13309,249.57999999999996,1,370
12563,249.24,1,113
16201,248.65000000000003,1,135
15918,248.64999999999995,1,87
16381,247.84999999999988,2,108
15293,247.50000000000003,1,178
15540,247.38,1,244
14654,246.86,1,273
15697,246.75,1,127
13943,246.54000000000002,1,94
15378,246.5,2,130
15495,246.49999999999997,1,194
18153,246.22,1,200
14325,245.47999999999993,1,320
14281,245.15,1,45
15884,244.60000000000002,2,152
15864,244.44000000000003,1,294
18002,244.36999999999998,4,71
14694,244.31,1,193
17925,244.08,1,72
13676,243.90000000000003,2,104
14079,243.63,1,1
13584,243.30000000000007,2,323
17009,242.05999999999997,1,336
13445,241.89999999999998,1,198
13582,241.68,2,106
14774,241.45,1,99
12413,241.34999999999997,1,33
14052,241.29999999999998,1,85
16508,240.95,1,103
13674,240.67999999999998,1,102
15336,240.5,1,84
18278,240.3,1,74
14962,240.21000000000004,3,79
15931,239.89999999999998,1,118
15262,239.87,2,145
13789,239.45999999999998,1,258
12663,239.4,2,181
17981,239.11999999999995,1,260
13275,238.85999999999996,2,138
15597,238.8,1,114
16280,238.04999999999998,1,101
17286,237.81,2,251
14982,237.78,1,125
17309,237.64,2,140
16136,237.42000000000002,1,234
17371,236.97000000000003,3,130
16892,236.56,2,131
13088,236.11000000000004,1,76
12831,236.06,2,168
17093,235.88,1,114
17872,235.87,1,176
16046,235.78,1,248
14716,235.77,1,148
16602,235.25,1,93
12392,234.75000000000003,1,73
13114,234.37999999999997,1,74
16885,234.18999999999994,1,180
13009,234.0,1,120
12728,233.84,1,124
13672,233.53,1,81
14153,233.39999999999992,1,312
15294,233.35,1,97
13129,233.25,2,296
16024,232.96,2,107
17055,232.85000000000002,1,83
13608,232.05000000000007,1,110
16408,231.93000000000004,1,227
17151,231.9,1,42
17136,231.67999999999998,1,256
16006,231.41999999999987,1,121
17374,231.34,1,70
18279,231.33999999999997,1,630
15487,231.32000000000002,1,144
14082,231.11000000000004,1,136
16321,230.90000000000003,2,124
14997,230.39999999999998,1,288
17007,230.17000000000002,1,120
18197,230.1,1,166
14017,229.75000000000003,1,73
13177,229.75,1,89
17185,229.45999999999998,3,119
17743,229.2,1,96
15273,228.96,1,216
14684,228.5199999999999,1,184
17066,228.34000000000003,1,93
13416,228.3,1,66
14458,228.06999999999996,1,317
16760,228.0,1,168
17111,227.97000000000003,1,299
15566,227.87,2,153
14363,227.47,2,105
17868,227.14999999999998,1,85
16740,226.91,1,110
15451,226.86,2,76
14718,226.42000000000002,1,202
15659,226.04000000000002,2,50
17993,225.98999999999998,1,108
14487,225.89000000000001,2,86
14069,225.81000000000003,2,58
17915,225.77999999999997,1,184
16824,225.59999999999997,1,154
17181,225.45000000000005,2,243
16622,225.39999999999998,1,44
14475,225.3,1,94
15304,225.15,2,29
13619,224.94,2,79
17472,224.80999999999992,1,96
16346,224.51000000000008,1,289
12914,223.98,1,336
14928,223.91,1,268
16562,223.86,1,264
17967,223.42000000000002,2,111
15423,223.39,2,97
13548,223.27999999999997,1,122
18131,222.95999999999998,1,552
13080,222.65,3,73
18048,222.64,1,129
12887,222.4,1,100
14596,222.21999999999994,1,75
16399,222.20000000000002,1,189
12348,222.16000000000003,1,373
15788,221.83000000000004,1,115
14497,221.69000000000003,1,97
14445,221.64999999999992,1,83
17261,221.5899999999999,1,95
17087,221.53,1,113
13955,221.10999999999999,1,118
16776,220.96999999999997,1,181
13519,220.45999999999998,1,110
15277,220.44,1,168
18132,220.12999999999997,1,212
13454,219.86999999999998,1,198
14074,219.4,1,228
12799,219.35000000000002,1,137
15086,218.53000000000003,2,95
16832,218.46,2,146
15675,218.35,1,97
15591,217.9,3,58
16035,217.73,1,33
13721,217.39999999999992,1,196
13423,217.02999999999997,1,141
15401,216.95,2,93
15987,216.70000000000005,2,152
18021,216.41000000000003,2,168
17902,216.4,1,526
16440,216.30000000000007,1,90
14376,215.46,1,50
18007,215.22000000000003,1,246
14635,215.22,1,118
14106,214.79999999999998,1,24
14361,214.71000000000004,1,251
15424,214.44000000000003,1,319
15919,214.08,1,175
18157,213.9,1,145
17458,213.07999999999993,1,112
13724,213.00999999999993,1,130
13398,213.00000000000003,1,60
13691,212.77999999999994,1,145
16146,212.25000000000003,1,117
16362,212.16999999999996,1,127
17134,212.10000000000005,1,46
12961,211.99,1,180
12470,211.95000000000002,1,95
14843,211.79999999999995,1,132
12672,211.15000000000003,1,60
15490,210.84999999999997,1,82
15512,210.57999999999998,2,167
14992,210.49999999999997,1,145
16874,209.88999999999996,1,78
17484,209.57000000000002,2,339
16357,209.48999999999998,1,143
13056,209.48000000000002,1,158
14003,209.41,1,149
15112,209.4,1,72
16487,209.39999999999998,2,163
18127,209.05,1,63
17855,208.96999999999997,1,197
15458,208.79999999999998,1,144
13290,208.63,1,1
15741,208.62000000000003,2,70
15134,208.3,2,170
12848,208.00000000000003,1,58
16964,207.85,2,49
16752,207.5,1,54
17989,207.33,1,300
15295,207.03999999999994,1,139
17991,206.95000000000002,1,68
17418,206.6,1,232
14311,206.19,1,89
17510,206.08000000000004,1,208
15914,205.98999999999995,2,149
14278,205.82999999999996,1,131
16284,205.79999999999995,1,139
16540,205.75000000000003,1,105
16402,205.64999999999992,1,102
16490,205.41000000000003,1,113
14602,205.35999999999999,1,80
12400,205.25,1,91
17571,205.23999999999998,1,115
17266,205.14000000000004,2,90
15158,204.62,1,21
17271,204.29999999999995,1,113
16901,204.26000000000002,1,42
13226,204.25,1,99
14468,204.24000000000004,1,164
16356,204.10000000000002,3,97
14957,203.2,1,63
14519,203.14,2,81
17074,203.05,1,19
14419,202.85000000000005,1,69
15459,202.82999999999998,2,121
15558,202.67999999999998,1,73
12416,202.56,1,132
14892,202.35000000000002,1,79
17980,201.27,1,89
13556,200.82,2,134
14330,200.63,1,103
13944,200.43000000000004,1,153
16433,200.25999999999996,1,108
17245,200.17999999999998,1,232
18255,199.85,1,127
14521,199.45000000000002,1,211
15001,199.10999999999999,2,70
13079,199.07999999999998,1,96
17647,198.59999999999997,2,52
15020,198.46999999999997,1,111
17184,198.41000000000003,2,73
17254,198.29,1,146
17778,197.7,1,214
17112,197.57000000000002,1,130
12927,197.31,1,145
16937,196.25000000000003,1,123
13757,195.55,1,54
14727,195.15000000000003,2,396
14405,195.0,1,100
13669,195.0,1,156
17065,194.7,2,82
15709,194.59999999999997,1,48
16299,193.64999999999998,1,107
18110,193.47999999999993,1,97
15437,193.29,1,98
13962,193.25,1,73
14975,192.45,1,127
18028,192.05,1,133
14761,192.01999999999998,1,88
16695,191.89999999999992,2,184
14279,191.86,2,46
15115,191.74,1,88
18056,190.95,1,123
15954,190.74999999999994,1,119
14728,190.57999999999996,1,68
15688,190.57,1,95
18020,190.48000000000002,1,67
14617,190.47000000000003,2,81
14670,190.46999999999997,1,97
13766,190.34999999999997,1,137
14446,189.93,1,175
17257,189.78,2,187
18046,189.63000000000002,1,44
17022,189.0,1,72
16277,188.69,1,33
17283,188.46,1,179
16051,188.44,1,80
13063,188.39999999999998,1,116
13792,188.39999999999998,1,64
15072,187.51999999999998,1,164
13852,187.35000000000002,1,85
17772,187.2999999999999,1,58
13387,186.93999999999994,1,123
18156,186.88000000000002,1,68
16267,186.65999999999997,1,198
18063,186.60000000000002,2,48
15986,186.3,1,100
17215,186.15,1,104
16388,186.05000000000004,1,83
14879,185.06000000000003,1,104
14677,184.90999999999997,1,139
17803,184.65999999999997,1,98
18161,184.41000000000005,1,153
14819,184.34,2,61
14119,183.37,2,177
14983,183.2000000000001,1,90
14436,182.64000000000001,1,168
17516,182.61999999999998,1,108
16819,182.59,2,253
14941,182.09999999999997,1,80
17248,181.89000000000004,1,63
12934,181.65,1,31
12789,181.5,2,32
16822,181.39,1,171
15359,181.35,8,145
13282,181.05,1,103
14858,180.75,1,105
18119,180.7,1,124
17820,180.60999999999999,1,111
16090,180.56,1,58
14799,180.45,1,349
17035,180.06,2,98
18234,179.6,1,80
15042,179.52,1,208
14945,179.39999999999998,1,156
16640,179.39999999999998,1,146
15209,178.97999999999996,1,94
14812,178.85000000000005,1,135
16691,178.82999999999998,2,92
17170,178.68,2,152
16469,178.47999999999996,1,72
16448,178.13000000000008,1,100
17798,178.06999999999996,1,138
17483,177.69,1,74
17036,176.9,1,76
16285,176.89999999999995,1,60
17587,176.71,1,67
13746,176.69,1,83
18054,176.5,1,96
16315,176.33999999999997,1,68
18175,176.09999999999997,1,70
13508,176.07999999999998,1,156
17840,175.90000000000003,1,128
18018,175.85000000000002,2,131
12547,175.78,1,175
18166,175.5,1,90
14486,175.5,2,90
13007,175.25,1,59
16559,175.0,1,61
17108,174.95,1,31
13565,174.57999999999998,1,88
16780,174.16,1,82
15684,173.95,3,77
14674,173.66000000000003,1,103
12441,173.55,1,121
16741,173.06,1,81
16599,172.8,1,159
13671,172.60000000000002,1,95
15515,171.80999999999997,1,131
17983,171.71,1,108
17575,171.7,1,72
15869,171.47000000000003,1,98
17789,171.24999999999997,1,125
17384,171.15,1,33
16312,171.14999999999998,1,53
16673,171.13,1,95
15445,171.0,1,60
15403,170.88,2,492
14811,170.50000000000006,1,74
17922,170.4,1,49
16731,170.3,1,124
17542,170.1,2,189
13747,169.79999999999998,2,60
16002,169.21,1,70
15647,169.0,1,124
15065,168.73000000000002,1,63
12768,168.69000000000003,1,102
17392,168.64999999999998,1,173
18269,168.6,1,76
14131,168.22,1,105
17559,167.62,1,270
17586,167.4,1,68
13609,167.35000000000002,1,19
14954,167.27000000000004,1,92
15166,167.15999999999997,1,140
17875,167.1,1,98
13547,167.07999999999996,1,79
15135,166.63,1,41
18107,165.87999999999997,1,65
13903,165.45000000000002,1,103
16990,165.0,1,100
16663,165.0,1,100
18017,165.0,1,100
13191,164.69000000000003,1,115
13754,164.45,1,101
17417,164.18,1,76
14955,163.76999999999998,1,74
16757,163.65,1,99
17660,163.46999999999997,1,138
17715,163.2,1,192
16050,162.8,2,110
18246,162.72,1,48
13581,162.53,1,89
12954,162.45,1,83
15552,162.39999999999998,1,106
15534,162.25,1,63
16443,162.24,1,96
14598,162.07000000000002,1,165
12661,162.00000000000003,1,216
17971,161.94000000000005,1,62
18270,161.4,1,108
13714,161.35,1,50
13779,161.12999999999997,1,53
13701,161.00000000000003,1,80
17605,160.75,1,71
17202,160.65,1,55
17487,160.54999999999998,1,37
15229,160.5,1,114
16645,160.39,1,117
14571,160.00000000000003,1,56
14784,159.93999999999997,1,126
13642,159.92000000000002,3,80
17171,159.68,1,40
17953,159.17000000000002,1,98
15499,158.64999999999998,1,59
15548,158.08999999999997,1,64
14318,158.02000000000004,1,152
17751,157.85999999999999,1,147
14207,157.8,1,36
14822,157.70000000000002,1,94
16687,157.63,1,141
12894,157.35,1,33
17318,157.32999999999998,1,59
16371,157.20000000000005,1,108
15742,156.86999999999998,1,51
13830,156.85,1,47
16578,156.6,1,108
17359,156.6,1,76
17765,156.37000000000003,1,52
13051,155.8,2,72
12738,155.35,1,148
16473,154.72,1,100
13403,154.5,2,70
13490,154.25,1,25
14814,154.21,1,93
15560,153.51999999999998,2,72
15431,153.24,1,84
16589,153.12,1,168
18273,153.0,1,60
12864,152.45,1,231
15509,152.41,1,58
13551,152.39999999999998,1,24
17327,152.35,2,59
13653,152.2,1,72
15670,152.15,1,41
16681,151.5,1,85
18076,151.49,1,164
13482,151.45,1,71
15894,151.43999999999997,1,111
15524,151.4,1,24
14516,151.16999999999996,1,63
16662,151.05,1,35
12959,150.95000000000002,1,109
14980,150.68,1,79
15991,150.55,1,41
14084,150.5,1,306
15474,150.35000000000002,1,55
14845,150.0,1,600
13257,149.75,1,33
17901,149.7,2,14
15432,149.57000000000002,1,27
17390,149.3,1,49
12851,148.95000000000005,1,51
14163,148.70999999999998,1,57
13125,148.62,1,53
15283,148.33,3,27
17592,148.3,1,38
13457,148.22,2,96
13578,147.66,1,127
18210,147.45,1,101
15479,147.39999999999998,1,38
16724,147.35000000000002,1,69
17794,147.3,2,46
12858,147.26999999999998,1,51
17898,147.12000000000003,2,61
14683,146.56000000000003,1,386
16323,146.16,1,96
15496,146.14,1,98
18137,145.99000000000004,2,59
16127,145.05999999999997,1,68
15902,145.01000000000002,1,124
17219,144.9,1,99
17938,144.29000000000005,1,53
15816,144.15,2,54
12387,143.94,1,134
14604,143.86,1,88
14574,143.7,1,63
17149,143.1,1,18
15761,143.05,1,31
17556,142.77,1,83
16507,142.71,1,111
13992,142.7,2,90
17767,141.85,1,70
16149,141.7,1,290
17771,141.60000000000002,2,86
16368,141.53,1,56
18038,141.48000000000002,1,80
17273,141.12,1,133
12636,141.0,1,1
17959,140.75,1,49
14773,140.55,1,53
15720,140.49,1,46
15702,140.39000000000001,2,103
15324,140.22000000000003,1,74
12619,140.14000000000001,1,140
13839,139.95,1,25
16840,139.85,2,117
13452,139.8,1,4
15374,139.32000000000002,1,164
14707,139.2,2,96
15773,138.84,1,99
17982,138.18,1,117
15848,137.99,1,45
16396,137.8,1,80
16542,137.7,1,96
17440,137.16,1,36
15577,137.15,2,31
13907,136.8,1,68
13195,136.73000000000002,1,70
16237,136.65,1,57
13594,136.35000000000002,1,37
16289,136.31,1,97
16651,136.2,1,60
16876,136.01000000000005,1,181
14366,136.0,1,16
17583,135.95,1,55
14391,135.60000000000002,1,168
13076,135.4,1,44
14588,135.39000000000001,1,62
15545,135.32999999999998,1,75
13702,135.18,1,74
14173,135.16,2,44
17199,135.04000000000002,1,232
13509,135.0,1,108
14171,135.0,1,44
13119,134.9,1,110
12691,134.6,1,51
15926,134.44,1,155
16486,134.36,1,24
16886,134.0,1,48
17826,133.34000000000003,1,84
17070,133.17999999999998,1,101
14191,132.9,2,62
12467,132.79999999999998,1,129
13651,132.65,1,29
13217,132.5,1,250
12964,132.24,1,56
17565,131.83,1,67
15409,131.25,1,59
14378,131.24999999999997,1,57
17225,131.15,1,36
17301,131.14999999999998,1,79
16865,130.95,1,157
17240,130.6,1,108
16410,130.32,1,348
16628,130.05,2,55
12362,130.0,1,1
16288,129.85000000000002,1,19
17762,129.75,1,129
15317,129.75,1,45
17847,129.69,2,29
14999,129.48,1,88
12555,129.23,1,1
13071,129.22,1,30
17928,128.7,1,82
17056,128.60000000000002,1,26
17089,128.45,1,35
16251,128.31,1,44
15892,128.20000000000002,1,46
12821,128.08,1,92
13053,127.65,1,47
16690,127.45,2,71
13586,127.28000000000002,1,38
13169,127.20000000000002,1,24
14491,127.2,1,40
15923,127.08000000000003,1,122
16973,127.0,1,60
15454,126.89000000000001,1,60
14751,126.45,2,65
17386,126.35,1,53
16294,126.05,1,54
13794,126.03000000000002,1,63
17657,126.0,1,60
16925,125.65,1,123
15731,125.3,1,122
13912,124.94999999999999,1,29
17818,124.78,1,86
13312,124.75,1,41
17316,124.45000000000006,1,44
18000,124.25,1,109
12773,124.25,1,109
15779,124.08,2,20
13968,123.66,1,174
14187,123.5,1,50
16397,123.13,1,43
12969,122.45,1,55
13084,122.39999999999999,1,144
14616,121.7,2,66
17260,120.95,1,23
14884,120.6,1,72
14444,120.44,1,172
18281,120.32000000000001,1,92
17543,120.04999999999998,1,62
14483,120.0,1,96
14241,120.0,1,96
15161,119.92000000000003,1,144
17541,119.86000000000004,1,44
17177,119.50000000000003,1,40
17339,119.0,2,36
17403,118.95000000000003,1,77
17280,118.85999999999999,1,74
16291,117.72,1,1
14762,117.04999999999998,1,87
14726,116.5,1,82
15503,116.26000000000002,1,60
14874,116.18,1,148
18042,116.10000000000001,1,36
16068,115.73000000000002,1,48
14077,115.66000000000001,1,108
16185,115.30999999999999,1,61
18012,115.3,1,63
14039,115.08000000000001,1,100
17843,114.92000000000003,1,138
17401,114.84999999999998,1,34
15905,114.69000000000003,1,82
17933,114.69,1,63
15543,114.40000000000002,1,81
17275,114.10000000000002,1,71
15056,113.64999999999999,1,69
16821,113.35000000000001,1,13
17784,112.85999999999997,1,72
18148,112.85,1,63
13241,112.53000000000004,1,46
13620,112.34000000000002,1,74
14750,112.03000000000002,1,65
14668,111.63000000000001,1,49
17304,111.50000000000001,1,73
15018,111.25,1,21
15352,111.15,1,40
17208,111.15,1,101
14464,111.0,2,62
12692,110.95,1,36
14509,110.94999999999997,1,38
18256,110.7,1,180
17383,110.69999999999999,1,12
14787,110.64999999999999,1,59
17909,110.05000000000001,1,35
14806,110.03999999999999,1,93
14314,109.80000000000001,1,36
15851,109.72999999999999,1,67
15041,109.47000000000001,1,91
14033,109.44,1,576
16064,109.31000000000003,1,55
16664,109.19999999999999,1,24
14721,109.07,1,57
15875,108.51999999999998,1,74
14374,108.0,1,20
13580,107.75,1,45
14943,107.62,1,46
15729,107.55000000000001,2,19
16301,107.33,1,41
15328,107.24000000000002,1,88
16047,107.14,1,1
15846,107.01000000000002,1,79
16998,107.0,1,28
16630,106.80000000000001,1,72
16082,106.75000000000001,1,39
14637,106.67999999999998,1,100
15927,106.54000000000002,1,66
15212,106.47999999999999,1,48
16188,105.80000000000001,1,56
18103,105.8,1,23
15642,105.78000000000003,1,270
14579,105.56,1,56
15340,105.50000000000001,1,76
13187,105.33999999999999,3,201
17328,104.7,1,86
16547,104.26,1,108
12601,104.2,1,45
14908,104.10000000000001,1,50
16375,104.0,2,74
16896,103.95000000000002,1,18
15924,102.82000000000001,1,103
18124,102.65,1,47
17467,102.6,1,20
13829,102.0,1,12
15486,102.0,1,40
17723,102.0,1,120
14271,101.86000000000001,1,60
16944,101.36,1,27
18195,101.16,1,60
17741,101.10000000000001,2,114
17493,100.91,1,62
17224,100.86000000000001,1,65
15208,100.4,1,40
15635,100.35,1,5
17094,100.2,1,60
17570,100.0,1,1
16666,98.72999999999999,1,121
15048,98.70000000000003,1,32
12774,98.7,1,53
16694,98.30000000000001,1,26
17395,97.5,1,66
18037,97.39999999999999,9,17
12652,97.05000000000001,1,31
17217,96.6,1,69
15852,96.55000000000001,1,12
13793,96.0,1,52
15583,95.96000000000001,1,56
13302,95.45,1,7
16552,95.29,1,39
15285,94.91999999999999,1,120
14833,94.8,1,58
15868,94.53,1,57
14394,93.8,1,58
15305,93.6,1,40
17783,93.49000000000002,1,84
12992,93.35000000000001,1,21
15082,93.35,1,43
16196,93.3,1,26
15724,92.6,1,44
12829,92.30000000000001,1,174
18123,92.2,1,34
16831,91.8,1,48
13083,91.67999999999999,1,120
13392,91.14,1,82
14786,90.96000000000001,1,112
13133,90.65,1,23
14435,90.42,1,282
15686,90.0,1,72
16061,89.65,1,19
13535,89.5,1,10
12686,89.14,1,107
13222,88.5,1,30
16564,87.79999999999998,1,40
13549,87.6,1,96
17606,87.30000000000001,1,42
13180,86.10000000000001,1,42
13967,85.6,1,24
15094,83.0,2,28
14347,82.60000000000001,1,48
13469,82.4,1,52
16028,82.2,1,18
13215,81.6,1,96
17008,81.36,1,24
14717,81.3,1,32
15170,81.15,1,33
17336,81.12,1,48
15833,80.4,1,24
15131,80.28000000000002,1,88
16165,79.9,1,2
14190,79.9,1,2
14007,79.48,1,16
14865,77.52000000000001,3,192
12570,77.52,1,1
16867,76.74000000000001,1,58
18113,76.32000000000001,1,72
14613,76.32000000000001,1,72
13219,76.23,1,11
17816,75.75999999999999,3,66
14559,75.6,1,72
13739,75.3,1,22
17192,75.28,1,45
16420,75.0,1,120
17944,74.99000000000001,1,84
13105,72.0,1,100
15256,71.95,1,37
16459,71.78999999999999,1,59
16970,71.4,1,12
17763,71.15,3,29
13915,70.80000000000001,1,24
15564,70.74000000000001,2,42
12568,70.0,1,48
13172,69.6,1,48
14906,68.44,1,1
12861,68.25,1,27
17249,68.02999999999999,1,79
17532,65.34,1,30
13022,65.3,1,35
17912,64.49,1,31
16238,63.66,1,85
17216,63.6,1,21
15470,63.419999999999995,1,232
12404,63.24,1,1
16058,62.7,1,18
14650,62.5,1,22
13380,62.4,1,48
13303,61.72,1,26
17960,61.300000000000004,2,19
13818,61.28,1,60
15375,60.959999999999994,1,84
16605,60.48,1,144
15250,60.0,1,48
17330,59.900000000000006,2,2
15371,59.400000000000006,1,12
15233,59.400000000000006,1,12
18174,58.5,1,30
14384,58.5,1,30
17468,57.8,1,68
12466,56.73,1,1
15899,56.25,1,39
15685,55.98000000000001,1,36
12776,55.5,1,46
17494,54.699999999999996,1,26
12860,54.22,1,26
17026,54.15,2,35
13306,53.65,1,74
17599,52.05,1,11
16786,51.839999999999996,1,72
13254,51.410000000000004,1,43
14495,51.0,1,6
13011,50.550000000000004,1,13
14743,50.48,1,40
14380,48.96,1,1
16530,48.349999999999994,1,17
13438,46.5,1,10
15698,46.2,1,60
15775,45.6,1,192
12496,45.339999999999996,2,30
15672,45.300000000000004,1,10
17916,43.870000000000005,2,90
13666,43.25,2,13
13913,42.22,1,10
13906,42.0,1,100
16219,40.8,1,48
14266,40.56,1,24
15603,40.0,1,32
14086,39.95,1,1
14589,39.75,1,5
17246,38.92,2,36
15455,38.25,1,3
15693,37.5,1,30
17352,36.25,1,15
14993,36.129999999999995,1,21
16417,35.7,1,6
14576,35.400000000000006,1,12
12925,35.28,1,108
17533,34.8,1,24
17557,34.0,1,4
15871,33.099999999999994,1,5
16941,33.0,1,12
14977,31.929999999999996,1,17
17129,31.85,1,5
14144,30.599999999999998,1,12
14972,30.300000000000004,1,12
16548,30.150000000000002,1,6
15575,30.1,1,6
13033,30.0,1,15
17319,29.1,1,14
17278,25.2,1,16
15284,24.75,1,5
13144,24.4,1,8
14610,24.35,2,15
16454,24.05,2,6
16537,23.35,1,59
12606,21.0,1,1
13112,20.6,1,11
15999,20.4,1,24
13163,17.65,1,3
12846,15.58,1,1
14580,14.850000000000001,1,3
14900,13.919999999999998,1,48
17040,13.52,1,8
17378,10.95,1,1
18115,9.7,1,3
15040,7.49,1,1
15913,6.300000000000001,1,3
13788,3.75,1,1
14095,2.95,1,1
14827,0.0,1,5
14103,0.0,1,5
