Description,Total_Revenue,Total_Quantity
WHITE HANGING HEART T-LIGHT HOLDER,151339.15999999884,56814
REGENCY CAKESTAND 3 TIER,143727.59999999977,12489
Manual,98531.9899999999,2569
ASSORTED COLOUR BIRD ORNAMENT,70291.0300000003,44431
JUMBO BAG RED RETROSPOT,51644.25000000002,29519
POSTAGE,48741.08,2212
ROTATING SILVER ANGELS T-LIGHT HLDR,40156.049999999996,21579
PAPER CHAIN KIT 50'S CHRISTMAS ,36871.550000000134,13839
PARTY BUNTING,35017.299999999996,8312
EDWARDIAN PARASOL NATURAL,34044.75000000004,7201
JUMBO BAG STRAWBERRY,33926.25000000003,19275
VINTAGE UNION JACK BUNTING,33750.96,3990
EDWARDIAN PARASOL BLACK,31183.850000000064,6663
CREAM HEART CARD HOLDER,29888.019999999975,9912
STRAWBERRY CERAMIC TRINKET BOX,29694.859999999975,25330
JUMBO  BAG BAROQUE BLACK WHITE,29349.000000000015,16580
VINTAGE UNION JACK MEMOBOARD,28746.539999999986,3902
BLACK RECORD COVER FRAME,28129.89,8219
HOME BUILDING BLOCK WORD,28028.30000000015,4784
SET/5 RED SPOTTY LID GLASS BOWLS,27778.900000000125,10240
RED HANGING HEART T-LIGHT HOLDER,27300.61000000009,9855
LUNCH BAG RED SPOTTY,26947.600000000002,17256
JUMBO STORAGE BAG SUKI,26443.400000000012,14712
RED RETROSPOT CAKE STAND,26374.19000000002,2627
CHILLI LIGHTS,26262.679999999986,6012
WOOD BLACK BOARD ANT WHITE FINISH,26035.080000000024,4972
JUMBO SHOPPER VINTAGE RED PAISLEY,25542.15000000002,14137
JUMBO BAG PINK VINTAGE PAISLEY,25422.700000000004,14526
COLOUR GLASS. STAR T-LIGHT HOLDER,24965.75,8831
JUMBO BAG PINK WITH WHITE SPOTS,24450.600000000013,13766
JUMBO BAG RED WHITE SPOTTY ,24323.850000000017,13879
DOOR MAT UNION FLAG,24216.229999999905,3733
JUMBO BAG SCANDINAVIAN PAISLEY,24214.900000000016,13882
SCOTTIE DOG HOT WATER BOTTLE,24062.70000000006,5184
CHOCOLATE HOT WATER BOTTLE,23852.40000000004,5150
TEA TIME CAKE STAND IN GIFT BOX,23784.800000000007,2384
HEART OF WICKER LARGE,23551.18000000006,8246
SET/4 WHITE RETRO STORAGE CUBES ,23252.499999999993,650
WOODEN FRAME ANTIQUE WHITE ,23157.25000000003,8395
RED TOADSTOOL LED NIGHT LIGHT,23050.649999999947,14985
LUNCH BAG  BLACK SKULL.,22500.599999999962,14492
PACK OF 72 RETRO SPOT CAKE CASES,21838.230000000112,45129
RED WOOLLY HOTTIE WHITE HEART.,21692.26000000001,6550
PAPER CHAIN KIT VINTAGE CHRISTMAS,21550.10000000007,7854
PLEASE ONE PERSON METAL SIGN,20986.580000000075,10705
HOT WATER BOTTLE TEA AND SYMPATHY,20727.799999999992,5554
PAPER BUNTING RETRO SPOTS,20723.250000000025,7595
LOVE BUILDING BLOCK WORD,20640.85000000005,3521
ROUND SNACK BOXES SET OF 4 FRUITS ,20296.949999999964,7521
BAKING SET 9 PIECE RETROSPOT ,20117.81000000009,4249
BLACK HEART CARD HOLDER,20117.640000000007,7538
EDWARDIAN PARASOL RED,20066.950000000023,4501
RETRO SPOT TEA SET CERAMIC 11 PC ,19921.270000000062,4304
WOOD S/3 CABINET ANT WHITE FINISH,19908.499999999916,2670
PAPER CHAIN KIT RETRO SPOT,19804.550000000043,7351
LUNCH BAG CARS BLUE,19767.799999999977,12732
SMALL POPCORN HOLDER,19518.210000000006,25703
LUNCH BAG SUKI  DESIGN ,19221.14999999998,12111
LUNCH BAG WOODLAND,18769.59999999998,11984
ROUND SNACK BOXES SET OF4 WOODLAND ,18678.550000000025,6745
GRAND CHOCOLATECANDLE,18658.65000000003,13881
ANTIQUE SILVER TEA GLASS ETCHED,18420.35999999999,15900
RED  HARMONICA IN BOX ,18054.469999999998,16049
WOODEN PICTURE FRAME WHITE FINISH,17583.60000000006,7606
VICTORIAN GLASS HANGING T-LIGHT,17480.650000000005,15271
60 TEATIME FAIRY CAKE CASES,17436.300000000007,35656
PINK HAPPY BIRTHDAY BUNTING,17073.10000000004,3398
COOK WITH WINE METAL SIGN ,17023.409999999953,9599
DOORMAT UNION FLAG,17007.32999999998,2609
VINTAGE UNION JACK CUSHION COVER,16883.719999999994,3188
NATURAL SLATE HEART CHALKBOARD ,16866.94999999995,5997
HEART OF WICKER SMALL,16765.910000000003,10391
JUMBO BAG OWLS,16718.399999999983,9352
BOX OF VINTAGE ALPHABET BLOCKS,16676.0,1822
ZINC METAL HEART DECORATION,16472.75,13771
RECYCLING BAG RETROSPOT ,16417.850000000006,8411
GIN + TONIC DIET METAL SIGN,16319.300000000023,8408
DOORMAT HEARTS,15859.639999999967,2622
HAND OVER THE CHOCOLATE   SIGN ,15565.339999999995,8224
3 HEARTS HANGING DECORATION RUSTIC,15454.20000000006,5492
CERAMIC CAKE STAND + HANGING CAKES,15426.599999999977,1747
PINK CREAM FELT CRAFT TRINKET BOX ,15420.280000000002,13138
SET 7 BABUSHKA NESTING BOXES,15315.300000000001,1920
CREAM SWEETHEART MINI CHEST,15186.309999999998,1281
SWEETHEART CERAMIC TRINKET BOX,15168.639999999998,12932
DOOR MAT RED SPOT,15093.479999999914,2426
RETRO SPOT CAKE STAND,15083.45000000002,1431
PINK 3 PIECE MINI DOTS CUTLERY SET,15067.139999999998,4198
PACK OF 60 PINK PAISLEY CAKE CASES,15045.099999999973,30871
HANGING JAM JAR T-LIGHT HOLDER,14973.310000000016,19183
CREAM CUPID HEARTS COAT HANGER,14864.52,5016
RED/WHITE DOTS RUFFLED UMBRELLA,14796.150000000054,3405
JUMBO BAG SPACEBOY DESIGN,14761.649999999987,8307
RED 3 PIECE MINI DOTS CUTLERY SET,14609.91,4051
LUNCH BAG SPACEBOY DESIGN ,14524.399999999983,9088
WOOD 2 DRAWER CABINET WHITE FINISH,14376.84999999998,2643
COLOUR GLASS T-LIGHT HOLDER HANGING,14193.199999999973,23944
JUMBO BAG WOODLAND ANIMALS,13951.949999999986,7721
TEA TIME PARTY BUNTING,13950.449999999997,3351
LUNCH BAG PINK RETROSPOT,13893.69999999999,8738
BLUE 3 PIECE MINI DOTS CUTLERY SET,13805.159999999998,3820
BLUE HAPPY BIRTHDAY BUNTING,13792.699999999997,2806
PACK OF 6 BIRDY GIFT TAGS,13662.68,11455
LARGE CAKE STAND  HANGING STRAWBERY,13639.46999999999,1536
SMALL GLASS HEART TRINKET POT,13480.800000000005,6928
RED SPOTTY ROUND CAKE TINS,13458.24999999999,1415
SET OF 6 RIBBONS VINTAGE CHRISTMAS,13452.449999999997,6011
HEART FILIGREE DOVE  SMALL,13404.279999999999,11132
FAWN BLUE HOT WATER BOTTLE,13398.349999999966,4893
HANGING HEART ZINC T-LIGHT HOLDER,13229.729999999932,17235
PINK CHERRY LIGHTS,13171.099999999993,2230
HAND WARMER OWL DESIGN,13139.10000000003,6481
FELTCRAFT 6 FLOWER FRIENDS,13035.200000000023,6457
HAND WARMER BIRD DESIGN,12949.800000000034,6438
HAND WARMER SCOTTY DOG DESIGN,12943.800000000032,6408
RED RETROSPOT TRADITIONAL TEAPOT ,12908.48999999997,1871
NO SINGING METAL SIGN,12894.95999999998,6756
SET OF 3 COLOURED  FLYING DUCKS,12847.349999999999,2703
JUMBO BAG TOYS ,12839.449999999992,7269
ASSORTED COLOURS SILK FAN,12784.88,19202
KNITTED UNION FLAG HOT WATER BOTTLE,12616.68,3572
DOOR MAT NEW ENGLAND,12520.94999999991,1953
6 RIBBONS RUSTIC CHARM,12415.950000000026,7647
JUMBO STORAGE BAG SKULLS,12332.349999999984,6833
PINK BLUE FELT CRAFT TRINKET BOX,12295.050000000003,10593
SPACEBOY LUNCH BOX ,12130.649999999985,6723
BLACK/BLUE DOTS RUFFLED UMBRELLA,12089.20000000002,2944
ANTIQUE LILY FAIRY LIGHTS,12081.000000000005,2676
 WHITE CHERRY LIGHTS,11697.299999999997,1986
PLASTERS IN TIN CIRCUS PARADE ,11658.450000000015,7345
VINTAGE CREAM 3 BASKET CAKE STAND,11644.669999999984,1261
VINTAGE HEADS AND TAILS CARD GAME ,11638.119999999999,9972
PACK OF 72 SKULL CAKE CASES,11588.569999999974,24455
MEMO BOARD RETROSPOT  DESIGN,11574.300000000003,2650
PINK PAPER PARASOL ,11573.200000000012,4472
PLASTERS IN TIN SPACEBOY,11533.200000000015,7256
WOODEN CROQUET GARDEN SET,11434.580000000002,1014
SET/20 RED SPOTTY PAPER NAPKINS ,11310.210000000006,15165
HEART IVORY TRELLIS SMALL,11296.56,9216
HOT WATER BOTTLE BABUSHKA ,11289.000000000015,2532
WORLD WAR 2 GLIDERS ASSTD DESIGNS,11285.539999999997,54610
DOLLY GIRL LUNCH BOX,11282.849999999984,6335
DOORMAT FANCY FONT HOME SWEET HOME,11273.82999999998,1839
SILVER HANGING T-LIGHT HOLDER,11254.499999999989,7258
HOME SWEET HOME METAL SIGN ,11206.019999999968,4182
PAPER BUNTING WHITE LACE,11199.14999999998,4016
CHOCOLATE THIS WAY METAL SIGN,11135.719999999994,5911
MINI PAINT SET VINTAGE ,11034.449999999988,17473
RED SPOT HEART HOT WATER BOTTLE,11031.100000000013,2362
NATURAL SLATE CHALKBOARD LARGE ,10957.409999999989,2595
VICTORIAN SEWING BOX LARGE,10897.65,939
WOODEN BOX ADVENT CALENDAR ,10620.599999999971,1229
LADIES & GENTLEMEN METAL SIGN,10508.40000000003,4320
MEMO BOARD COTTAGE DESIGN,10486.750000000004,2279
HOT BATHS METAL SIGN,10486.679999999986,5529
HEART IVORY TRELLIS LARGE,10471.800000000023,6508
SET OF 72 RETRO SPOT PAPER  DOILIES,10423.199999999975,7488
DOOR MAT FAIRY CAKE,10347.719999999947,1642
GROW YOUR OWN PLANT IN A CAN ,10324.060000000001,8438
WHITE METAL LANTERN,10304.160000000003,2920
DOOR MAT SPOTTY HOME SWEET HOME,10121.689999999942,1733
BAKING SET SPACEBOY DESIGN,10099.469999999988,2145
IVORY KITCHEN SCALES,10090.350000000002,1225
72 SWEETHEART FAIRY CAKE CASES,10077.919999999982,21183
VINTAGE SNAP CARDS,9985.019999999964,12398
FELTCRAFT CUSHION BUTTERFLY,9901.199999999997,2848
DOOR MAT 3 SMILEY CATS,9861.68999999996,1773
PINK HEART SHAPE EGG FRYING PAN,9768.449999999984,7057
PAPER CHAIN KIT EMPIRE,9744.599999999979,3588
GREY HEART HOT WATER BOTTLE,9742.17,2725
DOOR MAT HEARTS,9715.059999999938,1654
SINGLE HEART ZINC T-LIGHT HOLDER,9707.179999999995,10882
15CM CHRISTMAS GLASS BALL 20 LIGHTS,9669.299999999992,1314
ASSORTED COLOUR MINI CASES,9667.679999999986,1336
PAINTED METAL PEARS ASSORTED,9637.500000000011,5910
POTTERING IN THE SHED METAL SIGN,9587.569999999983,5403
3 HOOK PHOTO SHELF ANTIQUE WHITE,9585.64,1328
HANGING HEART JAR T-LIGHT HOLDER,9572.589999999997,8177
WOODEN ROUNDERS GARDEN SET ,9506.68,1150
CAKE STAND 3 TIER MAGIC GARDEN,9471.449999999999,779
WOODEN SKITTLES GARDEN SET,9449.789999999988,721
RED SPOTTY BISCUIT TIN,9420.25,2673
GUMBALL COAT RACK,9343.680000000015,4114
DOOR MAT ENGLISH ROSE ,9343.42999999995,1445
MULTI COLOUR SILVER T-LIGHT HOLDER,9335.619999999988,11842
FELTCRAFT BUTTERFLY HEARTS,9313.84999999999,6761
RED RETROSPOT JUMBO BAG ,9289.349999999997,5333
DOORMAT NEW ENGLAND,9221.739999999989,1524
PLASTERS IN TIN WOODLAND ANIMALS,9205.500000000015,5742
HAND WARMER UNION JACK,9194.400000000012,4564
FELTCRAFT CUSHION RABBIT,9182.849999999999,2563
CHILDS BREAKFAST SET DOLLY GIRL ,9013.499999999993,970
HEART FILIGREE DOVE LARGE,9008.100000000019,5570
WOODEN SCHOOL COLOURING SET,9006.15000000002,5595
BAG 250g SWIRLY MARBLES,8977.449999999995,11929
PACK OF 60 DINOSAUR CAKE CASES,8970.77999999998,18906
VINTAGE UNION JACK DOORSTOP,8868.579999999994,1518
SET/3 RUSSIAN DOLL STACKING TINS,8864.300000000007,1866
BROCADE RING PURSE ,8847.66000000001,48166
HOME SWEET HOME MUG,8823.5,8614
PLASTERS IN TIN STRONGMAN,8761.500000000002,5502
CHICK GREY HOT WATER BOTTLE,8759.099999999999,2678
LUNCH BOX I LOVE LONDON,8743.199999999986,4940
FELTCRAFT DOLL ROSIE,8735.539999999975,3168
CHILDS BREAKFAST SET SPACEBOY ,8646.34999999999,928
PLASTERS IN TIN VINTAGE PAISLEY ,8642.450000000019,5481
FAMILY ALBUM WHITE PICTURE FRAME,8607.099999999997,1063
RED SPOTTY CHARLOTTE BAG,8468.4,10648
RETROSPOT HEART HOT WATER BOTTLE,8445.449999999993,1819
PICTURE FRAME WOOD TRIPLE PORTRAIT,8408.750000000002,1305
TOY TIDY PINK RETROSPOT  ,8393.100000000006,4279
CHILDS BREAKFAST SET CIRCUS PARADE,8384.779999999999,1039
HOT WATER BOTTLE I AM SO POORLY,8382.150000000005,1847
WOODEN UNION JACK BUNTING,8381.950000000006,1441
METAL SIGN TAKE IT OR LEAVE IT ,8375.019999999982,3178
FILIGRIS HEART WITH BUTTERFLY,8346.259999999998,6874
LIGHT PINK CHERRY LIGHTS,8311.000000000004,1420
LARGE POPCORN HOLDER ,8282.250000000007,5237
HAND WARMER RED RETROSPOT,8204.099999999991,4021
SWEETHEART KEY CABINET,8201.7,1478
ROSES REGENCY TEACUP AND SAUCER ,8194.999999999967,3020
TEA TIME KITCHEN APRON,8192.249999999998,1563
CHRISTMAS LIGHTS 10 REINDEER,8129.4000000000015,996
DOORMAT FAIRY CAKE,8128.019999999987,1356
ANTIQUE SILVER TEA GLASS ENGRAVED,8103.660000000002,6990
PICNIC BASKET WICKER LARGE,8084.799999999992,872
FELTCRAFT CUSHION OWL,8057.909999999998,2225
WHITE SKULL HOT WATER BOTTLE ,8050.23,2217
RECIPE BOX WITH METAL HEART,8046.150000000004,1057
PHARMACIE FIRST AID TIN,7974.34,1174
SET/6 RED SPOTTY PAPER PLATES,7957.799999999992,10926
TRADITIONAL MODELLING CLAY,7955.170000000003,6749
VINTAGE POST OFFICE CABINET,7954.869999999997,123
WOODLAND CHARLOTTE BAG,7936.249999999996,10025
CLASSIC METAL BIRDCAGE PLANT HOLDER,7918.549999999999,789
RED WHITE SCARF  HOT WATER BOTTLE,7914.1500000000015,2157
WOODEN HAPPY BIRTHDAY GARLAND,7913.099999999993,2802
RED KITCHEN SCALES,7896.500000000001,962
EDWARDIAN PARASOL PINK,7881.099999999993,1722
RED/WHITE DOT MINI CASES,7859.749999999998,1109
PACK OF 12 SUKI TISSUES ,7852.889999999994,24687
DOOR MAT WELCOME PUPPIES,7835.099999999964,1414
SET/10 RED SPOTTY PARTY CANDLES,7826.91,6495
BEWARE OF THE CAT METAL SIGN ,7784.760000000017,5124
DOORMAT WELCOME PUPPIES,7749.669999999999,1333
DOORMAT RED RETROSPOT,7734.599999999985,1084
WHITE DOVE HONEYCOMB PAPER GARLAND,7729.050000000005,5017
WHITE WIRE EGG HOLDER,7715.049999999995,1439
RED SPOTTY SHOPPER BAG,7711.95,6659
FELTCRAFT DOLL MOLLY,7687.939999999984,2774
WOODEN BOX OF DOMINOES,7652.419999999999,6408
PICNIC BASKET WICKER SMALL,7625.05,1635
DOORMAT SPOTTY HOME SWEET HOME,7601.02999999999,1077
POTTING SHED TEA MUG,7595.7,6570
GLITTER BUTTERFLY CLIPS,7569.000000000009,3252
WHITE WOOD GARDEN PLANT LADDER,7561.899999999986,804
RETRO SPOT LARGE MILK JUG,7561.599999999998,1612
BABUSHKA LIGHTS STRING OF 10,7447.0,1200
ENAMEL BREAD BIN CREAM,7432.5,614
TRAVEL SEWING KIT,7432.149999999996,4707
DOOR MAT FANCY FONT HOME SWEET HOME,7415.3899999999785,1117
CREAM SWEETHEART WALL CABINET,7398.309999999994,471
AFGHAN SLIPPER SOCK PAIR,7388.650000000001,2317
FIRST AID TIN,7356.5,2306
WOODEN ADVENT CALENDAR CREAM,7350.149999999989,505
"""RECORD FRAME 7"""" SINGLE SIZE """,7338.300000000005,3350
SET 3 WICKER LOG BASKETS,7320.149999999992,397
TEA TIME TEA TOWELS ,7318.349999999989,2541
WEEKEND BAG VINTAGE ROSE PAISLEY,7315.950000000001,902
RETROSPOT TEA SET CERAMIC 11 PC ,7296.549999999998,1535
RED GINGHAM ROSE JEWELLERY BOX,7280.699999999993,4494
3 STRIPEY MICE FELTCRAFT,7275.499999999986,4170
PINK DOUGHNUT TRINKET POT ,7263.4500000000135,4669
TEA TIME TABLE CLOTH,7252.800000000004,752
RIBBON REEL STRIPES DESIGN ,7231.900000000005,4486
SET/2 RED SPOTTY TEA TOWELS ,7225.149999999984,2533
DOORMAT AIRMAIL ,7181.859999999999,1238
DOORMAT ENGLISH ROSE ,7149.599999999994,1228
RETRO SPOT TRADITIONAL TEAPOT ,7148.9999999999845,960
RED RETROSPOT PICNIC BAG,7126.699999999997,2546
DOORMAT 3 SMILEY CATS,7116.229999999996,1221
DOORMAT RED SPOT,7050.209999999997,1035
STRAWBERRY FAIRY CAKE TEAPOT,7018.249999999993,1471
SET/6 PINK  BUTTERFLY T-LIGHTS,6978.199999999997,3649
SET OF 36 TEATIME PAPER DOILIES,6947.25000000001,4913
DOOR MAT BLACK FLOCK ,6922.899999999972,1220
RECIPE BOX PANTRY YELLOW DESIGN,6897.899999999961,2418
"""ASSORTED FLOWER COLOUR """"LEIS""""""",6888.9699999999975,14369
METAL 4 HOOK HANGER FRENCH CHATEAU,6876.699999999989,2490
SMALL FAIRY CAKE FRIDGE MAGNETS,6875.0,12236
GLITTER HANGING BUTTERFLY STRING,6864.000000000004,3456
CERAMIC STRAWBERRY CAKE MONEY BANK,6862.750000000015,4915
PACK OF 6 PANNETONE GIFT BOXES,6860.1000000000095,2824
HANGING METAL HEART LANTERN,6844.8000000000175,4272
WHITE SPOT RED CERAMIC DRAWER KNOB,6837.330000000002,5805
DOORMAT TOPIARY,6816.439999999995,1184
TOY TIDY SPACEBOY  ,6809.15,3517
SET/10 PINK SPOTTY PARTY CANDLES,6807.88,5636
TWO DOOR CURIO CABINET,6798.449999999999,589
YOU'RE CONFUSING ME METAL SIGN ,6796.000000000013,4432
VINTAGE SNAKES & LADDERS,6795.69,1855
CREAM SWEETHEART LETTER RACK,6788.619999999995,1518
FRYING PAN UNION FLAG,6787.75,1719
KINGS CHOICE BISCUIT TIN,6779.49,1565
SET 10 LIGHTS NIGHT OWL,6769.450000000001,1051
GREEN 3 PIECE MINI DOTS CUTLERY SET,6762.54,1886
CREAM SWEETHEART TRAYS,6734.5,582
SOMBRERO ,6728.149999999998,5149
MA CAMPAGNE CUTLERY BOX,6701.39999999999,464
JUMBO BAG PINK POLKADOT,6671.699999999998,3766
STRAWBERRY LUNCH BOX WITH CUTLERY,6666.000000000009,2768
NOEL WOODEN BLOCK LETTERS ,6662.14999999999,1122
OPEN CLOSED METAL SIGN,6630.300000000006,1322
FELTCRAFT DOLL EMILY,6624.959999999988,2418
SET3 BOOK BOX GREEN GINGHAM FLOWER ,6620.75,1703
PINK/BROWN DOTS RUFFLED UMBRELLA,6607.599999999999,1912
"SET 3 RED SPOT TIN TEA,COFFEE,SUGAR",6605.100000000002,1426
SET OF 2 WOODEN MARKET CRATES,6595.35,541
DOORMAT RESPECTABLE HOUSE,6588.3499999999985,1157
COFFEE MUG CAT + BIRD DESIGN,6562.050000000007,2717
RED SPOTTY COIR DOORMAT,6538.75,1097
VICTORIAN SEWING BOX SMALL ,6518.900000000009,1142
PINK PARTY BAGS,6517.36,3544
SAVE THE PLANET MUG,6516.8499999999985,5969
SET OF 20 KIDS COOKIE CUTTERS,6491.700000000004,3426
CLOTHES PEGS RETROSPOT PACK 24 ,6477.380000000003,5446
SET OF 36 PAISLEY FLOWER DOILIES,6436.800000000009,4619
PAPER BUNTING COLOURED LACE,6424.449999999994,2347
PACK OF 60 SPACEBOY CAKE CASES,6412.799999999992,12936
DOOR MAT TOPIARY,6407.05999999998,1020
RETROSPOT CHILDRENS APRON,6406.800000000003,3640
FELTCRAFT CHRISTMAS FAIRY,6402.5,1546
GREEN REGENCY TEACUP AND SAUCER,6352.799999999981,2304
GARDENERS KNEELING PAD,6329.830000000002,5363
BINGO SET,6327.99,1713
POLKADOT CUTLERY 24 PCS IN TRAY,6307.150000000001,617
WHITE SPOT BLUE CERAMIC DRAWER KNOB,6297.480000000001,5364
AREA PATROLLED METAL SIGN,6292.279999999989,3190
BOX OF VINTAGE JIGSAW BLOCKS ,6287.949999999992,1313
SET OF 3 HEART COOKIE CUTTERS,6274.75,5111
DOOR MAT MULTICOLOUR STRIPE,6270.689999999975,1037
FAIRY CAKE FLANNEL ASSORTED COLOUR,6214.649999999992,2534
S/6 WOODEN SKITTLES IN COTTON BAG,6209.149999999995,2263
COOKING SET RETROSPOT,6207.080000000002,652
STRAWBERRY CHARLOTTE BAG,6195.899999999996,7768
ENAMEL FLOWER JUG CREAM,6192.899999999996,1072
COFFEE MUG DOG + BALL DESIGN,6188.250000000004,2557
DELUXE SEWING KIT ,6185.699999999995,1086
STRAWBERRY   PICNIC BAG,6171.949999999993,2221
WICKER STAR ,6148.200000000006,2992
LUNCH BOX WITH CUTLERY RETROSPOT ,6145.0500000000075,2554
FOLKART ZINC HEART CHRISTMAS DEC,6137.129999999992,8013
CARRIAGE,6110.0,120
RED RETROSPOT SMALL MILK JUG,6108.45000000001,2495
CREAM SWEETHEART SHELF + HOOKS,6097.560000000003,922
LARGE CIRCULAR MIRROR MOBILE,6081.449999999998,6757
COFFEE MUG APPLES DESIGN,6071.100000000005,2546
INFLATABLE POLITICAL GLOBE ,6057.719999999997,7796
SET OF 3 NOTEBOOKS IN PARCEL,6036.150000000016,3763
PINK FAIRY CAKE CHILD'S APRON,6032.310000000006,3325
WHITE BEADED GARLAND STRING 20LIGHT,6024.049999999997,991
ALARM CLOCK BAKELIKE RED ,6011.64,1620
SET OF 20 VINTAGE CHRISTMAS NAPKINS,5986.799999999984,7740
CAMOUFLAGE LED TORCH,5985.390000000005,3603
CANDLEHOLDER PINK HANGING HEART,5981.969999999987,2147
BLUE STRIPE CERAMIC DRAWER KNOB,5978.310000000001,5043
ENCHANTED BIRD COATHANGER 5 HOOK,5976.6900000000005,1453
DOORMAT BLACK FLOCK ,5975.559999999998,1050
VICTORIAN SEWING BOX MEDIUM,5966.150000000009,797
PACK OF 12 HEARTS DESIGN TISSUES ,5931.949999999997,16337
PACK OF 12 RED SPOTTY TISSUES ,5922.5099999999975,22641
SET/10 BLUE SPOTTY PARTY CANDLES,5921.349999999999,4883
PACK OF 12 PINK PAISLEY TISSUES ,5916.069999999991,21979
MINT KITCHEN SCALES,5883.700000000001,715
BLUE HARMONICA IN BOX ,5856.09,4725
SET/5 RED RETROSPOT LID GLASS BOWLS,5853.799999999989,2100
SET OF 6 SOLDIER SKITTLES,5827.049999999999,1599
RED SPOT CERAMIC DRAWER KNOB,5816.3200000000015,4928
CAKE STAND WHITE TWO TIER LACE,5812.300000000001,706
MOROCCAN TEA GLASS,5800.809999999995,7717
PACK OF 72 RETROSPOT CAKE CASES,5798.829999999984,12376
I CAN ONLY PLEASE ONE PERSON MUG,5787.17,4855
DOORMAT HOME SWEET HOME BLUE ,5781.129999999999,913
SET/3 RED GINGHAM ROSE STORAGE BOX,5779.139999999999,1590
PLASTERS IN TIN SKULLS,5772.600000000014,3548
PARTY METAL SIGN ,5767.100000000004,4166
RETRO RED SPOTTY WASHING UP GLOVES,5747.4599999999955,3011
NATURAL SLATE RECTANGLE CHALKBOARD,5716.350000000004,3583
I'M ON HOLIDAY METAL SIGN,5700.599999999993,2776
GAOLERS KEYS DECORATIVE GARDEN ,5690.96,1776
WHITE CHERRY LIGHTS,5687.500000000002,962
PINK REGENCY TEACUP AND SAUCER,5669.299999999984,2102
SET/6 RED SPOTTY PAPER CUPS,5657.210000000007,9481
ADVENT CALENDAR GINGHAM SACK,5615.999999999993,960
VINTAGE BLUE KITCHEN CABINET,5605.0,19
FOOD CONTAINER SET 3 LOVE HEART ,5596.649999999996,3137
RED RETROSPOT MUG,5588.099999999997,2022
FULL ENGLISH BREAKFAST PLATE,5551.589999999998,1553
LOVE LARGE WOOD LETTERS ,5543.1,450
SMALL CHINESE STYLE SCISSOR,5503.22,17041
TEA BAG PLATE RED SPOTTY ,5496.019999999987,6866
PAPER BUNTING VINTAGE PAISLEY,5467.249999999996,2014
60 CAKE CASES VINTAGE CHRISTMAS,5455.719999999992,11020
PACK 3 BOXES CHRISTMAS PANNETONE,5445.149999999994,2881
IVORY HANGING DECORATION  HEART,5435.790000000007,6663
RETRO COFFEE MUGS ASSORTED,5408.870000000003,4753
PACK OF 12 WOODLAND TISSUES ,5406.929999999997,20787
LARGE RED SPOT WINDMILL,5390.400000000001,2894
CHRISTMAS LIGHTS 10 VINTAGE BAUBLES,5381.149999999994,1181
CAKE STAND LOVEBIRD 2 TIER PINK,5374.600000000002,760
CHARLOTTE BAG SUKI DESIGN,5371.149999999998,6735
WALL MOUNTED VINTAGE ORGANISER,5339.789999999997,447
LAVENDER SCENTED FABRIC HEART,5328.9,4330
RED STRIPE CERAMIC DRAWER KNOB,5309.220000000001,4422
SET OF 3 CASES WOODLAND DESIGN,5298.650000000005,927
TRADITIONAL WOODEN CATCH CUP GAME ,5283.92,4460
SET OF 72 PINK HEART PAPER DOILIES,5274.370000000008,3718
VICTORIAN  METAL POSTCARD SPRING,5257.5899999999965,3111
PAPER CHAIN KIT SKULLS ,5256.899999999996,1982
GLASS CAKE COVER AND PLATE,5242.65,327
DOORMAT UNION JACK GUNS AND ROSES,5237.979999999998,938
KINGS CHOICE MUG,5234.36,4708
FAIRY CAKE CANDLES,5230.609999999995,3841
ROUND CONTAINER SET OF 5 RETROSPOT,5229.1000000000095,3370
RIBBON REEL LACE DESIGN ,5215.699999999999,2542
SET OF 3 BUTTERFLY COOKIE CUTTERS,5200.15,4379
KINGS CHOICE TEA CADDY ,5198.099999999991,1854
MINI WOODEN HAPPY BIRTHDAY GARLAND,5175.270000000008,3231
ZINC FOLKART SLEIGH BELLS,5174.960000000008,3224
ROUND SNACK BOXES SET OF 4 SKULLS,5170.699999999995,1826
CHRISTMAS LIGHTS 10 SANTAS ,5169.7,643
SET OF THREE VINTAGE GIFT WRAPS,5167.050000000003,2827
RED SPOTTY BOWL,5145.870000000001,4383
RETRO SPORT PARTY BAG + STICKER SET,5122.149999999998,3339
SUKI  SHOULDER BAG,5118.250000000003,3285
LUNCH BAG DOLLY GIRL DESIGN,5106.200000000001,3268
RED SPOTS  WRAP ,5105.0,12650
PINK FAIRY CAKE CHILDRENS APRON,5095.949999999992,2813
COFFEE MUG PEARS  DESIGN,5086.110000000005,2521
PLACE SETTING WHITE HEART,5074.979999999994,12415
GLASS HONEYPOT WASP CATCHER,5073.149999999988,2849
MINI CAKE STAND  HANGING STRAWBERY,5069.450000000004,3245
HAND WARMER BABUSHKA DESIGN,5034.59999999999,2466
RED SPOTTY PLATE ,5015.910000000005,3135
BLUE SPOT CERAMIC DRAWER KNOB,5003.710000000001,4163
10 COLOUR SPACEBOY PEN,5000.430000000006,6015
12 PENCILS SMALL TUBE RED SPOTTY,4998.049999999997,7997
WOOLLY HAT SOCK GLOVE ADVENT STRING,4995.850000000005,1687
ALARM CLOCK BAKELIKE GREEN,4989.8099999999995,1331
PINK FLORAL FELTCRAFT SHOULDER BAG,4974.389999999999,1365
COSY HOUR GIANT TUBE MATCHES,4961.4,1988
CARD HOLDER GINGHAM HEART,4909.200000000007,1976
CARDHOLDER HOLLY WREATH METAL,4908.27,1325
6 EGG HOUSE PAINTED WOOD,4902.250000000006,675
BOYS VINTAGE TIN SEASIDE BUCKET,4896.810000000004,2159
RIBBON REEL HEARTS DESIGN ,4896.400000000002,3056
CHRISTMAS GINGHAM HEART,4894.929999999985,6001
HAND WARMER RED POLKA DOT,4876.200000000002,2592
LUNCH BAG RED RETROSPOT,4873.8,3092
GINGHAM HEART  DOORSTOP RED,4872.88,1252
RED SPOTTY PEG BAG,4858.619999999991,2561
GIRLS VINTAGE TIN SEASIDE BUCKET,4855.6200000000035,2098
FAIRY TALE COTTAGE NIGHTLIGHT,4852.350000000005,2721
KASHMIR FOLKART TUMBLERS,4827.819999999999,2486
GLASS  BEURRE DISH,4823.0300000000025,1261
ANT WHITE WIRE HEART SPIRAL,4788.400000000001,1380
CORONA MEXICAN TRAY,4786.2,1348
PICTURE DOMINOES,4776.800000000005,3368
CIRCUS PARADE LUNCH BOX ,4762.799999999999,2544
BATH BUILDING BLOCK WORD,4762.149999999991,805
SET/3 VANILLA SCENTED CANDLE IN BOX,4760.1900000000005,1195
PACK 20 ENGLISH ROSE PAPER NAPKINS,4756.499999999994,6174
CAKE STAND LOVEBIRD 2 TIER WHITE,4750.450000000004,499
WASHROOM METAL SIGN,4739.4400000000005,3908
ASSTD DESIGN RACING CAR PEN,4738.619999999999,3070
SKULLS PARTY BAG + STICKER SET,4734.3499999999985,3103
WHEELBARROW FOR CHILDREN ,4727.219999999999,406
VINTAGE RED KITCHEN CABINET,4720.0,16
RETRO SPOT LAMP,4718.899999999998,490
"HOOK, 5 HANGER ,MAGIC TOADSTOOL RED",4718.850000000003,3081
FELTCRAFT PRINCESS CHARLOTTE DOLL,4715.07,1285
TRADITIONAL WOODEN SKIPPING ROPE,4703.56,3896
LARGE HEART MEASURING SPOONS,4695.450000000004,2929
SET/6 TURQUOISE BUTTERFLY T-LIGHTS,4686.529999999998,2429
PACK OF 60 MUSHROOM CAKE CASES,4667.199999999999,9280
VINYL RECORD FRAME SILVER,4648.59,1341
FOUR HOOK  WHITE LOVEBIRDS,4629.239999999993,2351
ASSTD DESIGN BUBBLE GUM RING,4622.100000000007,22410
CERAMIC CAKE BOWL + HANGING CAKES,4619.500000000002,1690
JUMBO BAG CHARLIE AND LOLA TOYS,4616.549999999997,2519
CHARLIE + LOLA RED HOT WATER BOTTLE,4612.350000000002,2211
LOVE GARLAND PAINTED ZINC ,4599.75,2939
RED FLORAL FELTCRAFT SHOULDER BAG,4593.6,1260
PARTY CONE CHRISTMAS DECORATION ,4586.309999999995,5559
"HOOK, 5 HANGER , MAGIC TOADSTOOL",4560.300000000007,2902
AGED GLASS SILVER T-LIGHT HOLDER,4559.499999999996,7406
DOOR MAT UNION JACK GUNS AND ROSES,4547.289999999987,725
PINK 3 PIECE POLKADOT CUTLERY SET,4539.4800000000005,1252
WELCOME  WOODEN BLOCK LETTERS,4532.179999999997,472
DOORMAT MULTICOLOUR STRIPE,4527.75,859
DOORSTOP RETROSPOT HEART,4499.040000000001,1220
RED SPOTTY CHILDS APRON,4482.599999999994,2434
ENGLISH ROSE DESIGN PEG BAG,4478.779999999989,2262
RED SPOTTY CHILDS UMBRELLA,4464.5,1430
CERAMIC BOWL WITH STRAWBERRY DESIGN,4461.399999999997,1636
CREAM SWEETHEART MAGAZINE RACK,4455.249999999997,275
KINGS CHOICE GIANT TUBE MATCHES,4453.799999999996,1910
S/4 BLUE ROUND DECOUPAGE BOXES,4445.140000000001,8294
FRYING PAN RED POLKADOT ,4442.96,1152
RED RETROSPOT UMBRELLA,4405.849999999994,803
CAKE STAND LACE WHITE,4402.5,1114
ENGLISH ROSE DESIGN QUILTED THROW,4391.0999999999985,306
PIGGY BANK RETROSPOT ,4376.999999999999,1780
CERAMIC CAKE DESIGN SPOTTED MUG,4376.770000000007,3065
WOODEN REGATTA BUNTING,4353.799999999994,764
PACK OF 20 SKULL PAPER NAPKINS,4313.999999999996,6024
FELTCRAFT PRINCESS LOLA DOLL,4313.82,1178
GIRLS ALPHABET IRON ON PATCHES ,4311.570000000001,22177
SET OF 12 ROSE BOTANICAL T-LIGHTS,4311.05,1559
RED SPOTTY APRON ,4292.299999999993,764
PINK  SPOTTY PLATE ,4291.590000000001,2703
LOVEBIRD HANGING DECORATION WHITE ,4290.380000000001,5120
BOX OF 24 COCKTAIL PARASOLS,4277.240000000002,10797
METAL MERRY CHRISTMAS WREATH,4265.099999999992,2238
MAN FLU METAL SIGN,4255.799999999994,2233
ORGANISER WOOD ANTIQUE WHITE ,4254.5,515
JUMBO BAG DOLLY GIRL DESIGN,4239.449999999998,2291
WRAP PINK FAIRY CAKES ,4238.12,10886
CERAMIC HEART FAIRY CAKE MONEY BANK,4237.100000000007,2990
ROSE CARAVAN DOORSTOP,4233.55,649
BOTTLE BAG RETROSPOT ,4230.399999999999,2174
PICCADILLY TEA SET,4212.549999999997,309
SWEETHEART CAKESTAND 3 TIER,4206.549999999996,449
TEA TIME TEAPOT IN GIFT BOX,4194.110000000002,489
LARGE CAKE STAND HANGING HEARTS,4194.070000000001,485
CACTI T-LIGHT CANDLES,4177.139999999999,10389
CHILDS APRON SPACEBOY DESIGN,4174.34999999999,2247
GLASS JAR DIGESTIVE BISCUITS,4144.279999999996,1380
SCANDINAVIAN REDS RIBBONS,4142.78,3358
CALENDAR PAPER CUT DESIGN,4137.949999999994,1461
CHRISTMAS TOILET ROLL,4133.060000000001,3489
KINGS CHOICE CIGAR BOX MATCHES ,4128.78,3438
WILLOW BRANCH LIGHTS.,4121.250000000001,703
WHITE LOVEBIRD LANTERN,4117.100000000001,1442
ENAMEL MEASURING JUG CREAM,4108.5,1002
RED RETROSPOT BUTTER DISH,4100.549999999999,853
DOORMAT FRIENDSHIP ,4099.43,795
SKULL LUNCH BOX WITH CUTLERY ,4087.6499999999996,1711
DOORMAT NEIGHBOURHOOD WITCH ,4087.4900000000007,793
PAPER CHAIN KIT RETROSPOT,4062.3499999999945,1453
SWEETHEART CREAM STEEL FOLDIN BENCH,4049.8500000000004,203
CREAM SLICE FLANNEL PINK SPOT ,4034.5000000000036,1462
HANGING METAL STAR LANTERN,4006.9499999999985,2475
POLKADOT PEN,4005.5800000000027,4918
NOVELTY BISCUITS CAKE STAND 3 TIER,4000.150000000001,437
12 PENCILS SMALL TUBE SKULL,3977.1999999999985,6216
UNION STRIPE WITH FRINGE  HAMMOCK,3973.7500000000023,525
RETRO SPOT SMALL MILK JUG,3969.150000000009,1637
BLUE DINER WALL CLOCK,3965.8499999999995,482
4 TRADITIONAL SPINNING TOPS,3964.6,3196
CERAMIC CHERRY CAKE MONEY BANK,3950.2000000000025,2722
STRAWBERRY SHOPPER BAG,3938.9,3332
GIN AND TONIC MUG,3935.4000000000005,3390
HALL CABINET WITH 3 DRAWERS,3913.69,116
BLUE PARTY BAGS ,3905.0999999999985,2065
PACK OF 6 SKULL PAPER PLATES,3895.2000000000016,5472
S/4 CACTI CANDLES,3894.4500000000007,847
RECIPE BOX BLUE SKETCHBOOK DESIGN,3892.349999999997,1365
TEA COSY VINTAGE UNION JACK,3885.93,988
"MIRROR, ARCHED GEORGIAN",3884.0000000000005,200
PINK SPOTTY BOWL,3882.6500000000005,3325
36 PENCILS TUBE RED SPOTTY,3882.2900000000004,3225
BLUE 3 PIECE POLKADOT CUTLERY SET,3878.52,1072
RETRO SPOT MUG,3878.199999999997,1396
RED RETROSPOT SUGAR JAM BOWL,3874.7999999999965,1618
FANNY'S REST STOPMETAL SIGN,3870.7200000000007,1917
FAIRY CAKE BIRTHDAY CANDLE SET,3864.6,1092
RED HEART SHAPE LOVE BUCKET ,3850.3,1354
GLASS JAR ENGLISH CONFECTIONERY,3846.0000000000036,1416
WASH BAG VINTAGE ROSE PAISLEY,3839.5500000000056,1571
SET OF 3 BABUSHKA STACKING TINS,3833.149999999995,797
RED SPOTTY TABLECLOTH ,3832.500000000003,370
SKULL AND CROSSBONES  GARLAND ,3828.0499999999997,2513
GROW YOUR OWN HERBS SET OF 3,3824.4900000000016,507
FANCY FONT HOME SWEET HOME DOORMAT,3822.500000000001,622
PINK BABY BUNTING,3821.2,1336
PINK VINTAGE PAISLEY PICNIC BAG,3807.549999999998,1397
FUNKY WASHING UP GLOVES ASSORTED,3806.459999999997,1829
COLOURING PENCILS BROWN TUBE,3804.8499999999995,3561
RETRO SPOTS BUTTER DISH,3793.4999999999927,830
SLATE TILE NATURAL HANGING,3790.6500000000024,2373
SPOTTY  HOME SWEET HOME DOORMAT,3785.5,650
BIG DOUGHNUT FRIDGE MAGNETS,3775.330000000001,4537
TRADITIONAL CHRISTMAS RIBBONS,3774.03,3063
CHRISTMAS METAL TAGS ASSORTED ,3772.079999999996,4680
20 DOLLY PEGS RETROSPOT,3769.6300000000006,3221
MIRRORED DISCO BALL ,3766.700000000005,699
CHARLIE+LOLA PINK HOT WATER BOTTLE,3765.100000000005,1876
SMALL HEART FLOWERS HOOK ,3761.7100000000037,4639
SET OF 6 T-LIGHTS SANTA,3757.3499999999894,1329
DAIRY MAID TRADITIONAL TEAPOT ,3756.2500000000023,659
12 EGG HOUSE PAINTED WOOD,3751.4000000000005,364
UNION JACK GUNS & ROSES  DOORMAT,3737.4500000000003,747
BATHROOM METAL SIGN,3724.1099999999915,7195
PEARL CRYSTAL PUMPKIN T-LIGHT HLDR,3705.9000000000005,2358
BROWN CHECK CAT DOORSTOP ,3692.25,907
TEA TIME OVEN GLOVE,3683.7,3064
HEART DECORATION PAINTED ZINC ,3678.699999999998,6062
CHILDRENS APRON SPACEBOY DESIGN,3676.4999999999936,1978
RED DINER WALL CLOCK,3656.7,447
GLAMOROUS  MUG,3654.77,3789
DOORMAT WELCOME TO OUR HOME,3652.230000000004,559
RED SPOTTY CUP,3649.1700000000064,4473
RETRO SPOT  CIGAR BOX MATCHES ,3648.25,3101
BREAD BIN DINER STYLE IVORY,3647.449999999998,231
VINTAGE UNION JACK APRON,3643.3499999999995,553
SET OF 3 BLUE STRIPE BASKET,3632.9700000000003,436
RED RETROSPOT STORAGE JAR,3628.5600000000004,992
CHOCOLATE CALCULATOR,3618.899999999999,2266
BLUE  SPOTTY PLATE ,3609.2800000000016,2272
HOME SMALL WOOD LETTERS,3588.7500000000023,725
36 DOILIES VINTAGE CHRISTMAS,3585.600000000004,2592
AIRLINE BAG VINTAGE TOKYO 78,3583.1000000000013,718
FANCY FONTS BIRTHDAY WRAP,3579.5,8975
UTILTY CABINET WITH HOOKS,3576.2500000000005,175
SET OF 6 T-LIGHTS SNOWMEN,3573.3499999999935,1265
HAPPY STENCIL CRAFT,3564.3,3122
PACK OF 6 SWEETIE GIFT BOXES,3564.2999999999956,1444
PARTY CONES CARNIVAL ASSORTED,3548.75,3067
GROW YOUR OWN FLOWERS SET OF 3,3547.410000000001,575
"HOOK, 3 HANGER ,MAGIC GARDEN",3533.2500000000036,1919
PACK OF 12 LONDON TISSUES ,3531.060000000001,12698
"DIAMANTE HEART SHAPED WALL MIRROR, ",3529.760000000001,516
 RED/WHITE DOT MINI CASES,3528.1800000000026,478
PLEASE ONE PERSON  METAL SIGN,3524.699999999997,1787
TRADITIONAL KNITTING NANCY,3522.2500000000064,2497
BLUE PAPER PARASOL ,3516.6499999999983,1319
WOODEN ADVENT CALENDAR RED,3514.0499999999997,243
RIBBON REEL SPOTS DESIGN ,3509.0500000000015,2157
SET/4 BLUE FLOWER CANDLES IN BOWL,3501.0,2292
HOMEMADE JAM SCENTED CANDLES,3499.2000000000044,2496
UNION JACK HOT WATER BOTTLE ,3490.799999999997,604
ANTIQUE GLASS HEART DECORATION ,3482.100000000003,1842
SAVE THE PLANET COTTON TOTE BAG,3471.75,1687
VINTAGE BILLBOARD DRINK ME MUG,3471.729999999998,3305
RED 3 PIECE RETROSPOT CUTLERY SET,3465.66,938
GARDEN METAL SIGN ,3463.050000000004,2285
RIBBON REEL SNOWY VILLAGE,3463.0500000000015,2157
POPPY'S PLAYHOUSE KITCHEN,3459.899999999982,1699
PICNIC BOXES SET OF 3 RETROSPOT ,3443.9499999999994,741
GREEN CHRISTMAS TREE CARD HOLDER,3441.5,838
FLORAL ELEPHANT SOFT TOY,3434.25,879
MILK PAN RED RETROSPOT,3424.2599999999998,926
TV DINNER TRAY DOLLY GIRL,3420.1000000000004,767
S/16 VINTAGE IVORY CUTLERY,3420.0,276
RETROSPOT PADDED SEAT CUSHION,3413.7,942
MAGNETS PACK OF 4 CHILDHOOD MEMORY,3409.94,2914
RED SPOTTY OVEN GLOVE DOUBLE,3408.3999999999996,1232
SPACEBOY BIRTHDAY CARD,3400.559999999992,8556
CHRISTMAS RETROSPOT HEART WOOD,3375.4199999999955,4206
RED BABY BUNTING ,3370.8500000000013,1163
"CHARLOTTE BAG , PINK/WHITE SPOTS",3359.9999999999995,4216
CAMOFLAGE DESIGN TEDDY,3358.8,1584
VANILLA SCENT CANDLE JEWELLED BOX,3345.7200000000003,804
LUNCH BOX WITH CUTLERY FAIRY CAKES ,3345.1500000000005,1369
TROPICAL  HONEYCOMB PAPER GARLAND ,3341.2499999999977,1467
DOOR MAT BIRD ON THE WIRE,3337.799999999996,562
ENAMEL WATERING CAN CREAM,3334.1900000000005,757
KEY CABINET MA CAMPAGNE,3333.39,465
MINATURE COLOURED GARDENING SET,3331.6999999999975,716
ALARM CLOCK BAKELIKE PINK,3329.64,900
ROSE COTTAGE KEEPSAKE BOX ,3326.800000000001,360
12 PENCIL SMALL TUBE WOODLAND,3325.4999999999995,5238
POPPY'S PLAYHOUSE BEDROOM ,3325.499999999983,1635
GLASS STAR FROSTED T-LIGHT HOLDER,3317.4500000000007,703
VICTORIAN SEWING KIT,3311.6,3064
COFFEE MUG BLUE PAISLEY DESIGN,3304.3499999999995,1632
GROW YOUR OWN BASIL IN ENAMEL MUG,3299.3999999999996,1594
HEART DECORATION WITH PEARLS ,3293.710000000001,3919
RAIN PONCHO WITH RED SPOTS,3288.700000000002,4462
"RUSTIC WOODEN CABINET, GLASS DOORS",3287.7200000000003,178
BOYS ALPHABET IRON ON PATCHES,3280.5300000000007,16993
ALARM CLOCK BAKELIKE IVORY,3273.39,885
LADYBIRD + BEE RAFFIA FOOD COVER,3256.95,889
STRAWBERRY LUNCHBOX WITH CUTLERY,3236.700000000004,1402
"CHARLOTTE BAG , SUKI DESIGN",3233.6999999999975,4082
RECIPE BOX RETROSPOT ,3230.099999999999,1134
LAUNDRY 15C METAL SIGN,3225.5200000000004,2596
FIVE HEART HANGING DECORATION,3220.450000000004,1099
"KEY FOB , SHED",3219.009999999998,5081
LUNCHBOX WITH CUTLERY FAIRY CAKES ,3215.2500000000055,1371
LUNCHBOX WITH CUTLERY RETROSPOT ,3214.3500000000045,1359
VINTAGE UNION JACK SHOPPING BAG,3210.75,677
NEWSPAPER STAND,3210.2999999999984,300
BALLOON PUMP WITH 10 BALLOONS,3205.0499999999993,1779
CABIN BAG VINTAGE RETROSPOT,3204.1500000000005,117
FELTCRAFT DOLL MARIA,3199.6600000000053,1172
RED HANGING METAL STAR TLIGHT HLDR,3199.17,923
BLUE SPOTTY BOWL,3197.1600000000003,2700
MAGIC DRAWING SLATE SPACEBOY ,3194.16,7900
CHINESE DRAGON PAPER LANTERNS,3193.7399999999975,10023
LARGE CAKE TOWEL PINK SPOTS,3192.15,485
RED STAR CARD HOLDER,3190.7999999999993,1128
PACK OF 12 TRADITIONAL CRAYONS,3189.4799999999977,7906
WHITE JEWELLED HEART DECORATION,3181.2199999999993,3962
GLASS JAR KINGS CHOICE,3177.6799999999967,1032
RETRO SPOT SMALL TUBE MATCHES,3176.8500000000017,2001
PHOTO FRAME CORNICE,3173.999999999998,1128
WATERING CAN PINK BUNNY,3160.469999999996,1769
DOCTOR'S BAG SOFT TOY,3157.8000000000006,364
RED RETROSPOT ROUND CAKE TINS,3153.55,329
6 CHOCOLATE LOVE HEART T-LIGHTS,3153.4800000000014,1599
IVY HEART WREATH,3152.5,486
CHARLOTTE BAG PINK WITH WHITE SPOTS,3151.2,3952
CHALKBOARD KITCHEN ORGANISER,3148.899999999998,162
SET/20 STRAWBERRY PAPER NAPKINS ,3135.2399999999966,4068
PACK OF 6 HANDBAG GIFT BOXES,3132.149999999996,1245
CERAMIC STRWBERRY DESIGN MUG,3130.2500000000023,2269
TOADSTOOL MONEY BOX,3126.000000000004,1080
SKULLS  WATER TRANSFER TATTOOS ,3123.0000000000027,3932
GREY FLORAL FELTCRAFT SHOULDER BAG,3118.59,849
HOLIDAY FUN LUDO,3118.29,835
TOAST ITS - I LOVE YOU ,3109.25,2633
SKULL SHOULDER BAG,3109.1500000000024,1991
PINK SPOTS  WRAP ,3102.5,7725
GREEN CHERRY LIGHTS,3100.2,524
RED SPOTTY OVEN GLOVE ,3095.44,2556
STAR PORTABLE TABLE LIGHT ,3089.9000000000024,1106
RED GINGHAM TEDDY BEAR ,3086.1000000000035,1102
CITRONELLA CANDLE FLOWERPOT,3068.2500000000023,1885
COFFEE MUG PINK PAISLEY DESIGN,3061.5599999999995,1570
PACK OF 12 PINK SPOT TISSUES ,3058.930000000001,8151
VINTAGE RED TEATIME MUG,3055.84,4316
MINI CAKE STAND WITH HANGING CAKES,3053.3999999999965,2312
SET OF 2 FANCY FONT TEA TOWELS,3042.3499999999985,1053
HEART SHAPED MIRROR,3041.070000000002,1923
RETRO SPOT GIANT  TUBE MATCHES,3034.9499999999975,1295
DOORMAT I LOVE LONDON,3027.040000000001,510
 SET 2 TEA TOWELS I LOVE LONDON ,3022.6499999999987,1055
BLACK AND WHITE PAISLEY FLOWER MUG,3019.57,25685
"FOLDING UMBRELLA , BLACK/BLUE  SPOT",3015.5999999999995,768
FAMILY PHOTO FRAME CORNICE,3011.6000000000026,312
PACK 3 BOXES BIRD PANNETONE ,3011.4000000000005,1596
FRENCH WC SIGN BLUE METAL,3011.12,2584
ZINC WILLIE WINKIE  CANDLE STICK,3007.2200000000034,3626
RIBBON REEL CHRISTMAS PRESENT ,2998.650000000003,1861
RED RETROSPOT TEA CUP AND SAUCER ,2993.88,812
BOOM BOX SPEAKER BOYS,2993.549999999998,569
SPACEBOY GIFT WRAP,2993.3,7265
PINK SPOTTY CHILDS UMBRELLA,2991.25,949
DOOR MAT AIRMAIL ,2988.53,427
PEACE WOODEN BLOCK LETTERS,2987.2499999999977,435
WOODLAND DESIGN  COTTON TOTE BAG,2983.5,1334
PIG KEYRING WITH LIGHT & SOUND ,2976.3500000000004,2527
RED/WHITE SPOT PICNIC BAG,2974.45,1091
METAL SIGN EMPIRE TEA,2974.0199999999995,1228
SET OF 9 BLACK SKULL BALLOONS,2973.3499999999995,3651
CHARLIE + LOLA BISCUITS TINS,2963.150000000001,733
STRING OF 20 ROSE LIGHTS,2962.5,262
RED RETROSPOT MINI CASES,2945.250000000002,391
SCANDINAVIAN PAISLEY PICNIC BAG,2936.1499999999996,1065
DOOR MAT FRIENDSHIP ,2934.309999999997,431
BLACK/BLUE POLKADOT UMBRELLA,2931.7499999999955,525
SPACEBOY TV DINNER TRAY,2929.0000000000005,652
SMALL HEART MEASURING SPOONS,2927.720000000003,3495
MONSTERS STENCIL CRAFT,2922.62,2574
WHITE SWEETHEARTS CABINET 4 DRAWERS,2915.25,239
VINTAGE BILLBOARD TEA MUG,2914.1,3076
SET 12 KIDS COLOUR  CHALK STICKS,2913.959999999999,7226
SKULLS  STICKERS,2912.8499999999976,3693
SET/10 RED POLKADOT PARTY CANDLES,2907.0900000000006,2457
TEA TIME DES TEA COSY,2902.0499999999956,1230
PEACE SMALL WOOD LETTERS,2896.65,419
PIZZA SLICE DISH,2891.4500000000003,2605
METAL SIGN NEIGHBOURHOOD WITCH ,2889.000000000001,1415
SWALLOWS GREETING CARD,2882.9399999999923,7135
ENGLISH ROSE HOT WATER BOTTLE,2876.0,707
CERAMIC PLATE STRAWBERRY DESIGN,2860.0100000000025,2341
OVERNIGHT BAG VINTAGE ROSE PAISLEY,2859.550000000001,589
CLASSIC WHITE FRAME,2849.2999999999975,974
DOORMAT MERRY CHRISTMAS RED ,2847.1000000000017,392
METAL SHELF WITH RAIL ,2839.0,339
S/16 VINTAGE RED CUTLERY,2836.95,253
3 TIER CAKE TIN RED AND CREAM,2834.249999999998,199
SILVER CHRISTMAS TREE BAUBLE STAND ,2833.2999999999993,174
WOODLAND PARTY BAG + STICKER SET,2819.2500000000023,1761
WOODEN HEART CHRISTMAS SCANDINAVIAN,2816.049999999997,3313
RED METAL BEACH SPADE ,2815.15,2415
CERAMIC CAKE DESIGN SPOTTED PLATE,2813.800000000004,1964
PACK OF 12 SKULL TISSUES,2809.1700000000037,10521
SET OF 3 BLACK FLYING DUCKS,2809.15,779
COSY HOUR CIGAR BOX MATCHES ,2805.44,2248
PACK OF 12 COLOURED PENCILS,2805.0700000000033,3535
WALL TIDY RETROSPOT ,2802.1999999999994,1382
"FOLDING UMBRELLA , RED/WHITE SPOT",2799.0,900
CHARLIE AND LOLA CHARLOTTE BAG,2798.050000000001,2181
SET OF 2 TINS VINTAGE BATHROOM ,2797.5,670
ROUND CAKE TIN VINTAGE RED,2793.7500000000036,365
BIRD HOUSE HOT WATER BOTTLE,2793.449999999998,1297
SEWING BOX RETROSPOT DESIGN ,2793.300000000002,174
FINE WICKER HEART ,2792.9200000000005,2300
JOY WOODEN BLOCK LETTERS,2787.75,561
PINK PAISLEY QUILT ,2784.8,208
POLYESTER FILLER PAD 40x40cm,2776.7500000000005,1915
SET OF 3 RED STRIPE BASKETS,2769.44,323
"KEY FOB , BACK DOOR ",2765.310000000001,4383
PINK  SPOTTY CUP,2756.7,3390
KENSINGTON COFFEE SET,2746.5,310
CHRISTMAS GINGHAM STAR,2746.2699999999995,3319
PAINT YOUR OWN CANVAS SET,2745.8999999999983,1734
FELTCRAFT PRINCESS OLIVIA DOLL,2744.19,741
GREEN 3 PIECE POLKADOT CUTLERY SET,2738.8199999999997,758
GLASS JAR DAISY FRESH COTTON WOOL,2738.250000000002,999
TEA PARTY BIRTHDAY CARD,2738.219999999993,6751
3D DOG PICTURE PLAYING CARDS,2737.4500000000016,967
BREAD BIN DINER STYLE RED ,2733.300000000001,175
CHOCOLATE BOX RIBBONS ,2724.17,2245
FAIRY CAKE DESIGN UMBRELLA,2722.8,744
ROCKING HORSE RED CHRISTMAS ,2710.5299999999984,3321
SWEETHEART RECIPE BOOK STAND,2705.5999999999995,416
STRAWBERRY BATH SPONGE ,2705.05,2237
ASSORTED COLOUR T-LIGHT HOLDER,2704.9700000000016,4097
PINK PADDED MOBILE,2693.5,644
OFFICE MUG WARMER BLACK+SILVER ,2692.7500000000005,897
TOY TIDY PINK POLKADOT,2689.9999999999995,1385
36 PENCILS TUBE SKULLS,2683.4900000000002,2193
BLACK KITCHEN SCALES,2680.8999999999996,324
CHRISTMAS PUDDING TRINKET POT ,2680.7500000000027,1916
RECIPE BOX RETRO SPOT DESIGN,2674.000000000003,952
"DECORATION HEN ON NEST, HANGING",2673.9000000000033,1810
METAL MEDINA LANTERN ,2670.6000000000004,294
POPPY'S PLAYHOUSE LIVINGROOM ,2670.299999999989,1323
STRAWBERRY RAFFIA FOOD COVER,2659.7999999999997,740
PARTY CONES CANDY ASSORTED,2650.96,2222
"HOOK, 1 HANGER ,MAGIC GARDEN",2649.2900000000027,3233
SET OF 9 HEART SHAPED BALLOONS,2643.5,2130
DINOSAUR LUNCH BOX WITH CUTLERY,2642.9999999999964,1100
ALARM CLOCK BAKELIKE ORANGE,2634.81,703
MONEY BOX KINGS CHOICE DESIGN,2629.64,2080
HANGING METAL BIRD BATH,2613.9000000000005,339
SANDWICH BATH SPONGE,2608.75,2087
PACK OF 6 SKULL PAPER CUPS,2605.109999999997,4287
FAIRY SOAP SOAP HOLDER,2596.6800000000007,1620
PINK  HEART SHAPE LOVE BUCKET ,2592.2500000000014,895
"WALL MIRROR , DIAMANTE OVAL SHAPE",2591.850000000002,387
WHITE HANGING BEADS CANDLE HOLDER,2582.449999999999,485
5 HOOK BLACKBOARD ORGANISER ,2579.64,300
SET OF 72 IVORY PAPER DOILIES,2578.200000000003,1884
SWALLOW GIANT TUBE MATCHES,2573.2499999999973,1115
CINAMMON & ORANGE WREATH,2572.5000000000014,918
SET/3 OCEAN SCENT CANDLE JEWEL BOX,2568.51,635
NURSE'S BAG SOFT TOY,2566.550000000002,289
CHRISTMAS CRAFT HEART STOCKING ,2565.9999999999986,1260
BLUE SPOTS  WRAP,2555.0,6350
CHRISTMAS RETROSPOT STAR WOOD,2549.32,3124
BLUE  SPOTTY CUP,2542.229999999999,3123
"DOG BOWL , CHASING BALL DESIGN",2537.13,695
SWEETHEART CREAM STEEL TABLE RECT,2533.6500000000005,127
APPLE BATH SPONGE,2532.55,2099
ROSE SCENT CANDLE IN JEWELLED BOX,2532.3599999999997,612
"KEY FOB , GARAGE DESIGN",2526.7599999999993,4016
LUSH GREENS RIBBONS,2525.36,2044
VINTAGE BILLBOARD LOVE/HATE MUG,2525.24,2690
DAIRY MAID LARGE MILK JUG,2522.85,533
VINTAGE SEASIDE JIGSAW PUZZLES,2522.49,703
RED PAPER PARASOL,2520.050000000001,915
BLACK DINER WALL CLOCK,2501.55,304
RED/CREAM STRIPE FRINGE HAMMOCK,2483.7500000000023,325
SET 12 RETRO WHITE CHALK STICKS,2483.7,6157
FRYING PAN PINK POLKADOT ,2483.0,600
CUPCAKE LACE PAPER SET 6,2482.3500000000013,1369
SET/6 PURPLE BUTTERFLY T-LIGHTS,2482.260000000001,1257
S/16 VINTAGE PISTACHIO CUTLERY,2482.0499999999997,215
PENS ASSORTED FUNNY FACE,2481.84,3096
DOOR MAT RESPECTABLE HOUSE,2479.8600000000006,358
FLOWER VINE RAFFIA FOOD COVER,2468.5499999999997,689
POTTING SHED TWINE,2467.9799999999987,1352
PINK HEART DOTS HOT WATER BOTTLE,2466.87,841
WRAP ENGLISH ROSE ,2465.48,6022
LOVE HEART SOCK HANGER,2461.499999999998,1550
JOY LARGE WOOD LETTERS,2457.1000000000013,398
36 PENCILS TUBE WOODLAND,2456.96,1968
LOVE HEART NAPKIN BOX ,2453.25,581
AIRLINE BAG VINTAGE JET SET RED,2450.0000000000014,460
"SWISS ROLL TOWEL, PINK  SPOTS",2444.400000000001,840
WHITE TISSUE REAM,2440.650000000003,307
RETRO SPOT STORAGE JAR,2439.0899999999997,675
MAGIC DRAWING SLATE DOLLY GIRL ,2424.419999999999,6117
EASTER TIN BUCKET,2424.000000000002,1000
CHARLOTTE BAG DOLLY GIRL DESIGN,2420.1,3046
"SPRING DEC , HANGING CHICK CREAM",2419.1999999999994,1872
FLAMINGO LIGHTS,2416.8499999999995,527
"FANCY FONT BIRTHDAY CARD, ",2415.7199999999966,6038
6 RIBBONS ELEGANT CHRISTMAS ,2415.4499999999985,1525
PAPER BUNTING RETROSPOT,2414.4500000000007,851
SET/4 PINK ORCHID CANDLES IN BOWL,2397.7799999999997,1818
GLASS ETCHED T-LIGHT HOLDER LARGE,2397.3000000000006,1203
ASSORTED TUTTI FRUTTI SMALL PURSE,2391.7400000000002,1990
SET OF 72 RETROSPOT PAPER  DOILIES,2387.800000000004,1688
CARDHOLDER GINGHAM STAR,2386.949999999998,953
MILK PAN PINK RETROSPOT,2385.72,663
DINOSAUR PARTY BAG + STICKER SET,2385.2000000000007,1528
HEART GARLAND RUSTIC PADDED,2385.0000000000005,828
WATERING CAN BLUE ELEPHANT,2384.4000000000037,1232
WATERING CAN GREEN DINOSAUR,2377.5900000000024,1351
WOODLAND  HEIGHT CHART STICKERS ,2376.350000000002,893
TOILET METAL SIGN,2373.2899999999963,4435
PHOTO CUBE,2369.9999999999995,1492
RIBBON REEL CHRISTMAS SOCK BAUBLE,2367.600000000002,1464
CITRONELLA CANDLE GARDEN POT,2359.87,2279
EMBOSSED GLASS TEALIGHT HOLDER,2359.25,1933
PORCELAIN BUTTERFLY OIL BURNER,2354.2500000000027,951
HEART WOODEN CHRISTMAS DECORATION,2353.030000000001,2827
DOORMAT WELCOME SUNRISE,2349.5200000000004,376
12 PENCILS SMALL TUBE RED RETROSPOT,2346.4999999999986,3610
"POPCORN HOLDER , SMALL ",2344.2999999999993,3070
EASTER CRAFT IVY WREATH WITH CHICK,2340.9,1342
SET OF 2 TEA TOWELS APPLE AND PEARS,2337.7000000000016,806
BOMBS AWAY METAL SIGN,2332.740000000002,1153
CHRISTMAS GINGHAM TREE,2328.1100000000024,2783
GLASS HEART T-LIGHT HOLDER ,2323.730000000002,3116
POLYESTER FILLER PAD 45x45cm,2320.35,2145
CHRISTMAS STAR WISH LIST CHALKBOARD,2318.7200000000007,2816
TEA TIME TEA SET IN GIFT BOX,2318.1500000000015,337
OWL DOORSTOP,2314.5000000000005,482
BOX OF 9 PEBBLE CANDLES,2313.9000000000024,1236
BIRDS MOBILE VINTAGE DESIGN,2308.099999999999,398
BLUE/CREAM STRIPE FRINGE HAMMOCK,2307.800000000003,304
PACK OF 6 SANDCASTLE FLAGS ASSORTED,2303.67,2991
TEA TIME MUG IN GIFT BOX,2300.9000000000033,806
CHRISTMAS RETROSPOT ANGEL WOOD,2299.1500000000005,2815
SMALL RED RETROSPOT WINDMILL,2298.87,1923
SET OF 4 NEW ENGLAND PLACEMATS,2298.0,2744
HANGING FAIRY CAKE DECORATION,2296.4999999999995,1281
PINK OWL SOFT TOY,2287.8800000000015,830
GREEN GINGHAM FLOWER JEWELLERY BOX,2281.800000000001,1412
PINK FELT EASTER EGG BASKET,2280.2000000000025,1460
S/16 VINTAGE BLACK CUTLERY,2278.0499999999997,199
TRIPLE PHOTO FRAME CORNICE ,2271.9500000000016,233
WOODEN STAR CHRISTMAS SCANDINAVIAN,2252.5000000000005,2650
12 PENCILS TALL TUBE SKULLS,2248.6700000000014,2651
5 HOOK HANGER RED MAGIC TOADSTOOL,2248.65,1469
JAM MAKING SET PRINTED,2244.2500000000036,1561
HEN HOUSE DECORATION,2242.949999999999,1479
BUTTERFLIES  HONEYCOMB GARLAND,2240.25,1445
CAST IRON HOOK GARDEN FORK,2238.38,986
OCEAN STRIPE HAMMOCK ,2237.400000000002,292
POLKA DOT RAFFIA FOOD COVER,2236.95,849
OCEAN SCENT CANDLE IN JEWELLED BOX,2236.19,539
CARDHOLDER GINGHAM CHRISTMAS TREE,2233.4999999999977,914
12 MESSAGE CARDS WITH ENVELOPES,2231.400000000001,1396
HANGING MEDINA LANTERN SMALL,2230.7500000000027,877
PHOTO FRAME 3 CLASSIC HANGING,2226.3500000000026,229
24 HANGING EASTER EGGS FLORAL TUB,2222.1000000000004,654
BUTTON BOX ,2219.5500000000015,1169
TEA CUP AND SAUCER RETRO SPOT,2218.98,614
POTTERING MUG,2217.86,1798
CAST IRON HOOK GARDEN TROWEL,2212.43,973
LUNCH BAG PINK POLKADOT,2210.6000000000017,1364
GARLAND WOODEN HAPPY EASTER,2209.0299999999997,1943
BRIGHT BLUES RIBBONS ,2207.6400000000003,1788
ROMANTIC PINKS RIBBONS ,2206.4700000000003,1767
CHRISTMAS RETROSPOT TREE WOOD,2205.0700000000015,2719
CHOC TRUFFLE GOLD TRINKET POT ,2204.0999999999976,1410
HANGING MEDINA LANTERN LARGE,2201.25,704
SET/3 DECOUPAGE STACKING TINS,2200.9500000000003,465
ALPHABET STENCIL CRAFT,2196.5699999999997,1905
IVORY ENCHANTED FOREST PLACEMAT,2181.4999999999995,1390
JAM MAKING SET WITH JARS,2180.25,549
FRENCH BATHROOM SIGN BLUE METAL,2179.8000000000006,1356
WATERMELON BATH SPONGE,2169.95,1739
SWEETHEART CARRY-ALL BASKET,2169.2000000000003,260
TEATIME CAKE TIN WITH HANDLE,2168.500000000001,230
BLUE/BROWN DOTS RUFFLED UMBRELLA,2167.8499999999995,539
12 PENCILS TALL TUBE WOODLAND,2164.020000000002,2634
BLUE TEA TOWEL CLASSIC DESIGN,2161.0699999999997,1831
CHERRY BLOSSOM DECORATIVE FLASK,2153.2200000000003,598
72 CAKE CASES VINTAGE CHRISTMAS,2148.9900000000025,4293
GIANT MEDINA STAMPED METAL BOWL ,2144.300000000001,226
TEA COSY RED  STRIPE,2144.099999999999,916
HAND OPEN SHAPE DECO.WHITE,2142.2400000000016,744
MAGNETS PACK OF 4 SWALLOWS,2141.91,1719
WOODLAND ANIMAL  WRITING SET ,2133.0500000000006,1357
"KEY FOB , FRONT  DOOR ",2127.01,3401
BABY BOOM RIBBONS ,2126.39,1723
ROTATING LEAVES T-LIGHT HOLDER,2125.55,1661
ASSORTED CREEPY CRAWLIES,2117.9400000000005,5149
RED FLOWER CROCHET FOOD COVER,2112.9,566
SET/20 RED RETROSPOT PAPER NAPKINS ,2112.100000000002,2722
SET OF 12 LILY BOTANICAL T-LIGHTS,2110.6500000000024,735
Adjustment by john on 26/01/2010 16,2107.4100000000003,18
EMERGENCY FIRST AID TIN ,2106.76,1700
CHERRY CROCHET FOOD COVER,2106.6,740
TABLECLOTH RED APPLES DESIGN ,2099.5,257
T-LIGHT GLASS FLUTED ANTIQUE,2099.45,1789
SET 12 LAVENDER  BOTANICAL T-LIGHTS,2096.600000000001,740
SMALL RED RETROSPOT MUG IN BOX ,2096.58,566
ENGLISH ROSE TABLE CLOTH,2096.55,207
SET OF 4 NAPKIN CHARMS HEARTS,2096.399999999997,856
SET/6 FRUIT SALAD  PAPER PLATES,2093.09,14633
ROSE DES PADDED FLOOR CUSHION,2090.68,653
GREEN  SPOTTY PLATE ,2077.8,1284
SALLE DE BAIN HOOK,2075.54,1702
EASTER CRAFT 4 CHICKS ,2074.9500000000025,1181
POPPY'S PLAYHOUSE BATHROOM,2074.199999999993,1032
BAG 125g SWIRLY MARBLES,2072.94,5227
PIZZA PLATE IN BOX,2069.8199999999997,570
SET OF 72 SKULL PAPER  DOILIES,2069.6000000000017,1520
RED TEA TOWEL CLASSIC DESIGN,2059.54,1706
SET/3 ROSE CANDLE IN JEWELLED BOX,2058.5299999999997,509
SET/2 RED RETROSPOT TEA TOWELS ,2058.4000000000005,752
CAT BOWL ,2057.699999999997,862
RIBBON REEL MAKING SNOWMEN ,2053.3500000000017,1259
RED SPOTTY PURSE ,2051.9000000000024,698
NO JUNK MAIL METAL SIGN,2051.7300000000005,2281
"FEATHER PEN,HOT PINK",2049.2700000000013,2499
MINI JIGSAW SPACEBOY,2048.34,4949
CHARLIE AND LOLA FIGURES TINS,2045.630000000001,517
JAPANESE CROCHETED ANIMAL,2045.0400000000002,5092
MOUSE TOY WITH PINK T-SHIRT,2043.75,545
RETRO SPOT SUGAR JAM BOWL,2034.749999999998,853
EAU DE NIL DINER WALL CLOCK,2033.1999999999998,244
CHRISTMAS CRAFT LITTLE FRIENDS,2032.6999999999987,1002
SET OF 36 MUSHROOM PAPER DOILIES,2032.050000000002,1461
RED RETROSPOT CHARLOTTE BAG,2030.4999999999986,2502
CREAM FELT EASTER EGG BASKET,2028.9000000000003,1258
FOLDING UMBRELLA  CHOC/WHITE  SPOT,2023.8000000000004,524
REX CASH+CARRY JUMBO SHOPPER,2023.5000000000068,2130
PENCIL CASE LIFE IS BEAUTIFUL,2022.7500000000014,693
BATH DUCK WATERING CAN,2016.5200000000013,832
EMBOSSED HEART 3 DRAWER SHELF,2012.85,159
"SPRING DEC , HANGING CHICK  YELLOW",2009.8999999999992,1550
ALARM CLOCK BAKELIKE CHOCOLATE,2007.33,547
60 GOLD AND SILVER FAIRY CAKE CASES,2005.1299999999997,4199
RED SPOTTY BIG BOWL,2002.8000000000022,408
SAVOY ART DECO CLOCK,2001.3,166
CHERRY DESIGN PAPERLANTERNS,2000.4400000000012,1064
GARLAND WITH HEARTS AND BELLS,1999.800000000002,404
COWBOYS AND INDIANS BIRTHDAY CARD ,1995.2399999999964,4982
SET/3 FLORAL GARDEN TOOLS IN BAG,1994.0000000000005,280
OFFICE MUG WARMER CHOC+BLUE,1993.5500000000004,541
SET OF 6 STRAWBERRY CHOPSTICKS,1992.3000000000002,1758
SET/20 WOODLAND PAPER NAPKINS ,1990.5300000000009,2745
EMPIRE UNION JACK TV DINNER TRAY,1988.1000000000008,422
IVORY DINER WALL CLOCK,1982.1999999999998,238
COSMETIC BAG VINTAGE ROSE PAISLEY,1980.3999999999987,984
TOAST ITS - BEST MUM,1977.6499999999996,1705
EMPIRE GIFT WRAP,1977.5,4875
DOORMAT CHRISTMAS VILLAGE,1975.230000000001,269
MAGNETS PACK OF 4 VINTAGE COLLAGE,1972.0900000000001,1709
RETROSPOT PARTY BAG + STICKER SET,1970.700000000001,1270
12 IVORY ROSE PEG PLACE SETTINGS,1969.8300000000002,1647
EIGHT PIECE DINOSAUR SET,1966.46,1606
HANGING RIDGE GLASS T-LIGHT HOLDER,1963.8600000000001,1266
CAKE PLATE LOVEBIRD WHITE,1957.8000000000015,404
"ELEPHANT, BIRTHDAY CARD, ",1956.2399999999975,4860
WHITE TALL PORCELAIN T-LIGHT HOLDER,1952.3999999999996,912
WHITE BAMBOO RIBS LAMPSHADE,1949.6899999999998,2253
WRAP CHRISTMAS VILLAGE,1946.54,4787
BROCANTE COAT RACK,1945.5500000000009,261
GREEN CHRISTMAS TREE STRING 20LIGHT,1941.1499999999996,421
BLUE PADDED SOFT MOBILE,1934.0,458
HANGING GLASS ETCHED TEALIGHT,1927.7999999999988,1212
PINK ROSE WASHBAG,1916.25,791
BLACK WINE GLASS,1915.7399999999998,1982
RED RETROSPOT APRON ,1913.9499999999998,361
SET 12 WILDFLOWER BOTANICAL T-LIGHT,1912.6000000000017,676
BATHROOM METAL SIGN ,1911.9000000000003,1398
LIGHT GARLAND BUTTERFILES PINK,1910.54,502
BLACK RETRODISC LAMPSHADE,1905.1499999999996,977
S/15 SILVER GLASS BAUBLES IN BAG,1897.8500000000001,1573
UNION JACK FLAG PASSPORT COVER ,1897.2599999999993,955
SET/10 PINK POLKADOT PARTY CANDLES,1896.81,1605
ENAMEL WASH BOWL CREAM,1890.25,535
MUSHROOM BLUE HOT WATER BOTTLE,1889.7500000000023,665
LARGE MEDINA STAMPED METAL BOWL ,1885.0499999999997,391
PINK HAWAIIAN PICNIC HAMPER FOR 4,1883.5500000000002,349
CHRISTMAS HANGING HEART WITH BELL,1880.1399999999999,1526
12 PENCILS TALL TUBE RED SPOTTY,1878.1900000000019,2239
LOVE HEART POCKET WARMER,1875.7499999999995,1587
MONEY BOX BISCUITS DESIGN,1872.9,1398
CHILDS GARDEN BRUSH BLUE,1870.979999999998,980
GUMBALL MAGAZINE RACK,1869.7500000000002,255
SET OF 4 NAPKIN CHARMS CUTLERY,1869.7499999999989,753
MAGIC DRAWING SLATE PURDEY,1868.5799999999995,4717
SKULL DESIGN TV DINNER TRAY,1866.5500000000006,417
PACK 20 DOLLY PEGS,1861.9000000000017,2374
DAIRY MAID  PUDDING BOWL,1860.0,1296
WOODEN OWLS LIGHT GARLAND ,1859.79,483
SILK PURSE RUSSIAN DOLL RED,1854.2499999999995,575
3 HOOK HANGER MAGIC GARDEN,1854.0000000000014,1056
SHOE SHINE BOX ,1847.400000000001,188
SET OF 2 ROUND TINS CAMEMBERT ,1845.5000000000011,650
ANTIQUE GLASS DRESSING TABLE POT,1845.1999999999985,632
SET/6 WOODLAND PAPER CUPS,1843.1200000000001,13712
OFFICE MUG WARMER POLKADOT,1840.9500000000003,529
CHILDS GARDEN BRUSH PINK,1839.1799999999982,962
HEADS AND TAILS SPORTING FUN,1838.89,1493
STAR WOODEN CHRISTMAS DECORATION,1837.930000000001,2221
5 HOOK HANGER MAGIC TOADSTOOL,1830.149999999999,1179
VINTAGE PAISLEY STATIONERY SET,1825.250000000002,923
SET/6 WOODLAND PAPER PLATES,1817.1599999999996,13668
GOLD  CHERRY LIGHTS,1816.9999999999998,300
GREEN SPOTTY BOWL,1816.53,1497
KITCHEN METAL SIGN,1811.1399999999999,3472
MEDIUM MEDINA STAMPED METAL BOWL ,1805.300000000001,638
SET 20 NAPKINS FAIRY CAKES DESIGN ,1803.1800000000019,2406
SMALL TAHITI BEACH BAG,1802.490000000001,457
CHARLIE+LOLA RED HOT WATER BOTTLE ,1799.1899999999996,559
SILVER LATTICE VANILLA CANDLE POT,1796.28,484
BLUE FAIRY CAKE CHILD'S APRON,1792.6500000000008,991
PINK JUMPER LARRY THE LAMB,1788.7199999999996,949
S/4 PINK FLOWER CANDLES IN BOWL,1786.1999999999991,1100
LADS ONLY TISSUE BOX,1783.57,1625
WHITE RETRODISC LAMPSHADE,1775.1,898
GLITTER HEART GARLAND WITH BELLS ,1768.62,482
TOMATO CHARLIE+LOLA COASTER SET,1767.4000000000008,668
MAGIC DRAWING SLATE CIRCUS PARADE  ,1766.1599999999999,4356
SET OF 6 CAKE CHOPSTICKS,1765.24,1580
SET/20 FRUIT SALAD PAPER NAPKINS ,1764.3000000000015,7062
LARGE RED BABUSHKA NOTEBOOK ,1763.27,1531
SMALL SKULL WINDMILL,1761.5,1546
6 RIBBONS EMPIRE  ,1759.0499999999993,1097
DAIRY MAID BUTTER DISH,1758.25,1193
MEASURING TAPE RUSSIAN DOLL RED,1755.0500000000004,647
3 TIER CAKE TIN GREEN AND CREAM,1753.5000000000011,122
ASSORTED ICE CREAM FRIDGE MAGNETS,1751.9099999999987,2811
RED LOVE HEART SHAPE CUP,1750.670000000002,2111
FRENCH STYLE WALL DRESSER,1740.0,15
MULTICOLOUR SPRING FLOWER MUG,1738.9699999999998,11045
PINK FLOWER CROCHET FOOD COVER,1736.4,504
PORCELAIN ROSE LARGE ,1734.1600000000003,1484
SET OF 4 NAPKIN CHARMS STARS   ,1731.7499999999984,713
SANDALWOOD FAN,1729.3500000000004,2603
CHRISTMAS METAL POSTCARD WITH BELLS,1724.59,1511
ASSORTED CAKES FRIDGE MAGNETS,1716.4299999999994,2747
OPULENT VELVET SET/3 CANDLES,1713.3000000000002,1202
RED SPOTTY SHOPPING BAG,1708.3499999999985,671
T-LIGHT HOLDER HANGING LACE,1704.76,1424
FUNKY DIVA PEN,1701.969999999999,2017
SILVER PLATE CANDLE BOWL SMALL,1699.2000000000012,576
HOT BATHS SOAP HOLDER,1698.9299999999998,1053
MAKE YOUR OWN MONSOON CARD KIT,1697.6500000000037,595
DINOSAURS  WRITING SET ,1697.189999999998,1051
"CHRISTMAS GARLAND STARS,TREES",1691.25,715
SILK PURSE BABUSHKA RED,1691.1999999999994,512
S/4 VALENTINE DECOUPAGE HEART BOX,1688.8000000000015,592
"DECORATION, HANGING HEART+MIRROR ",1688.0,2608
ROUND CAKE TIN VINTAGE GREEN,1685.1000000000017,219
CREAM SWEETHEART EGG HOLDER,1685.1,354
RED RETROSPOT PUDDING BOWL,1679.0,400
BUTTERFLY CROCHET FOOD COVER,1675.5,498
GARDENIA 1 WICK MORRIS BOXED CANDLE,1674.8899999999999,409
TEA PARTY  WRAPPING PAPER ,1674.0,4100
GREEN ROSE WASHBAG,1672.5,726
SET OF 4 ENGLISH ROSE PLACEMATS,1670.6999999999998,466
VINTAGE KID DOLLY CARD ,1669.259999999999,4151
BEADED LOVE HEART JEWELLERY SET,1667.860000000001,2098
ASSORTED COLOUR SILK COIN PURSE,1667.5899999999997,3551
TOOL BOX SOFT TOY ,1664.7000000000005,186
GREEN SPOTTY CUP,1662.2499999999973,2029
RETRO SPOT PADDED SEAT CUSHION,1657.6499999999999,467
PORCELAIN T-LIGHT HOLDERS ASSORTED,1656.05,1417
ROCKING HORSE GREEN CHRISTMAS ,1655.72,2036
BLUE SAVANNAH PICNIC HAMPER FOR 4,1654.5000000000002,310
S/16 VINTAGE ROSE CUTLERY,1652.55,133
PURPLE PAPER PARASOL,1652.0000000000014,592
SMALL PURPLE BABUSHKA NOTEBOOK ,1646.6699999999996,2007
DAISIES  HONEYCOMB GARLAND ,1646.5499999999995,1059
KIDS RAIN MAC BLUE,1645.8999999999996,2038
DINOSAUR KEYRINGS ASSORTED,1644.8999999999974,7910
AIRLINE BAG VINTAGE WORLD CHAMPION ,1644.250000000001,311
JUNGLE POPSICLES ICE LOLLY HOLDERS,1640.65,1349
WOOD FAN WITH FLOWER DESIGN,1638.43,1391
CUT GLASS T-LIGHT HOLDER OCTAGON,1637.46,940
SKULLS WRITING SET ,1634.399999999998,992
RED RETROSPOT SHOPPER BAG,1632.0,1412
RED RETROSPOT PEG BAG,1630.9999999999982,845
ANGEL DECORATION 3 BUTTONS ,1630.0800000000006,3984
SWALLOW CIGAR BOX MATCHES ,1628.06,1390
GLASS ETCHED T-LIGHT HOLDER MEDIUM,1625.8500000000017,867
LOVE HEART TRINKET POT,1625.5000000000016,1174
RED RETROSPOT OVEN GLOVE ,1625.5,1422
3D HEARTS  HONEYCOMB PAPER GARLAND,1625.1,562
WOOD STOCKING CHRISTMAS SCANDISPOT,1623.3100000000002,1963
SILVER PLATE CANDLE BOWL LARGE,1619.58,446
BAG 500g SWIRLY MARBLES,1615.349999999999,1043
MEASURING TAPE BABUSHKA RED,1612.8000000000015,576
TOAST ITS - DINOSAUR,1611.67,1295
CHILDRENS GARDEN GLOVES PINK,1608.6000000000001,1296
LARGE WHITE HONEYCOMB PAPER BELL  ,1607.06,850
PINK FAIRY CAKE CUSHION COVER,1605.4499999999998,991
GROW A FLYTRAP OR SUNFLOWER IN TIN,1602.78,1326
WOODEN TREE CHRISTMAS SCANDINAVIAN,1600.5500000000009,1883
ASSORTED TUTTI FRUTTI NOTEBOOK,1598.1000000000008,761
SET OF 2 TINS JARDIN DE PROVENCE,1596.8999999999992,326
 SILVER CHERRY LIGHTS,1594.8000000000002,264
KIDS RAIN MAC PINK,1594.3499999999995,1983
POMPOM CURTAIN,1591.8000000000002,324
GLASS CAKE STAND,1591.7000000000014,110
GLITTER STAR GARLAND WITH BELLS ,1590.9,430
SET 12 KIDS  WHITE CHALK STICKS,1589.1000000000004,3835
GIN & TONIC DIET GREETING CARD ,1588.0800000000004,3896
BUDDHA INCENSE HOLDER ASSORTED,1587.2399999999996,2176
SMALL WHITE RETROSPOT MUG IN BOX ,1586.58,430
BLUE OWL SOFT TOY,1586.000000000001,552
IVORY PILLAR CANDLE SILVER FLOCK,1585.5,762
ABSTRACT CIRCLE JOURNAL ,1582.1999999999998,798
SPRING FLOWER CHOPSTICKS SET/5,1581.1500000000012,857
SET OF 4 DIAMOND NAPKIN RINGS,1575.5,234
WOOD AND GLASS MEDICINE CABINET,1575.15,57
RETROSPOT LARGE MILK JUG,1574.6999999999996,330
PACK OF 20 NAPKINS PANTRY DESIGN,1569.8000000000013,2084
SMALL SILVER TRELLIS CANDLEPOT,1569.4000000000005,532
BLUE FELT EASTER EGG BASKET,1568.550000000001,979
WHITE BELL HONEYCOMB PAPER GARLAND ,1566.749999999999,1015
SET OF 6 T-LIGHTS TOADSTOOLS,1562.300000000002,554
RED RETROSPOT WRAP ,1562.0,3900
SQUARE CHERRY BLOSSOM CABINET,1561.6499999999999,327
PLACE SETTING WHITE STAR,1561.2599999999995,3863
SET/4 SKULL BADGES,1561.2,1252
JIGSAW TREE WITH BIRDHOUSE,1560.0500000000006,1109
SET OF 6 GIRLS CELEBRATION CANDLES,1559.9900000000002,1723
SET OF 6 KASHMIR FOLKART BAUBLES,1559.75,367
SMALL RED BABUSHKA NOTEBOOK ,1559.1200000000017,1904
SET/10 IVORY SPOTTY PARTY CANDLES,1555.88,1252
WOODLAND  STICKERS,1552.0200000000011,1914
LARGE HANGING IVORY & RED WOOD BIRD,1551.7099999999994,2467
PAINTED METAL HEART WITH HOLLY BELL,1551.1499999999996,1083
EASTER TREE YELLOW BIRDS,1549.650000000001,315
ASSORTED TUTTI FRUTTI ROUND BOX,1549.349999999999,939
RAIN HAT WITH RED SPOTS,1548.9599999999996,4288
VINTAGE KITCHEN PRINT VEGETABLES,1548.4499999999991,3251
CHARLIE AND LOLA TABLE TINS,1544.9,382
CHRISTMAS CRAFT WHITE FAIRY ,1544.7500000000007,1127
TWO EMBOSSED HEART MINI DRAWERS,1544.1999999999996,676
HAPPY EASTER HANGING DECORATION,1544.19,421
STRIPES DESIGN MONKEY DOLL,1543.8,1288
CAKE STAND VICTORIAN FILIGREE LARGE,1541.2000000000003,260
MONEY BOX POCKET MONEY DESIGN,1540.3600000000001,1256
POTTING SHED SOW 'N' GROW SET,1540.25,529
CERAMIC BIRDHOUSE FINCH BLUE ROOF,1535.6000000000022,641
PINK SPOTS CHOCOLATE NESTING BOXES ,1535.5500000000006,677
ASSORTED COLOUR SILK COSMETIC PURSE,1535.400000000001,1394
CHERRY BLOSSOM  DECORATIVE FLASK,1534.9499999999998,417
STRAWBERRY DREAM CHILDS UMBRELLA,1534.0,484
PINK DIAMANTE PEN IN GIFT BOX,1527.6000000000008,876
CERAMIC BIRDHOUSE BUTTERFLY SMALL,1527.0500000000018,678
PINK MARSHMALLOW SCARF KNITTING KIT,1526.25,567
OFFICE MUG WARMER PINK,1525.8000000000002,436
"POPCORN HOLDER , LARGE",1524.4999999999989,954
 FLAMINGO LIGHTS,1523.8499999999997,359
WHITE BELL HONEYCOMB PAPER ,1521.3500000000004,963
ENGLISH ROSE EDWARDIAN PARASOL,1515.0,505
DAIRY MAID STRIPE MUG,1508.8500000000004,531
ENAMEL FIRE BUCKET CREAM,1507.3000000000002,218
BALLOONS  WRITING SET ,1506.7499999999986,919
SET/6 STRAWBERRY PAPER CUPS,1506.6,13284
COSY SLIPPER SHOES LARGE GREEN,1505.9500000000003,517
RETROSPOT LAMP,1504.9500000000007,153
SET/6 STRAWBERRY PAPER PLATES,1504.94,12806
IVORY PILLAR CANDLE GOLD FLOCK,1502.5500000000002,945
"LARGE CAKE TOWEL, CHOCOLATE SPOTS",1500.4499999999998,223
FELTCRAFT HAIRBAND PINK AND PURPLE,1497.1700000000012,1877
NATURAL BARK CANDLE SMALL,1496.75,491
VINTAGE CREAM DOG FOOD CONTAINER,1496.0,182
MAGIC DRAWING SLATE DINOSAUR,1495.4399999999991,3780
STAR DECORATION RUSTIC,1494.3600000000004,3558
SET 12 PEAR BOTANICAL T-LIGHTS,1493.3500000000008,529
FOLDING UMBRELLA  PINK/WHITE  SPOT,1493.0999999999997,578
HANGING PHOTO CLIP ROPE LADDER,1492.9499999999998,963
12 PINK ROSE PEG PLACE SETTINGS,1486.0800000000002,1260
EMPIRE BIRTHDAY CARD,1483.3799999999999,3729
200 RED + WHITE BENDY STRAWS,1482.34,1226
CREAM SLICE FLANNEL CHOCOLATE SPOT ,1480.8500000000008,515
BABY MOUSE RED GINGHAM DRESS,1479.25,355
VINTAGE KITCHEN PRINT SEAFOOD,1478.2499999999995,3615
CERAMIC BIRDHOUSE CRESTED TIT SMALL,1473.6500000000012,620
GARDENIA 3 WICK MORRIS BOXED CANDLE,1473.38,362
ASSORTED TUTTI FRUTTI PEN,1472.4499999999994,1769
MINI JIGSAW CIRCUS PARADE ,1471.6800000000007,3732
FROSTED BOX 9 WHITE T-LIGHT CANDLES,1470.4199999999996,3699
DINOSAURS WATER TRANSFER TATTOOS ,1469.900000000001,1782
IVORY HANGING DECORATION  BUTTERFLY,1466.8100000000006,1733
CHOCOLATE 3 WICK MORRIS BOX CANDLE,1464.1200000000001,368
CHILDS GARDEN SPADE BLUE,1462.6799999999976,772
CERAMIC STRAWBERRY MONEY BOX,1459.9499999999998,581
PASTEL STRIPE HAMMOCK ,1458.3000000000004,194
SMALL HAMMERED SILVER CANDLEPOT ,1457.8500000000006,495
ANTIQUE GLASS RIDGED HANGING BALL,1453.6499999999996,775
KEEP OUT BOYS DOOR HANGER ,1451.6699999999996,2175
PARTY CONES CANDY TREE DECORATION,1451.4800000000007,1826
PINK AND LILAC QUILTED THROW ,1450.4000000000005,33
SILK PURSE RUSSIAN DOLL PINK,1449.45,447
WRAP RED APPLES ,1448.5,3525
BLUE GINGHAM ROSE QUILT ,1444.15,69
WOODLAND WATER TRANSFER TATTOOS ,1443.4000000000012,1748
CALENDAR FAMILY FAVOURITES,1441.4000000000008,532
ASSORTED INCENSE PACK,1438.53,8033
CHILDRENS GARDEN GLOVES BLUE,1438.16,1156
CERAMIC BIRDHOUSE CRESTED TIT LARGE,1437.7500000000011,285
RIBBON REEL FLORA + FAUNA ,1436.7999999999995,872
ASSORTED TUTTI FRUTTI LARGE PURSE,1436.4000000000005,684
SQUARE MIRROR CURTAIN,1434.1800000000007,207
CHILDS GARDEN SPADE PINK,1432.3799999999985,759
Adjustment by john on 26/01/2010 17,1431.1100000000001,14
POTTING SHED COFFEE MUG,1430.85,1245
MINI HIGHLIGHTER PENS,1429.3200000000002,14161
UNION JACK FLAG LUGGAGE TAG,1429.19,1147
TV DINNER TRAY VINTAGE PAISLEY,1425.2000000000007,312
MILK BOTTLE WITH GLASS STOPPER ,1423.5000000000005,210
DOORMAT PEACE ON EARTH BLUE,1423.2200000000003,190
CHARLIE & LOLA WASTEPAPER BIN FLORA,1422.75,769
LANTERN CREAM GAZEBO ,1419.3,302
SWALLOW WOODEN CHRISTMAS DECORATION,1419.1900000000005,1699
LARGE ROUND WICKER PLATTER ,1416.0999999999992,238
WHITE CHRISTMAS GARLAND STARS TREES,1413.75,377
"NURSERY A,B,C PAINTED LETTERS",1411.45,211
BIRDHOUSE GARDEN MARKER ,1411.25,1129
DOOR MAT GREEN PAISLEY ,1409.1100000000006,253
SET OF 4 ENGLISH ROSE COASTERS,1408.7,1130
SET/10 BLUE POLKADOT PARTY CANDLES,1405.28,1168
CHARLIE LOLA BLUE HOT WATER BOTTLE ,1405.1999999999994,456
SKULLS WRAP,1403.0,3350
ASSORTED SANSKRIT MINI NOTEBOOK,1401.53,1165
STEEL SWEETHEART ROUND TABLE CREAM,1400.5500000000009,96
BISCUIT TIN VINTAGE RED,1396.4999999999998,214
"SPRING DEC , HANGING CHICK  GREEN",1396.1499999999996,1087
RETRO SPOT PARTY BAG + STICKER SET,1395.4500000000005,933
SMALL RETRO SPOT MUG IN BOX  WHITE,1395.33,379
STRAWBERRY HONEYCOMB  GARLAND ,1394.5499999999995,851
BLUE WHITE SPOTS GARDEN PARASOL,1394.4500000000005,271
HEART CALCULATOR,1393.15,1132
36 DOILIES DOLLY GIRL,1391.3500000000017,1039
4 IVORY DINNER CANDLES SILVER FLOCK,1390.7099999999996,861
SET 6 FOOTBALL CELEBRATION CANDLES,1390.2700000000002,1487
CHARLIE & LOLA WASTEPAPER BIN BLUE,1389.0,840
MOBILE VINTAGE HEARTS ,1387.0500000000009,287
SEASIDE STRIPE HAMMOCK,1387.0500000000006,179
CHRISTMAS CRAFT TREE TOP ANGEL,1385.399999999998,689
WICKER WREATH LARGE,1384.950000000002,725
DOVE DECORATION PAINTED ZINC ,1380.2000000000007,2212
SET/6 IVORY BIRD T-LIGHT CANDLES,1378.3200000000002,799
SET/6 FRUIT SALAD PAPER CUPS,1377.9100000000003,14927
LARGE PURPLE BABUSHKA NOTEBOOK  ,1377.6200000000001,1186
SILK PURSE BABUSHKA PINK,1373.5,410
HAND OPEN SHAPE GOLD,1371.47,487
RETROSPOT GIANT TUBE MATCHES,1370.5499999999997,601
NATURAL BARK CANDLE LARGE,1369.25,337
MAKE YOUR OWN FLOWERPOWER CARD KIT,1368.8000000000025,464
BLACK CHERRY LIGHTS,1367.45,223
AIRLINE BAG VINTAGE JET SET WHITE,1365.65,266
SKULLS AND CROSSBONES WRAP,1360.3,3315
BLUE KASHMIRI COFFEE TABLE ,1359.95,27
DAIRY MAID SUGAR JAM BOWL,1358.3999999999992,1372
CHEST OF DRAWERS GINGHAM HEART ,1353.9000000000008,82
ASSORTED FARMYARD ANIMALS IN BUCKET,1353.1800000000003,3738
"WRAP,SUKI AND FRIENDS",1352.5,3325
CALENDAR IN SEASON DESIGN,1351.5500000000015,469
CERAMIC PIRATE CHEST MONEY BANK,1351.5499999999993,947
DIAMANTE RING ASSORTED IN BOX.,1349.5199999999998,792
CABIN BAG VINTAGE PAISLEY,1347.6,48
STRIPEY CHOCOLATE NESTING BOXES,1346.6000000000004,604
DOG BOWL CHASING BALL DESIGN,1343.94,362
3 GARDENIA MORRIS BOXED CANDLES,1343.0700000000002,339
GLITTER CHRISTMAS HEART ,1342.980000000001,1602
SEWING SUSAN 21 NEEDLE SET,1341.7600000000014,1792
CHRISTMAS HANGING STAR WITH BELL,1340.28,1116
MONEY BOX HOUSEKEEPING DESIGN,1339.85,1081
CHILDS GARDEN TROWEL PINK,1338.8700000000022,1599
VINTAGE UNION JACK PENNANT,1337.7,686
POTTING SHED CANDLE CITRONELLA,1337.4500000000007,455
VANILLA INCENSE IN TIN,1336.9799999999998,1986
60 CAKE CASES DOLLY GIRL DESIGN,1336.3500000000001,2685
PARTY FOOD SHOPPER BAG,1336.05,1081
WOOD STAMP SET THANK YOU,1329.7499999999993,819
MAGNETS PACK OF 4 HOME SWEET HOME,1327.94,1066
DINOSAUR LUNCHBOX WITH CUTLERY,1327.7999999999981,544
MAGIC SHEEP WOOL GROWING FROM PAPER,1326.75,569
RETRO BLUE SPOTTY WASHING UP GLOVES,1326.5999999999995,846
ZINC TOP  2 DOOR WOODEN SHELF ,1325.3500000000004,233
RED RETROSPOT OVEN GLOVE DOUBLE,1323.750000000001,465
WHITE BIRD GARDEN DESIGN MUG,1323.2,8800
CHRISTMAS MUSICAL ZINC HEART ,1322.4900000000007,1677
CLEAR DRAWER KNOB ACRYLIC EDWARDIAN,1321.44,1056
SMALL HANGING IVORY/RED WOOD BIRD,1321.0200000000004,3207
SET OF 2 ROUND TINS DUTCH CHEESE,1319.3500000000004,457
DISCO BALL ROTATOR BATTERY OPERATED,1316.5,310
BLACK GRAND BAROQUE PHOTO FRAME,1315.65,669
ELEPHANT CARNIVAL POUFFE,1314.65,95
TOY TIDY DOLLY GIRL DESIGN,1310.9,669
12 COLOURED PARTY BALLOONS,1309.3999999999996,2116
ASSORTED WHITE EMBOSSED CHINA MUGS,1307.4,674
ROSE DU SUD COSMETICS BAG,1306.0,572
ENAMEL COLANDER CREAM,1305.5000000000005,266
JAZZ HEARTS MEMO PAD,1305.4900000000002,10945
GIRLY PINK TOOL SET,1301.9999999999998,280
MOROCCAN BEATEN METAL MIRROR,1299.6,248
6 ROCKET BALLOONS ,1299.3500000000001,1999
RED  SPOTTY COFFEE  MUG,1297.8,692
LARGE RED RETROSPOT WINDMILL,1296.0000000000005,660
36 PENCILS TUBE RED RETROSPOT,1294.43,1055
ASSORTED FLORAL SECATEURS,1293.750000000001,3141
PENNY FARTHING BIRTHDAY CARD,1290.9599999999998,3216
SMALL DOLLY MIX DESIGN ORANGE BOWL,1290.65,1069
MORE BUTTER METAL SIGN ,1289.3400000000004,844
ROBOT BIRTHDAY CARD,1288.3199999999997,3088
ANGEL DECORATION STARS ON DRESS,1286.4599999999996,3063
DOORSTOP FOOTBALL DESIGN,1285.98,426
SET OF 4 FAIRY CAKES COASTERS ,1285.8000000000002,1094
CROSS STITCH ALPHABET CUSHION COVER,1285.2,216
CHILDREN'S APRON DOLLY GIRL ,1279.4000000000003,639
BIRDHOUSE DECORATION MAGIC GARDEN,1278.7500000000005,1099
SPOTTY PINK DUCK DOORSTOP,1277.58,362
CAMOUFLAGE DESIGN TEDDY,1274.5499999999993,593
WAY OUT METAL SIGN ,1273.9499999999994,999
VINTAGE KITCHEN PRINT PUDDINGS,1273.2,2664
GREEN MINI TAPE MEASURE ,1270.5500000000002,1585
3D STICKERS VINTAGE CHRISTMAS,1268.0,1060
PORCELAIN ROSE SMALL,1266.5500000000004,1539
FLORAL FOLK STATIONERY SET,1264.6999999999998,698
ANGEL DECORATION WITH LACE PADDED,1263.1,1486
PINK LOVE HEART SHAPE CUP,1263.0600000000002,1530
"SET 3 RETROSPOT TEA,COFFEE,SUGAR",1262.3999999999996,272
"SWISS ROLL TOWEL, CHOCOLATE  SPOTS",1262.0000000000005,440
VINTAGE GLASS TEA CADDY,1261.2000000000007,216
HOME GARLAND PAINTED ZINC ,1259.5499999999993,775
METAL SIGN HER DINNER IS SERVED ,1257.9500000000003,437
JAZZ HEARTS PURSE NOTEBOOK,1257.7500000000005,1731
PINK HEART CANDY BUTTON CALCULATOR,1257.15,541
ABSTRACT CIRCLES SKETCHBOOK ,1257.0,476
RETROSPOT SMALL TUBE MATCHES,1255.4499999999998,773
ASSORTED TUTTI FRUTTI  FOB NOTEBOOK,1252.8999999999999,1474
CERAMIC STRAWBERRY DESIGN MUG,1250.3300000000008,901
GLITTER SNOW PEAR TREE DECORATION,1249.78,1774
PAINTED METAL STAR WITH HOLLY BELLS,1245.1999999999996,872
 3 STRIPEY MICE FELTCRAFT,1241.1000000000017,662
CHILDS GARDEN TROWEL BLUE ,1240.840000000002,1480
EMPIRE TISSUE BOX,1240.64,1108
GIANT SEVENTEEN DRAWER SIDEBOARD,1240.0,8
CHRISTMAS HANGING TREE WITH BELL,1232.78,1030
GARLAND WITH STARS AND BELLS,1232.5500000000004,249
FRENCH TOILET SIGN BLUE METAL,1229.77,1013
GOLD WINE GLASS,1229.04,360
ZINC FINISH 15CM PLANTER POTS,1228.52,1012
SET 4 NURSERY DES ROUND BOXES,1223.2,2992
CERAMIC BIRDHOUSE RED ROOF SMALL,1222.850000000001,539
WATERING CAN GARDEN MARKER,1220.6,978
PIN CUSHION RUSSIAN DOLL RED,1220.5499999999995,393
BATHROOM SET LOVE HEART DESIGN,1219.8000000000002,516
VINTAGE CARAVAN GIFT WRAP,1219.0,2950
SILK PURSE RUSSIAN DOLL BLUE,1218.8500000000006,371
HYACINTH BULB T-LIGHT CANDLES,1218.1200000000013,3058
MEASURING TAPE BABUSHKA PINK,1216.7500000000007,437
SET/3 POLKA DOT STACKING TINS,1215.7500000000014,249
GARDEN PATH POCKET BOOK,1214.9499999999998,5419
SKULLS GREETING CARD,1214.7600000000011,3038
SILVER RETRODISC LAMPSHADE,1211.7499999999995,605
EUCALYPTUS & PINECONE  WREATH,1208.5499999999997,445
"FEATHER PEN,COAL BLACK",1201.57,1465
GINGERBREAD MAN COOKIE CUTTER,1200.28,1004
REGENCY MIRROR WITH SHUTTERS,1200.0,8
RAIN PONCHO ,1199.8000000000002,1564
RETRO SPOT CERAMIC TOASTRACK,1199.1000000000013,358
CARD MOTORBIKE SANTA,1195.3199999999986,2942
LARGE ENGLISH ARBORETUM,1195.15,113
FOLDING UMBRELLA  CREAM/MULTI  SPOT,1193.3999999999996,372
GARDEN PATH JOURNAL,1192.1999999999996,710
BREAD BIN DINER STYLE MINT,1191.2500000000002,75
4 PEAR BOTANICAL DINNER CANDLES,1188.75,337
SMALL RETRO SPOT MUG IN BOX  RED,1188.75,317
CARNIVAL BRACELET,1188.25,94
3D STICKERS TRADITIONAL CHRISTMAS ,1187.0,980
RED RETROSPOT CHILDRENS UMBRELLA,1183.5,366
4 LILY  BOTANICAL DINNER CANDLES,1182.0,324
S/12 VANILLA  BOTANICAL T-LIGHTS,1181.65,403
FRENCH LAUNDRY SIGN BLUE METAL,1180.349999999999,727
FRENCH KITCHEN SIGN BLUE METAL,1179.77,973
AIRLINE BAG VINTAGE JET SET BROWN,1178.9500000000003,233
SOAP DISH BROCANTE,1178.4500000000003,419
VINTAGE KITCHEN PRINT FRUITS,1178.1,3406
LARGE TAHITI BEACH BAG,1177.4500000000003,211
TUB 24 HANGING EASTER EGGS SPOTTY,1177.2,360
RAINY LADIES BIRTHDAY CARD,1175.8200000000004,2935
TOP SECRET PEN SET,1174.1999999999998,1164
YELLOW POT PLANT CANDLE,1174.1000000000001,470
BLUE FLYING SINGING CANARY,1172.4,328
RELAX LARGE WOOD LETTERS,1170.2000000000005,76
ANTIQUE TALL SWIRLGLASS TRINKET POT,1170.0,312
BLUE KASHMIRI OCCASIONAL TABLE,1169.5,23
ASS FLORAL PRINT SCISSORS,1169.4,6828
CLASSIC FRENCH STYLE BASKET NATURAL,1169.15,177
STANDING METAL RABBIT WITH EGG,1168.1999999999996,657
LIPSTICK PEN RED,1168.08,2956
ROSE FOLKART HEART DECORATIONS,1167.56,1444
LAVENDER INCENSE IN TIN,1165.4899999999998,1909
SLEEPING CAT ERASERS,1165.2600000000004,5656
BLUE CUSHION COVER WITH FLOWER,1163.7500000000002,225
RETRO SPOTS PUDDING BOWL,1162.25,281
GLITTER CHRISTMAS STAR ,1161.1000000000006,1366
PACK OF 20 SPACEBOY NAPKINS,1159.7500000000002,1483
LOCAL CAFE MUG,1159.2000000000007,602
3D VINTAGE CHRISTMAS STICKERS ,1157.71,959
CAKE PLATE LOVEBIRD PINK,1157.4000000000003,244
RAIN PONCHO RETROSPOT,1156.5,1530
RED SPOTTY CANDY BAG,1154.9,4626
MAGIC DRAWING SLATE BAKE A CAKE ,1153.4399999999998,2808
PINK UNION JACK  PASSPORT COVER ,1152.9000000000005,549
WHITE CHRISTMAS STAR DECORATION,1147.1999999999998,2752
"GARLAND, MAGIC GARDEN 1.8M",1146.3,610
CHILDS GARDEN RAKE BLUE,1144.6800000000005,617
URBAN BLACK RIBBONS ,1144.08,1188
VINTAGE BEAD COSMETIC BAG ,1144.0,1760
ANTIQUE GLASS PEDESTAL BOWL,1143.75,305
FOLK FELT HANGING MULTICOL GARLAND,1141.8,956
SKULLS  DESIGN  COTTON TOTE BAG,1139.8999999999999,874
3D STICKERS CHRISTMAS STAMPS,1137.0,940
BLACK BAROQUE CUCKOO CLOCK,1134.75,113
FUSCHIA RETRO BAR STOOL,1134.5000000000002,30
RED SPOTTY WASHBAG,1133.2800000000007,542
MINI JIGSAW DOLLY GIRL,1132.0800000000004,2764
CARD CHRISTMAS VILLAGE,1131.1199999999992,2724
"RIBBON REEL, XMAS SOCK/BAUBLE",1131.0,700
SPOTS DESIGN MUG W PINK INSIDE,1129.4399999999994,784
WOODLAND STORAGE BOX LARGE ,1127.49,555
SET OF 6 3D KIT CARDS FOR KIDS,1127.1000000000004,1326
BLACK SILVER FLOWER T-LIGHT HOLDER,1124.6800000000003,11512
ASSORTED TUTTI FRUTTI PHOTO FRAME,1120.7500000000005,413
MODERN FLORAL STATIONERY SET,1116.15,585
COLOURFUL STANDING GNOME,1115.7000000000005,706
"DECORATION , WOBBLY RABBIT , METAL ",1112.699999999999,794
RIBBON REEL SOCKS AND MITTENS,1111.1999999999998,688
CARD DOLLY GIRL ,1106.76,2810
ETCHED GLASS STAR TREE DECORATION,1106.25,885
PACK OF 12 BLUE PAISLEY TISSUES ,1106.1600000000003,3922
PINK HEARTS PAPER GARLAND,1105.9999999999995,700
36 FOIL HEART CAKE CASES,1104.0000000000014,550
BLACK ENCHANTED FOREST PLACEMAT,1103.9999999999998,720
3D TRADITIONAL CHRISTMAS STICKERS,1101.98,898
"WALL MIRROR , RECT DIAMANTE, PINK/",1100.9099999999999,177
DOORMAT BIRD ON THE WIRE,1100.15,223
MA CAMPAGNE MINI WOODEN CHEST,1097.8000000000002,301
BLUE  SPOTTY EGG CUP ,1097.78,922
LARGE CHUNKY GLASS ROMAN BOWL,1097.75,293
6 CROCHET STRAWBERRIES,1096.3899999999999,937
SET OF 4 FAIRY CAKE PLACEMATS,1095.3,310
CUBIC MUG BLUE POLKA DOT,1093.9499999999998,1249
CHILDS GARDEN RAKE PINK,1091.2800000000007,593
RED SPOTTY LUGGAGE TAG,1090.44,876
POSY CANDY BAG,1087.75,4027
RIBBONS PURSE ,1083.6000000000004,557
"FEATHER PEN,LIGHT PINK",1083.4199999999998,1326
RED SPOTTY EGG CUP ,1081.53,909
PAPER CHAIN KIT LONDON,1081.4500000000005,391
IVORY PAPER CUP CAKE CASES ,1080.8899999999999,2117
SILVER MINI TAPE MEASURE ,1079.85,1379
WHITE CHRISTMAS HEART DECORATION,1079.16,2590
SCENTED VELVET LOUNGE CANDLE ,1078.44,2316
RED POLKA DOT TISSUE BOX,1076.15,943
SNOWFLAKE PORTABLE TABLE LIGHT ,1073.8000000000004,364
SMALL MARSHMALLOWS PINK BOWL,1072.71,891
6 HOOK JEWELLERY STAND BLACK DRESS,1071.5999999999997,516
  DOORMAT UNION JACK GUNS AND ROSES,1071.25,167
HAIRCLIPS FORTIES FABRIC ASSORTED,1070.5500000000002,1647
TOAST ITS - FAIRY FLOWER,1070.3000000000002,862
ICE CREAM DESIGN GARDEN PARASOL,1069.0000000000002,220
SMALL YELLOW BABUSHKA NOTEBOOK ,1068.7100000000014,1283
 CHERRY BLOSSOM  DECORATIVE FLASK,1068.6,308
MEDINA STAMPED METAL STOOL,1068.5500000000002,29
CHILDS GARDEN FORK PINK,1067.7200000000012,1280
POCKET BAG BLUE PAISLEY RED SPOT,1065.9500000000005,599
PINK/WHITE RIBBED MELAMINE JUG,1065.2999999999997,142
POLKA DOT PEN,1060.7999999999997,1248
HEARTS  STICKERS,1059.3800000000003,1250
4 WILDFLOWER BOTANICAL CANDLES,1059.0,296
FRYING PAN BLUE POLKADOT ,1058.5,266
HOUSE WRECKING METAL SIGN ,1057.500000000001,690
CHILDS GARDEN FORK BLUE ,1057.2400000000014,1264
WRAP I LOVE LONDON ,1055.68,2704
WRAP SUKI AND FRIENDS,1055.42,2651
APRON APPLE DELIGHT,1053.6499999999999,227
MUMMY MOUSE RED GINGHAM RIBBON,1052.65,197
PINK KASHMIRI COFFEE TABLE ,1050.0,20
PINK FAIRY CAKE COASTER,1049.6399999999999,2676
GREEN FERN JOURNAL ,1047.7499999999998,575
SET OF THREE 50'S GIFT WRAPS ,1047.6,598
ANTIQUE ALL GLASS CANDLESTICK,1045.4800000000005,920
ASSORTED COLOUR SILK GLASSES CASE,1044.84,1984
VINTAGE CARAVAN GREETING CARD ,1044.2400000000002,2548
COSY SLIPPER SHOES SMALL  RED ,1042.8000000000004,360
DOG TOY WITH PINK CROCHET SKIRT,1041.93,279
FRENCH ENAMEL UTENSIL HOLDER,1041.6,288
CHARLOTTE BAG PINK POLKADOT,1039.4500000000007,1229
CAKE STAND VICTORIAN FILIGREE MED,1038.6000000000001,218
COUNTRY COTTAGE  DOORSTOP GREEN,1036.75,259
ASSORTED TUTTI FRUTTI MIRROR,1036.69,833
MILK PAN BLUE RETROSPOT,1035.66,290
BASKET OF TOADSTOOLS,1031.25,825
4 IVORY DINNER CANDLES GOLD FLOCK,1029.7199999999996,816
12 PENCILS TALL TUBE RED RETROSPOT,1028.5000000000007,1210
PAINTED METAL TREE WITH HOLLY BELLS,1027.6999999999998,722
SET OF 36 DINOSAUR PAPER DOILIES,1026.5999999999995,708
BUNNY EGG BOX,1025.2,824
WICKER WREATH SMALL,1023.3500000000001,719
BREAD BIN DINER STYLE PINK,1022.7000000000002,66
LUNCHBAG SPACEBOY DESIGN ,1022.6,644
SET OF 3 DANISH ROSE PLANTERS,1022.5,906
PERIWINKLE T-LIGHT HOLDER,1018.35,3099
DOLLY MIXTURE CHILDREN'S UMBRELLA,1018.0,316
BLUE PAISLEY JOURNAL ,1017.3000000000003,538
RETROSPOT RED WASHING UP GLOVES,1016.2800000000013,498
LOLITA  DESIGN  COTTON TOTE BAG,1016.1499999999999,815
POP ART PEN CASE & PENS,1015.59,10587
PENS ASSORTED SPACEBALL,1014.9000000000003,1194
TEA BAG PLATE RED RETROSPOT,1014.8500000000009,1249
MAKE YOUR OWN PLAYTIME CARD KIT,1014.8000000000012,344
HEART STRING MEMO HOLDER HANGING,1014.7999999999998,344
SET OF 6 VINTAGE NOTELETS KIT,1013.7000000000002,934
75 GREEN FAIRY CAKE CASES,1012.2500000000005,2039
PINK PAISLEY CUSHION COVER ,1010.5999999999999,404
RED RETROSPOT BOWL,1009.0300000000001,851
FELTCRAFT HAIRBAND PINK AND BLUE,1008.93,1209
ETCHED GLASS BIRD TREE DECORATION,1007.5,806
WRAP CIRCUS PARADE,1007.5,2475
METAL TUBE CHIME ON BAMBOO,1007.08,724
PINK WHITE SPOTS GARDEN PARASOL,1007.0000000000002,180
BALLOON WATER BOMB PACK OF 35,1006.9199999999997,2486
EIGHT PIECE CREEPY CRAWLIE SET,1006.69,809
WRAP DOLLY GIRL,1001.5,2575
WHITE BITTY LIGHT CHAIN ,1000.08,240
DO NOT TOUCH MY STUFF DOOR HANGER ,997.8499999999995,1577
BEADED PEARL HEART WHITE LARGE,997.4999999999995,606
36 DOILIES SPACEBOY DESIGN ,993.4499999999997,705
SILVER MUG BONE CHINA TREE OF LIFE,992.2999999999998,522
ASSORTED TUTTI FRUTTI HEART BOX,991.25,793
BLUE PAINTED KASHMIRI TABLE ,990.0,17
TEATIME PEN CASE & PENS,989.98,9886
CARROT CHARLIE+LOLA COASTER SET,988.7000000000004,374
VINTAGE WOODEN BAR STOOL,988.15,37
PAPERWEIGHT CHILDHOOD MEMORIES,987.9000000000003,542
PARTY INVITES WOODLAND,984.7000000000002,1186
MODERN VINTAGE COTTON SHOPPING BAG,984.2999999999995,834
"METAL SIGN,CUPCAKE SINGLE HOOK",983.75,787
4 LAVENDER BOTANICAL DINNER CANDLES,983.25,283
SET OF 6 HEART CHOPSTICKS,982.94,790
DISCO BALL CHRISTMAS DECORATION,982.5999999999996,8710
ILLUSTRATED CAT BOWL ,982.5899999999995,385
HEART T-LIGHT HOLDER,982.1500000000002,1955
BLUE POT PLANT CANDLE ,981.8000000000001,348
CHILDRENS APRON APPLES DESIGN,981.4500000000007,511
CLASSIC FRENCH STYLE BASKET GREEN ,979.45,147
TV DINNER TRAY AIR HOSTESS ,979.0500000000002,205
CINAMMON SET OF 9 T-LIGHTS,977.5,1150
WHITE WITH BLACK CATS MUG,975.4100000000003,5153
ENGLISH ROSE GARDEN SECATEURS,974.8499999999999,639
PINK POLKADOT KIDS BAG,973.9499999999996,473
GLASS CAKE STAND MIRRORED BASE,972.6000000000001,68
FELT EGG COSY WHITE RABBIT ,971.0600000000003,1240
RED RETRO BAR STOOL,970.7000000000002,26
CHOCOLATE 1 WICK MORRIS BOX CANDLE,969.98,242
VINTAGE GLASS COFFEE CADDY,969.7500000000002,166
SILVER ROCCOCO CHANDELIER,968.3,58
METAL WALL SHELF UNIT WITH HOOKS,968.0800000000002,27
FLORAL BATHROOM SET,968.01,2295
3 WICK CHRISTMAS BRIAR CANDLE ,967.5,258
DINOSAUR HEIGHT CHART STICKER SET,966.7499999999998,381
BIRD DECORATION RED SPOT,966.5900000000008,1139
TEA FOR ONE POLKADOT,966.25,233
FRYING PAN PINK POLKADOT,965.5,242
YELLOW METAL CHICKEN HEART ,964.9300000000005,665
ASSORTED COLOUR SET 6 TEASPOONS,964.75,227
IVORY HANGING DECORATION  BIRD,964.1800000000001,1138
"TRAY, BREAKFAST IN BED",964.05,79
RIDGED GLASS POSY VASE ,963.2000000000003,704
CARD I LOVE LONDON ,962.6399999999994,2460
ASSORTED MINI MADRAS NOTEBOOK,962.5,770
MAGIC DRAWING SLATE BUNNIES ,960.96,2288
UNION STRIPE CUSHION COVER ,960.9499999999999,787
BANQUET BIRTHDAY  CARD  ,960.7200000000005,2344
LARGE ROUND CUTGLASS CANDLESTICK,960.5999999999999,148
CUBIC MUG FLOCK BLUE ON BROWN,958.8,1116
ROSES IN WHITE HEART CANDLE ,958.2100000000003,1805
GLASS JAR PEACOCK BATH SALTS,956.9000000000001,326
PACK OF 20 NAPKINS RED APPLES,954.9000000000011,1242
MOODY GIRL DOOR HANGER ,951.1000000000001,1102
CHERRY BLOSSOM BATHROOM CABINET,950.3999999999995,192
12 DAISY PEGS IN WOOD BOX,950.399999999999,576
LETS GO SHOPPING COTTON TOTE BAG,950.25,433
RUSTIC  SEVENTEEN DRAWER SIDEBOARD,950.0,6
S/3 FLWR FAIRY LAVENDER CANDLES,949.9499999999998,444
SUNSET CHECK HAMMOCK,949.7999999999997,124
12 RED ROSE PEG PLACE SETTINGS,949.6300000000001,767
BISCUIT TIN VINTAGE GREEN,947.0999999999999,146
GARDEN PATH SKETCHBOOK,946.4,368
3D CHRISTMAS STAMPS STICKERS ,945.73,773
SET OF 6 FUNKY BEAKERS,945.6499999999999,323
DAISY GARDEN MARKER,944.35,757
6 RIBBONS SHIMMERING PINKS ,942.9,746
SILK PURSE BABUSHKA BLUE,941.3500000000007,281
CUT GLASS HEXAGON T-LIGHT HOLDER,941.1399999999999,496
MULTICOLOUR 3D BALLS GARLAND,937.35,393
BLUE YELLOW FLOWER PIGGY BANK,937.1999999999995,488
FOLKART ZINC STAR CHRISTMAS DEC,935.0000000000002,1100
SET/6 FROG PRINCE T-LIGHT CANDLES,934.8000000000003,520
WOOD STAMP SET BEST WISHES,931.1999999999998,576
TOTE BAG I LOVE LONDON,929.8600000000008,467
WOODLAND STORAGE BOX SMALL,929.4000000000003,750
POTTING SHED ROSE CANDLE,926.8500000000004,315
ENAMEL PINK TEA CONTAINER,923.7000000000005,649
JAZZ HEARTS ADDRESS BOOK,923.7000000000003,3077
ANGEL DECORATION PAINTED ZINC ,923.7000000000002,1554
FOLDING UMBRELLA  WHITE/RED  SPOT,922.0499999999996,259
DOOR HANGER  MUM + DADS ROOM,921.6499999999999,821
SET OF 3 CONEY ISLAND OVAL BOXES,920.6999999999999,250
BUTTERFLIES STICKERS,919.7,1082
TRIANGULAR POUFFE VINTAGE ,918.9499999999998,65
SET 5 MINI GATEAUX  FRIDGE MAGNETS,918.6800000000001,2636
BLUE SCANDINAVIAN PAISLEY WRAP,918.5,2225
 PEACE WOODEN BLOCK LETTERS,917.1500000000002,133
TEA COSY BLUE STRIPE,916.5000000000002,370
CREAM WALL PLANTER HEART SHAPED,915.4999999999999,170
SILVER  CANDLEPOT JARDIN ,914.2,244
MILK PAN PINK POLKADOT,913.38,262
SET OF 16 VINTAGE ROSE CUTLERY,913.05,75
GLASS CLOCHE LARGE,911.2,112
PINK UNION JACK  LUGGAGE TAG,910.44,732
CHEST NATURAL WOOD 20 DRAWERS,910.0,8
3 WHITE CHOC MORRIS BOXED CANDLES,909.29,233
ROSE 3 WICK MORRIS BOX CANDLE,907.8700000000001,219
ROSES ON BLUE TEACUP CANDLE ,905.84,536
IVORY GIANT GARDEN THERMOMETER,904.0999999999998,158
BLACK SMALL GLASS CAKE STAND,901.6500000000002,503
HANGING BUTTERFLY  EGG,901.2399999999994,1108
12 ASS ZINC CHRISTMAS DECORATIONS,900.9000000000001,429
S/3 PINK COL METAL BASKET W HANDLE,900.3,122
BLUE TEATIME PRINT BOWL ,900.07,731
GOLD MUG BONE CHINA TREE OF LIFE,899.3000000000004,478
SILVER VANILLA FLOWER CANDLE POT,898.56,240
EIGHT PIECE SNAKE  SET,897.71,751
SMALL SILVER FLOWER CANDLE POT,896.05,307
LARGE HANGING GLASS+ZINC LANTERN,896.0,560
YULETIDE IMAGES S/6 PAPER BOXES,893.8499999999993,759
FLOWER FAIRY INCENSE LAVENDER,892.91,4541
36 FOIL STAR CAKE CASES ,890.7000000000007,437
FELT TOADSTOOL LARGE,890.0,712
BLACK BIRD GARDEN DESIGN MUG,888.76,6044
VINTAGE CREAM CAT FOOD CONTAINER,888.7000000000005,147
SET OF 12 MINI BUNNIES IN A BUCKET,888.0600000000007,1635
FRENCH ENAMEL WATER BASIN,887.85,247
IVORY EMBROIDERED QUILT ,887.4,24
IVORY STRING CURTAIN WITH POLE ,887.25,375
TOAST ITS - HAPPY BIRTHDAY,886.5500000000001,715
SMALL RED SPOT  WINDMILL,886.46,742
RED ENCHANTED FOREST PLACEMAT,885.5999999999999,544
SILVER VANILLA  FLOWER CANDLE POT,885.0600000000001,246
SMALL SPOTTY CHOCOLATE GIFT BAG ,881.5700000000005,1049
BEACH HUT DESIGN BLACKBOARD,880.5,354
MEASURING TAPE BABUSHKA BLUE,879.9500000000002,317
CHRYSANTHEMUM  JOURNAL,878.7000000000005,484
GUMBALL MONOCHROME COAT RACK,878.1400000000001,770
BLACK PILLAR CANDLE SILVER FLOCK,877.8000000000001,612
ENAMEL BLUE RIM BISCUIT BIN,877.2,184
WHITE CHRISTMAS TREE DECORATION ,874.8000000000002,2124
GARDEN PATH NOTEBOOK ,873.5999999999996,3584
BALLOON ART MAKE YOUR OWN FLOWERS,872.2499999999998,455
STAR DECORATION PAINTED ZINC ,872.1,1386
ENGLISH ROSE SCISSORS,871.4,4372
CHRYSANTHEMUM NOTEBOOK,871.0499999999995,3437
HANGING BAUBLE T-LIGHT HOLDER SMALL,870.6000000000001,388
FELTCRAFT HAIRBANDS PINK AND WHITE ,869.5299999999997,1045
SEASIDE FLYING DISC,869.33,721
RETROSPOT CIGAR BOX MATCHES ,868.89,717
ENCHANTED BIRD PLANT CAGE,868.1999999999999,252
"BROCADE PURSE,SMALL ARCH BUTTON",867.5500000000004,3279
"AIRLINE LOUNGE,METAL SIGN",867.3000000000002,413
WRAP COWBOYS  ,866.3,2215
PINK PAISLEY ROSE GIFT WRAP,866.0,2100
GINGHAM HEART DECORATION,863.6000000000004,296
ETCHED GLASS COASTER,862.5,690
FRENCH ENAMEL POT W LID,862.3999999999996,296
CHRISTMAS MUSICAL ZINC STAR,859.2800000000004,1088
SILVER DIAMANTE PEN IN GIFT BOX,858.5999999999999,428
SET OF 3 GOLD FLYING DUCKS,855.31,225
SMALL CHUNKY GLASS ROMAN  BOWL,854.5500000000001,521
BASKET OF FLOWERS SEWING KIT,852.5500000000002,1003
BLUE SAVANNAH PICNIC HAMPER FOR 2,851.95,161
"DECORATION , HANGING METAL RABBIT",851.25,813
ETCHED GLASS DROPLET DECORATION,851.2300000000001,1905
JAZZ HEARTS MAGNETIC MEMO PAD,850.9000000000001,7058
WHITE/BLUE PULL BACK RACING CAR,849.5000000000002,1658
FILIGREE WALL MIRROR  ANTIQUE WHITE,848.7999999999996,92
MARAKESH LANTERN SMALL ,848.3500000000001,196
ZINC HEART LATTICE T-LIGHT HOLDER,843.75,675
PINK JUICY FRUIT PHOTO FRAME,843.7499999999999,339
ANTIQUE GLASS PLACE SETTING,841.53,717
HEART T-LIGHT HOLDER ,841.4999999999998,582
BLUE CHARLIE+LOLA PERSONAL DOORSIGN,841.3100000000002,869
PINK 3 TIER GLASS PLATE STAND,840.45,119
BOTANICAL ROSE GIFT WRAP,839.8,2090
FELTCRAFT HAIRBAND RED AND BLUE,839.7799999999999,1010
SMALL STRIPES CHOCOLATE GIFT BAG ,839.6800000000003,1600
CARD CIRCUS PARADE,839.5200000000004,2040
COLOURFUL FISHING GNOME,838.6000000000003,284
EDWARDIAN TOILET ROLL UNIT ,838.3500000000004,161
CLASSICAL ROSE SMALL VASE,837.7500000000002,457
POLYESTER FILLER PAD 65CMx65CM,837.25,197
GINGHAM OVEN GLOVE RED HEART ,836.25,223
MA CAMPAGNE 4 DRAWER WALL SHELF,835.5500000000001,125
CHRISTMAS CRAFT HEART DECORATIONS,834.0,420
SET/9 CHRISTMAS T-LIGHTS SCENTED ,833.8900000000001,689
LARGE CHINESE STYLE SCISSOR,831.7000000000002,1058
BLACK RETRO BAR STOOL,830.9000000000002,22
WHITE ADVENT CANDLE,829.0800000000002,443
PARTY INVITES DINOSAURS,827.4499999999996,1001
RED SPOTTY PUDDING BOWL,827.0400000000002,3818
S/4 IVORY MINI ROSE CANDLE IN BOWL,826.7699999999998,769
RING OF ROSES BIRTHDAY CARD,826.2600000000007,2065
BLUE PAISLEY NOTEBOOK,825.5999999999993,3264
WOOD STAMP SET FLOWERS,825.1500000000001,503
CLEAR MILKSHAKE GLASS,823.5000000000001,423
CANDLE PLATE LACE WHITE,822.6000000000001,348
BLUE POLKADOT WRAP,822.5,2125
GREEN JUICY FRUIT PHOTO FRAME,821.8500000000006,335
KNITTED MUG COSY IVORY COLOUR ,821.6999999999998,546
FAIRY CAKES NOTEBOOK A6 SIZE,821.6299999999999,1315
BLUE PAISLEY SKETCHBOOK,821.2,312
FIVE CATS HANGING DECORATION,820.6500000000001,279
BOUDOIR SQUARE TISSUE BOX,819.0,828
WRAP GREEN PEARS ,819.0,1950
CAKE SHOP  STICKER SHEET,817.5899999999998,979
FRENCH FLORAL CUSHION COVER ,817.1500000000001,373
POTTING SHED SEED ENVELOPES,816.9,690
CHRYSANTHEMUM POCKET BOOK ,813.3500000000001,5675
INLAID WOOD INCENSE HOLDER,813.0899999999999,3641
SHAKER THROW  QUILTED,811.8,52
GREEN FERN SKETCHBOOK ,811.75,321
PINK HORSE SOCK PUPPET,811.0499999999997,279
LAVENDER SCENTED SET/9 T-LIGHTS,810.7000000000002,1018
GLASS JAR MARMALADE ,810.3,282
3D SHEET OF CAT STICKERS,808.3499999999999,951
WHITE STITCHED CUSHION COVER,807.8999999999999,162
CERAMIC BIRDHOUSE BLACK ROSE  LARGE,805.6500000000004,162
ROSE SCENT CANDLE JEWELLED DRAWER,805.44,192
SET OF SALT AND PEPPER TOADSTOOLS,803.89,665
EASTER DECORATION NATURAL CHICK,799.4499999999999,1273
BLACK METAL BAROQUE PHOTO FRAME,798.75,501
ABSTRACT CIRCLES POCKET BOOK,797.6500000000001,5233
BLUE PAISLEY POCKET BOOK,795.5500000000004,4807
PINK POLKADOT CHILDRENS UMBRELLA,793.5,246
GENTLEMAN SHIRT REPAIR KIT ,793.0100000000003,977
VINTAGE BILLBOARD MUG ,792.6199999999999,888
RED DRAWER KNOB ACRYLIC EDWARDIAN,791.44,632
MAGNETS PACK OF 4 RETRO PHOTO,790.4300000000001,667
SET OF 72 GREEN PAPER DOILIES,790.2499999999998,545
SET/5 BLUE SPOTTY LID GLASS BOWLS,787.0500000000002,295
RIBBON REEL POLKADOTS ,787.0499999999997,477
LARGE STRIPES CHOCOLATE GIFT BAG,785.1500000000001,831
EASTER BUNNIES ON A STICK,783.9600000000005,1536
ZINC POLICE BOX LANTERN,783.7,193
BIRTHDAY BANQUET GIFT WRAP,783.3,1865
TOXIC AREA  DOOR HANGER ,782.1699999999998,913
MOODY BOY  DOOR HANGER ,781.48,964
3D SHEET OF DOG STICKERS,780.2999999999997,918
SCALLOP SHELL SOAP DISH,777.3000000000002,1613
MINI JIGSAW BUNNIES,776.0400000000002,1858
MAGIC TREE -PAPER FLOWERS,775.1999999999998,912
VINTAGE RED MUG,773.5900000000001,1571
ENGLISH ROSE NOTEBOOK A7 SIZE,773.2200000000003,1841
PINK POLKADOT WRAP ,773.0,1950
CERAMIC BIRDHOUSE BUTTERFLY LARGE,772.95,165
PINK DRAWER KNOB ACRYLIC EDWARDIAN,770.19,615
SMALL REGAL  SILVER CANDLEPOT ,769.9499999999998,261
PINK 5 PATCH FLOWER CUSHION COVER ,769.6500000000001,387
HEART SHAPE WIRELESS DOORBELL,769.1400000000002,385
GREEN FERN NOTEBOOK,768.7499999999997,3375
PINK SMALL GLASS CAKE STAND,767.25,423
LIPSTICK PEN FUSCHIA,764.4600000000003,1879
BLUE CHALET BIRDFEEDER,763.75,273
UNION FLAG WINDSOCK,763.51,671
GREEN FERN POCKET BOOK,763.2,5616
RED SHARK HELICOPTER,763.1999999999996,96
GLASS CLOCHE SMALL,761.53,203
CHRYSANTHEMUM SKETCHBOOK ,759.9499999999999,317
SILVER T-LIGHT SETTING,758.0,120
SNOWSTORM PHOTO FRAME FRIDGE MAGNET,757.31,935
BLACK PIRATE TREASURE CHEST,756.7500000000001,463
EDWARDIAN 2 DRAWER WALL CABINET ,755.8,52
WRAP CHRISTMAS SCREEN PRINT,755.75,2525
BLUE 5 PATCH FLOWER CUSHION COVER,755.75,385
PARTY INVITES JAZZ HEARTS,755.1999999999996,916
PACK OF 12 SPACEBOY TISSUES,755.0900000000004,2617
LIBRARY LAMP,754.1999999999998,36
HEART DECORATION RUSTIC HANGING ,750.6600000000001,1274
ASS COL LARGE SAND GECKO P'WEIGHT,750.6299999999998,809
PSYCHEDELIC WALL THERMOMETER,750.55,633
FLOWER FAIRY OIL BURNER SET ROSE,750.0,588
CERAMIC LOVE HEARTS DESIGN MUG,749.4700000000005,503
MINI JIGSAW BAKE A CAKE ,747.0600000000002,1813
WOOD STAMP SET HAPPY BIRTHDAY,745.9499999999998,455
SPOTS MUG,744.2999999999998,426
URBAN CHIC CHOPSTICKS SET/5,744.1500000000002,397
T-LIGHT HOLDER SWEETHEART HANGING,740.8499999999997,391
SKULLS STORAGE BOX LARGE,740.0899999999997,383
BLUE/CREAM STRIPE CUSHION COVER ,738.65,597
ANTIQUE EDWARDIAN DRESSER,737.4,52
BLACK EAR MUFF HEADPHONES,737.0100000000002,153
ENAMEL PINK COFFEE CONTAINER,736.9800000000002,515
PINK YELLOW PATCH CUSHION COVER,735.8999999999999,354
CONGRATULATIONS BUNTING,735.7499999999997,135
RED DAISY POCKET BOOK ,734.7500000000001,5159
WHITE NEWBAROQUE CANDLESTICK CANDLE,734.2499999999999,639
CANDY SHOP  STICKER SHEET,733.8299999999997,867
SET OF 4 FAIRY CAKE PLACEMATS ,733.45,199
SMALLFOLKART BAUBLE CHRISTMAS DEC,733.3800000000003,2929
12 PENCILS TALL TUBE POSY,732.9100000000002,2047
Adjustment by Peter on Jun 25 2010 ,731.0500000000001,3
ASS FLORAL PRINT TORCH,729.9499999999999,2567
CERAMIC BIRDHOUSE RED ROOF LARGE,729.8500000000001,163
FIRST CLASS PASSPORT COVER ,726.1400000000001,386
STAR  T-LIGHT HOLDER ,725.4999999999997,502
 PAINT YOUR OWN CANVAS SET,724.7999999999997,480
SMALL MEDINA STAMPED METAL BOWL ,723.4000000000003,940
POCKET BAG PINK PAISELY BROWN SPOT,723.1500000000003,406
RETRO LAUNDRY TUB PISTACHIO,722.5,85
 HOME SWEET HOME  BLACKBOARD,722.31,117
CRAZY DAISY HEART DECORATION,719.85,1125
GLITTER CHRISTMAS TREE,715.7,842
RED/CREAM STRIPE CUSHION COVER ,714.9,578
PINK BUTTERFLY WASHBAG,714.75,327
MINI PAINT SET VINTAGE  BOY+ GIRL,714.5999999999997,1188
ZINC HEART LATTICE PLANTER BOWL,713.8,820
PINK PAINTED KASHMIRI CHAIR,713.4000000000001,22
ORANGE SCENTED SET/9 T-LIGHTS,712.9999999999999,848
PACK OF 12 STICKY BUNNIES,712.7499999999998,1115
MAGAZINE RACK GEBRA ASSORTED ,712.5,534
BEACH HUT KEY CABINET,711.25,339
SOLDIERS EGG CUP ,710.0,568
PURPLE DRAWERKNOB ACRYLIC EDWARDIAN,708.94,566
FELT FARM ANIMAL CHICKEN,708.08,592
CARD BIRTHDAY COWBOY,707.1600000000005,1766
MAGIC DRAWING SLATE LEAP FROG ,704.8200000000002,1733
"ART LIGHTS,FUNK MONKEY",704.1,262
TOOTHPASTE TUBE PEN,702.5500000000001,1127
"FRENCH BLUE METAL DOOR SIGN, 1",700.0,560
SET/3 TALL GLASS CANDLE HOLDER PINK,699.7,86
SET OF SKULL WALL STICKERS,699.3999999999999,304
GINGHAM ROSE WRAP,698.8,1740
ABSTRACT CIRCLES NOTEBOOK,698.5499999999994,3187
FUNKY MONKEY MUG,697.9,710
COSY SLIPPER SHOES SMALL GREEN,697.2999999999997,238
FELT EGG COSY CHICKEN,696.15,819
LARGE YELLOW BABUSHKA NOTEBOOK ,695.5799999999999,582
MULTI HEARTS  STICKERS,695.0500000000001,833
KITCHEN FLOWER POTS WALL PLAQUE,694.7000000000002,458
BLUE  SPOTTY PUDDING BOWL,694.0800000000002,2672
FLOWER FAIRY OIL BURNER SET SUMMER,693.25,533
PAINTED BIRD ASSORTED CHRISTMAS,691.2099999999998,409
3 ROSE MORRIS BOXED CANDLES,689.34,174
BROWN FLOWER LIGHTS,688.95,109
PACK 6 HEART/ICE-CREAM PATCHES,687.5,550
"DECORATION , WOBBLY CHICKEN, METAL ",686.9999999999998,536
IVORY KNITTED MUG COSY ,685.2999999999995,442
FLYING PIG WATERING CAN,685.1999999999998,264
GLASS BONBON JAR PARFUME AUX FLEURE,684.73,568
WHITE WITH BLACK CATS PLATE,683.05,6013
200 BENDY SKULL STRAWS,682.85,601
PINK/WHITE CHRISTMAS TREE 60CM,682.7500000000002,1007
"BREAD BIN, DINER STYLE, IVORY",682.7499999999999,45
TABLE LAMP WHITE SHADE WOOD BASE,682.55,137
CHRISTMAS TREE PAINTED ZINC ,681.8500000000001,1049
OLIVE CHALET BIRDFEEDER,681.25,251
RIDGED GLASS PENDANT LAMPSHADE,680.8499999999999,43
LARGE HEART FLOWERS HOOK   ,680.36,568
PINK STRIPE HOT WATER BOTTLE,679.55,245
DANISH ROSE BEDSIDE CABINET,679.1000000000001,18
STRAWBERRIES  DESIGN FLANNEL ,679.05,1305
PINK HAWAIIAN PICNIC HAMPER FOR 2,678.0,136
"FRENCH BOTTLE , LAVENDER",677.0999999999997,422
PAPERWEIGHT VINTAGE COLLAGE,676.9500000000003,315
S/4 BLACK DINNER CANDLE SILVER FLOC,676.7099999999997,661
PINK METAL CHICKEN HEART ,676.56,456
VIPPASSPORT COVER ,676.1,361
SET OF 12  VINTAGE POSTCARD SET,676.05,587
MIRROR MOSAIC T-LIGHT HOLDER ROUND,674.25,445
EGG CUP NATURAL CHICKEN,674.1600000000001,560
FRENCH EMROIDR LAVENDER SCENT HEART,672.0000000000002,320
RETRO SPOT CANDLE  LARGE,672.0000000000001,272
FOLKART BAUBLE CHRISTMAS DECORATION,671.5100000000002,1339
WHITE GOOSE FEATHER CHRISTMAS TREE ,671.0500000000001,199
GLASS SPHERE CANDLE STAND MEDIUM,670.4999999999998,234
MINI FUNKY DESIGN TAPES,669.8,788
DINOSAUR BIRTHDAY CARD,668.7599999999999,1618
SWEETIES  STICKERS,668.0999999999998,786
PINK ROUND BUTTERFLY MIRROR ,667.83,235
S/3 FLWR FAIRY LILLY CANDLES,666.9000000000001,312
SET/4 BADGES BALLOON GIRL,666.85,535
BROWN FURRY HOT WATER BOTTLE,665.05,191
DANISH ROSE PHOTO FRAME,664.3500000000003,269
BOHEMIAN COLLAGE STATIONERY SET,664.3499999999999,405
PURPLE GREEN FLOWER PIGGY BANK,664.3499999999998,359
ANTIQUE CREAM CUTLERY SHELF ,663.0,78
YULETIDE IMAGES GIFT WRAP SET,662.7600000000001,410
SILVER SKULL HOT WATER BOTTLE ,662.61,179
S/2 BEACH HUT TREASURE CHESTS,661.7000000000002,302
STRAWBERRY SCENTED SET/9 T-LIGHTS,661.5500000000008,815
CHRISTMAS TREE HEART DECORATION,661.5,1575
FLOWER FAIRY INCENSE ROSE,661.2300000000001,3124
FLOWER FAIRY SET 3 CANDLES LAVENDER,660.8999999999999,302
S/4 PURPLE DINNER CANDLE BLK FLOCK,660.1199999999998,636
BLACK CANDELABRA T-LIGHT HOLDER,660.0600000000001,671
CERAMIC STRAWBERRY TRINKET TRAY,659.2500000000002,267
VINTAGE WOODEN PLATE RACK,659.1500000000001,17
HEART EAR MUFF HEADPHONES,658.2600000000002,130
BEADED PEARL HEART WHITE ON STICK,658.26,954
MINI JIGSAW PURDEY,657.7800000000001,1573
PEG BAG APPLE DESIGN,656.7,284
CHRISTMAS TREE DECORATION WITH BELL,656.46,1563
DOORSTOP RACING CAR DESIGN,655.98,258
JARDIN ETCHED GLASS FRUITBOWL,655.75,61
ASS COL LARGE SAND FROG P'WEIGHT,653.97,689
LOUVRE VANITY MIRROR,653.85,129
HANGING SPRING FLOWER EGG LARGE,653.61,813
MOROCCAN BEATEN METAL DISH LARGE,653.49,93
PINK PATCH PENCIL CASE BLUE HEART,652.5300000000002,316
BLUE JUICY FRUIT PHOTO FRAME,651.9000000000003,262
FRENCH GARDEN SIGN BLUE METAL,651.76,536
HIPPY CHIC DECORATIVE PARASOL,650.25,51
SET OF 16 VINTAGE PISTACHIO CUTLERY,650.25,51
BLUE CALCULATOR RULER,649.5,550
CARAVAN SQUARE TISSUE BOX,649.35,639
BLUE GINGHAM ROSE CUSHION COVER,648.5499999999998,109
LUNCHBAG SUKI  DESIGN ,648.25,405
SMALL ROUND CUT GLASS CANDLESTICK,648.2,140
CHRISTMAS TREE STAR DECORATION,648.06,1543
DAISY NOTEBOOK ,647.5499999999998,3447
GLITTER CHRISTMAS TREE WITH BELLS,647.3999999999997,332
PARTY PIZZA DISH RED RETROSPOT,646.7999999999997,816
JARDIN ETCHED GLASS LARGE BELL JAR,645.3,54
GINGHAM HEART WREATH,644.7999999999997,224
RED CHARLIE+LOLA PERSONAL DOORSIGN,644.7,1142
PACK/12 XMAS FUN CARD,644.55,225
FROG CANDLE,643.37,867
CUSHION COVER PINK UNION FLAG,643.35,101
LA PALMIERA WALL THERMOMETER,641.75,438
JASMINE VOTIVE CANDLE,641.7399999999998,2630
PINK  POLKADOT PLATE ,639.4400000000002,392
ESSENTIAL BALM 3.5g TIN IN ENVELOPE,637.9200000000001,5504
ASSORTED LAQUERED INCENSE HOLDERS,637.89,3641
SET OF 6 ICE CREAM SKITTLES,637.2000000000003,216
VINTAGE BEAD PINK SHADE ,636.25,512
ROBIN CHRISTMAS CARD,635.2200000000005,1533
KITTENS DESIGN FLANNEL,633.2200000000001,1306
FLOOR LAMP SHADE WOOD BASE,631.8399999999999,82
CANDY BUTTON PHOTO ALBUM,631.2499999999999,295
TEA TIME PAPER LANTERNS,630.5000000000001,334
PINK PAINTED KASHMIRI TABLE,630.0,11
PINK POLKADOT BOWL,628.82,514
RED ORGANIC CANDLE IN GLASS,627.0500000000001,613
WRAP BLUE RUSSIAN FOLKART,626.25,2025
FELT EGG COSY BLUE RABBIT ,625.7000000000003,782
FLUTED ANTIQUE CANDLE HOLDER,625.59,747
S/5 MINI ICE CREAM FRIDGE MAGNETS,625.1999999999999,1992
S/16 VINTAGE SKY BLUE CUTLERY,624.75,49
ASS COL SMALL SAND GECKO P'WEIGHT,622.7399999999999,1559
LILAC DIAMANTE PEN IN GIFT BOX,622.6999999999998,362
HELLO SAILOR BATHROOM SET,622.5500000000001,1481
BROWN  PIRATE TREASURE CHEST ,622.5,386
STRING OF STARS CARD HOLDER,620.4999999999999,238
GOLD STANDING GNOME,620.0,160
CERAMIC PLATE LOVE HEART DESIGN,619.84,596
FRYING PAN RED RETROSPOT,618.5,154
"FRENCH BLUE METAL DOOR SIGN, 2",616.25,493
BLUE POLKADOT PLATE ,615.7799999999997,378
SMALL ORIENTAL BLUE FOLDING STOOL,615.4000000000003,282
JIGSAW TOADSTOOLS 3 PIECE,614.1999999999997,380
IVORY HANGING BIRD PLANTER ,613.9499999999998,245
FAIRY CAKE NOTEBOOK A5 SIZE,611.9999999999998,720
CUPID DESIGN SCENTED CANDLES,611.8500000000001,465
FLOWERS  STICKERS,611.6099999999999,909
BEADED CRYSTAL HEART PINK SMALL,611.47,491
RABBIT  DESIGN  COTTON TOTE BAG,609.75,279
"WRAP, FRIENDSHIP ON GREEN",609.0,1450
NEW BAROQUE IVORY CUSHION COVER ,607.6999999999999,254
"FRENCH BLUE METAL DOOR SIGN, 3",607.5,486
RED REINDEER STRING OF 20 LIGHTS,605.75,131
PINK ROSE FABRIC MIRROR,605.25,693
MAXWELL 2 TONE BLUE 60 PAGE PHOTO A,605.0,302
BOX OF 6 ASSORTED COLOUR TEASPOONS,603.5,142
RED RETROSPOT CUP,603.1900000000003,739
SET OF 3 CHRISTMAS BRIAR CANDLES,602.85,171
SMALL GREEN PEONY FOLDING STOOL,602.6,262
SMALL LICORICE DES PINK BOWL,602.5699999999999,493
NOEL GARLAND PAINTED ZINC ,602.25,365
FRENCH CHATEAU LARGE FRUIT BOWL ,602.2499999999999,259
SET OF 36 SILVER PAPER DOILIES,601.75,415
SCOTTIES CHILDRENS APRON,601.3499999999997,395
MONEY BOX CONFECTIONERY DESIGN,601.1,490
EASTER DECORATION EGG BUNNY ,600.73,629
PARTY INVITES FOOTBALL,599.6699999999997,927
RETRO SPOT CANDLE  SMALL,599.5699999999996,365
MAGIC DRAWING SLATE GO TO THE FAIR ,599.04,1512
3 TRADITIONAl BISCUIT CUTTERS  SET,598.2000000000003,302
SET OF RED SALAD SERVERS ,596.0,400
CHRISTMAS MUSICAL ZINC TREE,595.7999999999998,756
ELEPHANT TOY WITH BLUE T-SHIRT,595.6799999999998,160
FRENCH CHATEAU SMALL FRUITBOWL,595.05,405
ENVELOPE 50 ROMANTIC IMAGES,594.5399999999998,918
WHITE HONEYCOMB PAPER GARLAND ,594.5,378
SMALL PINK MAGIC CHRISTMAS TREE,594.0500000000001,1097
PAPERWEIGHT SAVE THE PLANET,593.8500000000001,307
BLOSSOM IMAGES SCRAP BOOK SET,593.85,407
T-LIGHT HOLDER WHITE LACE,593.2600000000001,742
CUPBOARD 3 DRAWER MA CAMPAGNE,592.6999999999998,42
SET/4 SCENTED CANDLES IN RAMEKINS,592.5,454
SKULL LUNCHBOX WITH CUTLERY ,592.5,250
APRON MODERN VINTAGE COTTON,592.0,160
FLAG OF ST GEORGE ,590.6999999999998,358
PACK OF 12 RED RETROSPOT TISSUES ,590.4900000000001,2109
ENVELOPE 50 BLOSSOM IMAGES,589.4399999999998,912
HANGING BAUBLE T-LIGHT HOLDER LARGE,588.5,206
ROMANTIC IMAGES SCRAP BOOK SET,588.3000000000001,370
FRUIT TREE AND BIRDS WALL PLAQUE,588.1500000000001,237
BEACH HUT MIRROR,588.1499999999999,295
MIRROR MOSAIC HURRICANE LAMP ,586.95,141
POSY SHOPPER BAG,586.25,1513
"DECORATION , HANGING METAL CHICKEN",586.25,601
4 VANILLA BOTANICAL CANDLES,585.0,156
BEACH HUT SHELF W 3 DRAWERS,584.9000000000002,222
SET/20 COLLAGE PAPER NAPKIN ,584.6700000000003,759
BLUE COAT RACK PARIS FASHION,583.2000000000003,128
BEACH HUT PHOTO FRAME,583.1,574
SET/3 POT PLANT CANDLES,582.8499999999998,113
SMALL KITCHEN FLOWER POTS PLAQUE,582.15,337
FRENCH ENAMEL CANDLEHOLDER,581.8700000000001,305
FENG SHUI PILLAR CANDLE,581.59,3061
ENAMEL PINK SUGAR CONTAINER,581.5800000000002,391
ASSTD DESIGN POP ART SLIM PEN,581.4,684
12 MINI TOADSTOOL PEGS,581.25,465
"FRENCH BLUE METAL DOOR SIGN, 5",581.25,465
HOT WATER BOTTLE BABUSHKA LARGE,580.8000000000001,128
BLUE POLKADOT BOWL,580.14,486
VICTORIAN METAL POSTCARD CHRISTMAS,579.1499999999999,351
BUBBLE GUM SCARF KNITTING KIT,576.2999999999998,306
"FRENCH BLUE METAL DOOR SIGN, 0",575.0,460
ROSE 1 WICK MORRIS BOXED CANDLE,574.91,139
WRAP FOLK ART,574.75,1875
MR ROBOT SOFT TOY,574.4999999999999,134
DOLLY HONEYCOMB GARLAND,574.3500000000001,367
PINK PICNIC BARBECUE BUCKET,574.3000000000001,82
MIRROR MOSAIC CANDLE PLATE,574.1899999999999,875
"FRENCH BLUE METAL DOOR SIGN, 4",573.75,459
MOTORING TISSUE BOX,573.4,512
LARGE  TALL CAMPHOR WOOD TOADSTOOL ,572.9499999999999,143
PARTY INVITES BALLOON GIRL,571.7999999999997,864
ORANGE FLOWER MUG ,570.15,5391
MOROCCAN BEATEN METAL DISH,568.4999999999999,150
ENVELOPE 50 CURIOUS IMAGES,568.1899999999999,887
JIGSAW RABBIT AND BIRDHOUSE,567.6,344
WRAP BLUE REINDEER,567.0,1350
TEACUP AND SAUCER REGENCY ROSES,566.7000000000002,210
POLKA DOT PISTACHIO PAIL,566.22,279
ZINC HEART LATTICE DOUBLE PLANTER,566.1,670
DOOR MAT NEIGHBOURHOOD WITCH ,565.8900000000001,79
SET/4 BADGES WOODLAND ANIMAL,564.5,482
WATERING CAN SINGLE HOOK PISTACHIO,564.1199999999998,412
FLYING SAUCER TABLE LIGHT IN WHITE,563.45,191
BLUE PATCH PENCIL CASE PINK HEART,563.1900000000003,284
PINK HEART SHAPE PHOTO FRAME,562.65,341
GLASS SPHERE CANDLE STAND LARGE ,562.4499999999999,299
SET OF 4 NAPKIN CHARMS LEAVES   ,561.9000000000001,226
SET OF 3 WICKER BASKET ROSE,561.8,70
WRAP WEDDING DAY,561.0,1450
SET/4 2 TONE EGG SHAPE MIXING BOWLS,559.5799999999998,58
BLACK TEA TOWEL CLASSIC DESIGN,558.75,447
"FRENCH BLUE METAL DOOR SIGN, 8",558.75,447
HAWAIIAN GRASS SKIRT ,558.3600000000001,345
SWEETHEART WIRE MAGAZINE RACK,557.9999999999998,72
CLAM SHELL LARGE,557.7,742
SET OF 36 DOILIES VINTAGE CHRISTMAS,557.4,444
SKULLS DESIGN FLANNEL,556.65,1161
RED HEART LUGGAGE TAG,556.47,447
SET/3 CHRISTMAS DECOUPAGE CANDLES,556.39,467
RETROSPOT CANDLE  SMALL,556.3199999999999,744
BLACK AND WHITE DOG BOWL,556.1399999999998,192
FLOWER FAIRY INCENSE BOUQUET,555.9,1194
"TUMBLER, NEW ENGLAND",554.3999999999999,336
"FRENCH BLUE METAL DOOR SIGN, 9",552.5,442
SKULLS STORAGE BOX SMALL,551.7000000000002,373
RED ROSE AND LACE C/COVER,551.6499999999999,187
JAM JAR WITH PINK LID,550.7400000000001,714
DECORATION WHITE CHICK MAGIC GARDEN,550.22,662
TUB 24 PINK FLOWER PEGS,549.4499999999998,333
"FRENCH BLUE METAL DOOR SIGN, 7",547.5,438
PINK PILLAR CANDLE SILVER FLOCK,546.6,372
VINTAGE NOTEBOOK TRAVELOGUE,546.2999999999998,282
DAISY JOURNAL ,545.5500000000002,341
MARAKESH LANTERN LARGE,544.5,30
MRS ROBOT SOFT TOY,543.6999999999999,126
LARGE TORTILLA DESIGN RED BOWL,543.3,286
THE KING GIFT BAG,542.7400000000001,8066
CHRISTMAS TREE T-LIGHT HOLDER,542.2999999999998,374
DECORATIVE NET CANOPY CREAM,541.5999999999998,68
SMALL ORIENTAL RED FOLDING STOOL,540.7500000000001,237
ARCHED GREY MIRROR,540.5999999999999,84
HOLLY TOP CHRISTMAS STOCKING,540.1199999999998,588
WHITE GLASS CHUNKY CHARM BRACELET,539.4999999999999,61
RED POLKADOT PUDDING BOWL,539.3400000000001,3679
COLUMBIAN CANDLE RECTANGLE,538.9499999999999,689
LIGHT BIRD HOUSE TREE DECORATION,538.92,804
"STRING OF 8 BUTTERFLIES,PINK",538.0500000000001,340
IVORY LOVE BIRD CANDLE,537.35,439
SET/4 BUTTERFLY MIRROR MAGNETS,537.3000000000003,649
ASSTD HEARTS DESIGN MUGS,536.1,318
CONCH SHELL,535.8,1252
VINTAGE PINK DECORATIVE PARASOL,535.5,42
SET OF 36 DOILIES SPACEBOY DESIGN ,535.2499999999997,389
2 PICTURE BOOK EGGS EASTER BUNNY,535.0,560
"WHITE PEARL BEADED HEART, SMALL",535.0,428
FOLKART HEART NAPKIN RINGS,534.45,195
ROMANTIC IMAGES GIFT WRAP SET,534.0,652
RED HEARTS LIGHT CHAIN ,533.1899999999999,119
BLUE DRAGONFLY HELICOPTER,532.6499999999999,67
BUNNY WOODEN PAINTED WITH BIRD ,532.0999999999998,626
 RIDGED GLASS T-LIGHT HOLDER,531.8000000000001,940
GREEN PICNIC BARBECUE BUCKET,531.3000000000001,78
2 PICTURE BOOK EGGS EASTER CHICKS,531.25,557
ASSTD DESIGN 3D PAPER STICKERS,530.6999999999999,632
LADLE LOVE HEART RED ,529.9800000000001,1351
CLASSICAL ROSE DISH,528.8499999999998,283
CURIOUS IMAGES SCRAP BOOK SET,528.5999999999999,340
ENAMEL COLLANDER CREAM,527.2500000000002,115
LOO ROLL  METAL SIGN ,527.25,321
DECORATIVE CATS BATHROOM BOTTLE,526.98,438
"FRENCH BLUE METAL DOOR SIGN, 6",525.0,420
STRAWBERRY CANDY BAG,524.25,1659
RECYCLED PENCIL WITH RABBIT ERASER,524.0999999999999,2510
WHITE SOAP RACK WITH 2 BOTTLES,523.5999999999999,88
FAIRY CAKE CERAMIC BUTTER DISH,523.1999999999999,192
POTTING SHED SEED TIN,523.0,164
PINK OVAL JEWELLED MIRROR,522.15,93
 IVORY PAPER CUP CAKE CASES ,521.0999999999999,1146
CHILDRENS APRON APPLE DESIGN,520.5,290
MINI CAKE STAND HANGING HEARTS,520.0499999999997,321
2 PICTURE BOOK EGGS EASTER DUCKS,520.0,548
ROUND CACTUS CANDLE,517.8499999999998,287
CHUNKY SILVER NECKLACE PASTEL FLOWE,517.3999999999999,52
RIDGED GLASS STORAGE JAR CREAM LID,516.36,140
PIN CUSHION BABUSHKA RED,515.9000000000001,154
CAKE STAND VICTORIAN FILIGREE SMALL,515.25,155
SWALLOW SQUARE TISSUE BOX,515.24,460
"CARD, BILLBOARD FONT",514.4400000000007,1266
DIAMANTE BOW BROOCH BLACK COLOUR,514.3499999999999,81
MIRRORED WALL ART PHOTO FRAMES,513.0,132
WRAP GREEN RUSSIAN FOLKART ,512.75,1700
SET/4 RED MINI ROSE CANDLE IN BOWL,512.1,674
RED RETROSPOT PLATE ,512.0699999999997,303
HI TEC ALPINE HAND WARMER,511.8299999999998,379
GLASS CHALICE GREEN  SMALL ,510.7499999999999,327
IF YOU CAN'T STAND THE HEAT MUG,510.65999999999997,414
RETRO LAUNDRY TUB PINK,510.0,60
SUNFLOWER DECORATIVE PARASOL,510.0,40
GREEN 3 TIER GLASS PLATE STAND,509.9,74
RETRO PLASTIC POLKA TRAY,509.6,1051
S/4 BLUE DINNER CANDLE SILVER FLOCK,508.9500000000001,413
GREEN METAL SWINGING BUNNY,508.57999999999976,602
PACK OF 12 CIRCUS PARADE TISSUES ,508.01,1765
METAL DECORATION NAUGHTY CHILDREN ,506.59999999999985,596
PACK OF 20 FAIRY CAKE PAPER NAPKINS,505.98999999999984,619
PINK  HEART CONFETTI IN TUBE,504.90000000000003,306
PINK METAL SWINGING BUNNY,504.8999999999997,594
FRENCH STYLE EMBOSSED HEART CABINET,504.84999999999985,23
BIRD IN TREE MUG ,504.55,4643
BOTANICAL ROSE GREETING CARD,503.5200000000003,1216
FAIRY CAKES NOTEBOOK A7 SIZE,503.1600000000001,1198
RETRO SPOT CANDLE  MEDIUM,502.79999999999995,248
FRENCH CHATEAU OVAL PLATTER,502.1999999999999,196
"""RETRO """"TEA FOR ONE"""" """,501.0,108
JAM JAR WITH GREEN LID,500.8799999999998,648
BLACK CHAMPAGNE GLASS,500.1,306
SET 3 JARDIN DE FEMME SCENT CANDLES,499.81,359
ROSE SCENT CANDLES IN GLASS,498.4999999999996,614
FUSCHIA/GREEN STRIPE WOOLLY BLANKET,497.15000000000003,77
GREEN ROSE CUSHION COVER,496.25000000000006,245
PANDA AND BUNNIES STICKER SHEET,495.54999999999984,583
BLUE CLIMBING HYDRANGA ART FLOWER,495.1500000000001,301
NAMASTE SWAGAT INCENSE,494.7000000000001,1925
CANDY SPOT TEA COSY,494.65000000000003,347
MINI JIGSAW DINOSAUR ,493.5000000000001,1175
NIGHTINGALE COATHOOK WHITE,493.4500000000001,317
S/2 ZINC HEART DESIGN PLANTERS,491.4999999999999,50
5 STRAND GLASS NECKLACE CRYSTAL,490.40000000000003,84
SET OF 6 T-LIGHTS WEDDING CAKE ,489.6499999999999,179
EAU DE NILE JEWELLED PHOTOFRAME,488.25000000000006,213
BIRD DECORATION GREEN  SPOT,487.8999999999998,574
MAGNETS PACK OF 4 VINTAGE LABELS ,487.72,392
PEG BAG APPLES DESIGN,487.5000000000003,200
MADRAS NOTEBOOK LARGE ,487.5,130
CANDY SPOT BREAD BASKETS,487.34999999999997,337
BLUE NEW BAROQUE CANDLESTICK CANDLE,487.20000000000005,336
BLUE ROSE FABRIC MIRROR,486.2,556
BLUE SPOTTY LUGGAGE TAG ,486.0,1056
PATCHWORK PENCIL CASE BUTTERFLY ,485.49000000000007,247
KEEP OUT GIRLS DOOR HANGER ,485.2299999999997,763
YELLOW DRAGONFLY HELICOPTER,484.9499999999998,61
BLUE SWEETHEART BRACELET,484.5,114
RED COAT RACK PARIS FASHION,484.19999999999993,108
COSY SLIPPER SHOES LARGE RED,483.7999999999998,164
DENIM PATCH PENCIL CASE BUTTERFLY,483.33000000000004,247
SET 3 WICKER OVAL BASKETS W LIDS,482.6999999999999,26
RATTLE SNAKE EGGS,481.8,660
DANISH ROSE UMBRELLA STAND,481.64999999999986,31
HANGING HEART MIRROR DECORATION ,481.0000000000001,740
RED FLOCK LOVE HEART PHOTO FRAME,479.81999999999994,570
75 BLACK FAIRY CAKE CASES,479.34999999999997,985
PREMIUM CHURCH CANDLE,479.34,247
SILVER GLITTER FLOWER VOTIVE HOLDER,478.8499999999999,1489
FAUX FUR CHOCOLATE THROW,478.7999999999999,24
METAL SIGN CUPCAKE SINGLE HOOK,478.75,383
SALT AND PEPPER SHAKERS TOADSTOOLS,477.57,393
BLUE FLOCK GLASS CANDLEHOLDER,477.2700000000001,1139
"F.FAIRY S/3 CANDLE/GLASS, ROSE",476.3999999999999,232
BLUE DRAWER KNOB ACRYLIC EDWARDIAN,476.25,381
PINK AND WHITE CHRISTMAS TREE 180CM,476.0000000000001,140
PINK  POLKADOT CUP,475.42000000000013,574
STARS GIFT TAPE ,475.25000000000034,733
TRIANGULAR RIDGED GLASS POSY HOLDER,475.10000000000014,766
WHITE PICNIC BARBECUE BUCKET,474.9,54
SUNSET COLOUR CHUNKY KNITTED THROW,474.59999999999997,28
FLOOR CUSHION ELEPHANT CARNIVAL,474.3499999999999,53
BLUE POLKADOT KIDS BAG,473.84999999999997,231
GREEN BLUE FLOWER PIGGY BANK,472.6499999999998,241
TEACUP AND SAUCER REGENCY GREEN,472.5,174
CARD DOG AND BALL ,472.3199999999998,1176
72 CAKE CASES DOLLY GIRL DESIGN,471.8499999999998,943
JARDIN ETCHED GLASS BUTTER DISH,471.4,68
SET/10 IVORY POLKADOT PARTY CANDLES,471.25,377
BLACK MINI TAPE MEASURE ,470.95000000000005,671
POLKADOT RAIN HAT ,470.7599999999998,1258
S/4 ROSE    BOTANICAL  CANDLE,469.5,126
CHERRY BLOSSOM TABLE CLOCK ,469.39999999999986,212
PINK NEW BAROQUECANDLESTICK CANDLE,469.25,347
S/4 PINK DINNER CANDLE SILVER FLOCK,468.8700000000002,389
OVEN MITT APPLE DESIGN,468.65000000000003,337
LOVELY BONBON STICKER SHEET,468.48999999999984,553
BALLERINA HEART DECORATION.,468.40000000000003,338
CARD WEDDING DAY,465.84000000000015,1140
CANDY SPOT EGG WARMER HARE,465.25,593
PURPLE FOXGLOVE ARTIIFCIAL FLOWER,464.8500000000001,315
SET/12 TAPER CANDLES,464.63999999999993,600
PING MICROWAVE APRON,464.15000000000003,119
PAPER POCKET TRAVELING FAN ,462.70000000000033,3425
BLUE PULL BACK RACING CAR,461.2000000000003,952
TEATIME GEL PENS ASST,460.8,2640
HELLO SAILOR BLUE SOAP HOLDER,460.7999999999999,288
METAL SIGN HIS DINNER IS SERVED,460.7999999999998,240
COLUMBIAN CANDLE ROUND,460.5400000000001,1094
DECORATION  BUTTERFLY  MAGIC GARDEN,460.39,571
CHRISTMAS DECOUPAGE CANDLE,460.08999999999986,563
RED WALL CLOCK,459.0,60
TROPICAL LUGGAGE TAG,459.0,1632
IVORY WALL CLOCK,459.0,60
HILDA CANDY SPOT RABBIT,457.5,122
FELT FARM ANIMAL RABBIT,456.83000000000004,391
BLUE KNITTED HEN ,456.50999999999993,343
RETROSPOT CANDLE  LARGE,456.44999999999993,435
PASTEL BLUE PHOTO ALBUM ,454.71000000000004,1005
BASKET/8 SCENTED LOVE TOKEN CANDLES,453.75,121
GREEN ROSE QUILT ,453.5,10
S/4 BURGUNDY WINE DINNER CANDLES,453.33,777
BLUE POLKADOT CUP,452.4700000000002,547
PINK BOUDOIR T-LIGHT HOLDER,451.95,4191
DAIRY MAID  SMALL  MILK JUG,451.50000000000034,215
TOYBOX  WRAP ,451.5,1075
MULTICOLOUR HONEYCOMB PAPER GARLAND,451.44999999999993,277
WHITE TRAVEL ALARM CLOCK,451.35000000000014,177
VINTAGE PHOTO ALBUM PARIS DAYS,450.7,74
SILVER CHARM NECKLACE 70CM,450.0,60
PEACH KNITTED HEN ,449.9099999999999,339
RETRO MOD TRAY,449.28,576
FORKED CACTUS CANDLE,449.04999999999995,223
CERAMIC BOWL WITH LOVE HEART DESIGN,448.7499999999999,157
GOLD MINI TAPE MEASURE ,448.4,644
MEASURING TAPE RUSSIAN DOLL PINK,448.39999999999986,152
MOUSEY LONG LEGS SOFT TOY,448.20000000000005,180
CHRISTMAS CARD SINGING ANGEL,446.58000000000015,1313
CAROUSEL DESIGN WASHBAG,446.54999999999984,229
75 GREEN PETIT FOUR CASES,446.46000000000004,1063
PACK 3 FIRE ENGINE/CAR PATCHES,446.25,357
"FRENCH BOTTLE, BRASSERIE DES ARTIST",446.0999999999998,282
FROG SOCK PUPPET,445.2499999999999,155
VINTAGE SHELLS PRINT,445.04999999999995,69
ASS COL SMALL SAND FROG P'WEIGHT,444.4800000000001,1144
"DECOUPAGE,GREETING CARD,",443.52000000000015,1068
BLUE SPOTTY PURSE ,443.34999999999985,433
BLUE  SPOTTY  COFFEE MUG,443.10000000000014,227
3 PIECE SPACEBOY COOKIE CUTTER SET,443.10000000000014,211
GIANT PINK HEART MEMO HOLDER,442.4,112
SILVER HANGING T-LIGHT HOLDER DOME,442.19999999999976,268
PINK SWEETHEART BRACELET,442.0,104
BLUE PAINTED KASHMIRI CHAIR,441.65,15
FROG KING WATERING CAN,441.0999999999998,178
DECORATIVE ROSE BATHROOM BOTTLE,440.44,356
BLACK AND WHITE CAT BOWL,440.10000000000025,218
DECORATIVE HANGING SHELVING UNIT,439.6,8
PIECE OF CAMO STATIONERY SET,439.53,2093
WRAP  PINK FLOCK,439.0,1050
BLUE CIRCLES DESIGN MONKEY DOLL,438.6,364
GLASS CHICKEN BUTTER DISH,438.15000000000003,283
PACK 4 FLOWER/BUTTERFLY PATCHES,437.5,350
DAIRY MAID CERAMIC BUTTER DISH,437.25,105
CERAMIC LOVE HEART MONEY BANK,436.65,321
RETRO SISTERS EXPRESSO CUPS,435.9999999999999,400
BLUE RETRO BAR STOOL,435.45,11
PLASMATRONIC LAMP,435.45,35
SMALL FOLKART STAR CHRISTMAS DEC,435.12000000000006,1036
"S/6 HALLOWEEN GHOST T LIGHTS, 5CM H",435.1199999999999,1036
SCOTTIES DESIGN WASHBAG,432.89999999999986,222
BLUE RIVIERA HANDBAG,431.0,326
MINI JIGSAW GO TO THE FAIR,429.6600000000001,1023
DANISH ROSE ROUND SEWING BOX,429.25,101
MIRROR LOVE BIRD T-LIGHT HOLDER,429.15,241
COLUMBIAN CUBE CANDLE,429.0,532
PARTY INVITES SPACEMAN,428.92999999999984,533
RED RETROSPOT PURSE ,428.84999999999985,147
BLUE  DIAMANTE PEN IN GIFT BOX,428.69999999999993,266
PENS ASSORTED FUNKY JEWELED ,428.4,504
BLUE KASHMIRI BOXED MIRROR,428.0,33
SMALL GLASS SUNDAE DISH CLEAR,427.35,259
SET OF PICTURE FRAME  STICKERS,426.7,166
SMALL TALL CAMPHOR WOOD TOADSTOOL,426.4499999999998,393
GREEN DRAWER KNOB ACRYLIC EDWARDIAN,426.44,340
BLUE POLKADOT PUDDING BOWL,425.28000000000014,2544
LITTLE FLOWER SHOPPER BAG,424.0,400
PINK  HONEYCOMB PAPER BALL ,423.4200000000001,211
LARGE SKULL WINDMILL,422.70000000000005,207
WHITE BAROQUE WALL CLOCK ,422.7,34
MEDIUM CHINESE STYLE SCISSOR,421.9,911
STRIPY DESIGN SHOWER CAP,421.3,890
"FRENCH BLUE METAL DOOR SIGN, No",421.25,337
"CAKE TIN, ROUND, VINTAGE RED,CREAM",421.04999999999984,59
FAIRY CAKE WICKER PICNIC BASKET ,420.75,33
DAISY SKETCHBOOK ,420.65,175
PINK GOOSE FEATHER TREE 60CM,420.6499999999999,187
JELLY BABIES YELLOW SMALL BOWL,420.14,358
SET/4 BADGES BEETLES,420.0,336
BLUE SQUARE COMPACT MIRROR,420.0,320
GREEN KASHMIRI OCCASIONAL TABLE,419.85,9
ROUND GEORGIAN SILVER MIRROR,419.2499999999999,135
ECONOMY PASSPORT COVER ,417.9,199
FLOWER FAIRY SET OF 3 LILY CANDLES,417.70000000000005,206
GLASS CHALICE GREEN  LARGE ,417.0000000000001,172
FAWN AND MUSHROOM GREETING CARD,416.6400000000002,992
JARDIN ETCHED GLASS SMALL BELL JAR,416.4,72
FOLKART STAR CHRISTMAS DECORATIONS,416.25,333
VINTAGE BEAD NOTEBOOK,415.95000000000005,141
PINK POT PLANT CANDLE,415.8,116
"WRAP, BILLBOARD FONTS DESIGN",415.8,990
FOLDING UMBRELLA RED/WHITE POLKADOT,415.79999999999995,84
SET OF 4 NEW ENGLAND COASTERS ,415.0,1092
SET/6 GINGERBREAD STAR T-LIGHTS,415.0,332
SET/12 FUNKY FELT FLOWER PEG IN BAG,413.7000000000001,197
PURPLE PILLAR CANDLE BLACK FLOCK,413.35,313
SET/6 3D KIT CARDS FOR KIDS,412.84999999999997,545
MIRROR MOSAIC VOTIVE HOLDER,412.4999999999999,265
ROSE DU SUD DRAWSTRING BAG,412.25,97
FELT TOADSTOOL  SMALL,412.2499999999999,485
MIDNIGHT GLAMOUR SCARF KNITTING KIT,411.5999999999999,264
GLASS CHALICE BLUE SMALL ,411.29999999999995,258
EASTER DECORATION SITTING BUNNY,410.8100000000002,509
SILVER GLASS T-LIGHT SET,410.05000000000007,139
WHITE MURANO TWIST BRACELET,409.75,100
SMALL POLKADOT CHOCOLATE GIFT BAG ,409.7000000000001,482
WRAP BLIZZARD,409.5,975
OLD DOC RUSSEL METAL SIGN,409.4999999999998,195
GREEN SWEETHEART BRACELET,408.0,96
BAG FOR CHILDREN VINTAGE PINK ,408.0,96
BAG FOR CHILDREN VINTAGE BLUE ,408.0,96
YELLOW BREAKFAST CUP AND SAUCER,407.92999999999995,2639
ENAMEL BLUE RIM OVAL TRAY SET/2,407.52000000000004,48
"CAKESTAND, 3 TIER, LOVEHEART",405.49999999999994,46
ORIGAMI LAVENDER INCENSE/CANDL SET ,405.44999999999993,415
LARGE TRIFLE DESIGN L BLUE BOWL,405.15,229
VINTAGE GLASS SUGAR CADDY,404.55,69
CARD CAT AND TREE ,403.9200000000001,972
GREEN  DIAMANTE PEN IN GIFT BOX,403.65,243
RED PEONY CUSHION COVER ,401.79999999999995,292
SMALL PINK PEONY FOLDING STOOL,401.3000000000002,189
VINTAGE NOTEBOOK PARIS DAYS,401.2499999999999,219
PINK AND WHITE CHRISTMAS TREE 120CM,401.20000000000005,136
BROWN COZY SQUARE PHOTO ALBUM,399.75,205
MONEY BOX FIRST ADE DESIGN,399.26,334
SCENTED CANDLE IN DIGITALIS TIN,399.0000000000001,190
Discount,397.89,196
JARDIN ETCHED GLASS GINGER JAR,397.4999999999999,50
FRIDGE MAGNETS US DINER ASSORTED,396.8999999999999,522
BEADED CRYSTAL HEART BLUE SMALL,396.47,319
ALPHABET HEARTS STICKER SHEET,396.0999999999998,466
EASTER DECORATION HANGING BUNNY,395.6,616
CAMOUFLAGE EAR MUFF HEADPHONES,395.28,72
LILLIES CANVAS PICTURE,394.84999999999997,233
PARTY PIZZA DISH RED WHITE SPOT ,394.40000000000003,464
BLACK GEMSTONE BRACELET,393.79999999999995,44
CERAMIC BIRDHOUSE FINCH BLUE  LARGE,393.59999999999985,75
RETRO PLASTIC ELEPHANT TRAY,393.54999999999984,463
3 TRADITIONAL COOKIE CUTTERS  SET,392.4000000000001,204
JARDIN DE FEMME SCENTED CANDLE,392.00000000000006,656
RETRO PINK SPOT WASHING UP GLOVES,391.1000000000001,187
ASSORTED TUTTI FRUTTI BRACELET,390.0000000000001,600
ENGLISH ROSE IRONING BOARD COVER,390.0,104
FRAPPUCINO SCARF KNITTING KIT,389.94999999999993,229
SCOTTIES DES CHILD'S APRON,389.39999999999975,236
POP-ART FLUORESCENT PENS,388.8,6192
SET OF 3 SILVER FLYING DUCKS,388.3999999999999,136
MAGIC GARDEN MOUNT FUJI,387.6000000000002,152
SMALL CHOCOLATES PINK BOWL,387.5,310
GOLD WINE GOBLET,386.8,88
FRENCH CHATEAU LARGE PLATTER ,385.9499999999999,121
OVEN MITT APPLES DESIGN,385.6999999999999,266
BUNNY DECORATION MAGIC GARDEN,385.6800000000001,488
CHERRY BLOSSOM LUGGAGE TAG,385.22,1894
"FLOWER FAIRY,5 SUMMER B'DRAW LINERS",385.05,151
CURIOUS  IMAGES NOTEBOOK SET,384.75,243
SQUARECUSHION COVER PINK UNION FLAG,384.75,57
WHITE CHRYSANTHEMUMS ART FLOWER,384.53999999999996,233
TEACUP AND SAUCER REGENCY PINK,384.0,144
ASSORTED CHEESE FRIDGE MAGNETS,383.59000000000015,599
"CAKE TIN, 3 TIER RED/IVORY",383.4,28
SMALL CAMPHOR WOOD FIELD  MUSHROOM,383.1,358
GREEN CAT FLORAL CUSHION COVER ,382.5,278
SET OF 16 VINTAGE SKY BLUE CUTLERY,382.5,30
RED VICTORIAN FABRIC OVAL BOX,382.4300000000001,1052
ENGLISH ROSE PLACEMATS,382.05,107
PIN CUSHION RUSSIAN DOLL PINK,381.90000000000015,114
PINK JEWELLED PHOTO FRAME,381.5999999999999,48
CANDY SPOT APRON,381.29999999999984,82
GOLD WASHBAG,380.98999999999995,1781
"""PEARL & SHELL 42""""NECKL. PINK""",380.89,43
BLACK CHRISTMAS TREE 60CM,380.65,391
"F.FAIRY S/3 CANDLE/GLASS,LAVENDER",380.35,193
WHITE GRAND BAROQUE PHOTO FRAME,379.5,174
FLAG OF ST GEORGE CAR FLAG,379.2600000000001,953
BLUE ROCKING SINGING CANARY,378.75,101
S/4 FESTIVE GREEN DINNER CANDLES,378.33,717
WRAP MONSTER FUN ,378.0,900
SILVER FISHING GNOME ,376.99999999999994,60
FOLKART CROWN TABLE DECORATIONS,376.74000000000007,450
SET OF 3 VINTAGE TEA TIME BOXES,376.34999999999997,139
ASS DES PHONE SPONGE CRAFT STICKER,375.70000000000005,578
SET OF MEADOW  FLOWER STICKERS,375.6499999999999,161
CHEST 7 DRAWER MA CAMPAGNE,375.2,16
PINK CAT FLORAL CUSHION COVER ,375.0,276
BLUE HEART COMPACT MIRROR,375.0,204
SET OF 3 BIRD LIGHT PINK FEATHER ,375.0,300
JIGSAW TREE WITH WATERING CAN,374.8499999999999,441
SWISS CHALET TREE DECORATION ,374.73999999999995,538
WHITE HEART CONFETTI IN TUBE,374.55000000000007,227
OCEAN SCENT CANDLE JEWELLED DRAWER,374.0,88
PINK FOXGLOVE ARTIIFCIAL FLOWER,373.80000000000007,172
SQUARE FLOOR CUSHION VINTAGE RED,373.65,47
BLUE SHARK HELICOPTER,373.65,47
YELLOW SHARK HELICOPTER,373.65,47
ASSORTED TUTTI FRUTTI KEYRING BALL,373.15,439
PURPLE ANEMONE ARTIFICIAL FLOWER,372.89,401
LADLE LOVE HEART PINK,372.54000000000013,935
SWEETHEART WIRE FRUIT BOWL,372.3,45
CLASSICAL ROSE URN,372.29999999999995,94
RETROSPOT CANDLE  MEDIUM,372.0,376
TURQ ICE CREAM BUM BAG ,371.90000000000003,238
MINI  ZINC GARDEN DECORATIONS ,371.69,461
"""CHARLIE+LOLA""""EXTREMELY BUSY"""" SIGN""",371.3400000000001,596
MIRROR MOSAIC GOBLET CANDLE HOLDER,370.75,107
DOG BOWL VINTAGE CREAM,370.5,90
ASSTD FRUIT+FLOWERS FRIDGE MAGNETS,369.9599999999999,684
SET OF 16 VINTAGE BLACK CUTLERY,369.75,29
SET/4 COLOURFUL MIXING BOWLS,369.34,38
BIRDCAGE DECORATION TEALIGHT HOLDER,367.94,298
BLUE ROSE PATCH PURSE PINK BUTTERFL,366.3,222
EAU DE NILE HEART SHAPE PHOTO FRAME,366.29999999999995,222
DAISY FOLKART HEART DECORATION,366.25,293
PINK DISCO HANDBAG,366.24999999999994,219
CREAM KNITTED HEN,365.76,288
CHRISTMAS CARD STACK OF PRESENTS,365.58000000000015,1153
NEW BAROQUE BLACK PHOTO ALBUM,365.5,43
BLACK FACE LAMB WITH PANTS,365.34,98
RETRO PINK BALL ASHTRAY ,364.54999999999995,307
JINGLE BELLS TREE DECORATION,364.5000000000001,245
ZINC HEART LATTICE TRAY OVAL ,364.15,325
SILVER TEDDY BEAR,363.75,161
WRAP DAISY CARPET ,363.75,1400
DOORSTOP RUSSIAN DOLL RETROSPOT,363.48,100
PINK JEWELLED PHOTO FRAME ,361.35,73
S/3 PINK SQUARE PLANTERS ROSES,361.3499999999999,33
ANIMAL STICKERS,360.84,1724
SEASIDE FRISBEE ,360.51,303
BLOND DOLL DOORSTOP,360.33,219
BIRTHDAY PARTY CORDON BARRIER TAPE,360.14,310
TROPICAL PASSPORT COVER ,360.09999999999997,231
SPRIG LAVENDER ARTIFICIAL FLOWER,359.55,447
FELT EGG COSY LADYBIRD ,359.5099999999999,467
PAPERWEIGHT HOME SWEET HOME,359.2500000000001,159
FELT FARM ANIMAL WHITE BUNNY ,358.83999999999986,424
SET/4 BADGES DOGS,358.75,287
RED BIRD HOUSE TREE DECORATION,358.28,548
SOFT PINK ROSE TOWEL ,358.05,77
PURPLE GEMSTONE BRACELET,358.0,40
PLASTERS IN TIN MR STRONG ,357.0000000000001,228
SET OF 16 VINTAGE RED CUTLERY,357.0,28
TEA TIME BREAKFAST BASKET,356.99999999999994,170
CUSHION COVER PINK UNION JACK,356.99999999999994,60
BLUE DISCO HANDBAG,356.75,249
CREAM CUSHION COVER WITH FLOWERS,355.85,103
FAIRY CAKE PLACEMATS,355.8,100
SET OF 4 NAPKIN CHARMS INSTRUMENT,355.35000000000014,145
SMALL MARAKESH METAL  LANTERN ,354.5,114
STRAWBRY SCENTED VOTIVE CANDLE,353.9999999999999,1320
FIRST CLASS HOLIDAY PURSE ,353.3,686
EMPIRE DESIGN ROSETTE,352.5,282
ROSES WHITE ROUND CANDLE,351.62,826
RED RETROSPOT TOASTRACK,349.79999999999995,104
NEW BAROQUE JEWELLERY BOX ,349.7,46
SET OF 3 BIRD L.BLUE FEATHER,349.20000000000005,360
SET OF 3 PINK FLYING DUCKS,349.15000000000003,83
"F.FAIRY S/3 CANDLE/GLASS,LILY/VALLY",349.15,177
MULTICOLOUR HONEYCOMB FAN,349.05,213
BLUE TILED TRAY,348.75,265
ASSORTED SHAPES PHOTO CLIP SILVER ,347.87,739
"SMALL POP BOX,FUNKY MONKEY",347.85,309
STANDING FAIRY POLE SUPPORT ,347.62999999999994,431
SUMMER FUN DESIGN SHOWER CAP,346.98,978
PINK DRESS JEWELLERY STAND ,346.84999999999997,371
EASTER BUNNY GARLAND OF FLOWERS,346.50000000000006,825
BLUE PATCH PURSE PINK HEART,346.5,210
ROMANTIC IMAGES NOTEBOOK SET,346.5,234
PINK HEARTS LIGHT CHAIN ,345.63,83
DANISH ROSE TRINKET TRAYS,345.1,58
CLEAR COLOUR GLASS GEMS IN BAG,344.54,518
PINK DOG BOWL,344.4899999999999,117
SILVER PHOTO FRAME,344.0999999999999,221
IVORY HANGING DECORATION  EGG,343.67999999999995,408
CARD PSYCHEDELIC APPLES,343.4400000000001,828
ZINC HEART LATTICE 2 WALL PLANTER,342.9,54
ENGLISH ROSE METAL WASTE BIN,342.19999999999993,116
CIRCLE OF FRIENDS CANDLE HOLDER,341.70000000000005,294
ORIGAMI VANILLA INCENSE/CANDLE SET ,341.7,374
SMALL SQUARE CUT GLASS CANDLESTICK,341.55000000000007,69
FLORAL SOFT CAR TOY,341.25,91
BLUE SPOTTY PASSPORT COVER,341.20000000000005,222
PAIR PADDED HANGERS PINK CHECK,340.8,96
SET OF 6 T-LIGHTS CACTI ,340.69999999999993,122
BLACK/WHITE GLASS/SILVER BRACELET,340.09999999999997,38
STRING CRYSTALS NATURAL,340.0,272
SET/6 COLLAGE PAPER PLATES,339.46999999999997,623
BEECH WOOD PHOTO FRAME ,338.75,271
PACK 3 IRON ON DOG PATCHES,338.75,271
SILVER CHERRY LIGHTS,338.45000000000005,59
BLUE TV TRAY TABLE ,337.94,82
WHITE CERAMIC PARTY SET (5PCS),337.58,94
12 PENCILS SMALL TUBE POSY,336.6999999999999,518
PINK HEARTS PHOTO ALBUM,336.25,159
HANGING SPRING FLOWER EGG SMALL,336.0499999999999,517
ROSE DU SUD CHILDS APRON,335.75,79
FAIRY CAKE GREETINGS CARD,335.46,809
GIFT BAG PSYCHEDELIC APPLES,334.1000000000002,514
ROSE PINK METAL FOLDING CHAIR,333.9,42
SPACE BOY BIRTHDAY CARD,333.7800000000001,805
FLOWER FAIRY INCENSE LILY,333.61,709
ASS COLOUR GLOWING TIARAS,333.5,422
"TUMBLER, BAROQUE",333.1499999999999,431
SET OF 3 WICKER BASKET TEA AND CAKE,332.6,27
BLUE BREAKFAST CUP AND SAUCER ,332.53999999999996,1994
CAT BOWL VINTAGE CREAM,332.5,106
GREEN BIRDHOUSE DECORATION,332.21,497
CLASSICAL ROSE CANDLESTAND,331.70000000000005,346
TALL ROCOCO CANDLE HOLDER,331.5,39
PURPLE SWEETHEART BRACELET,331.5,78
BLACK CHUNKY BEAD BRACELET W STRAP,331.15,37
PINK HYDRANGEA ART FLOWER,330.84,226
SET/4 BIRD MIRROR MAGNETS ,330.47999999999996,236
ASSORTED EASTER DECORATIONS  BELLS,330.28000000000003,308
SET/3 CHRISTMAS BRIAR CANDLES,330.0,88
LIGHT PINK FLOCK GLASS CANDLEHOLDER,329.15000000000003,796
WAKE UP COCKEREL WALL THERMOMETER,328.95000000000016,177
ECONOMY HOLIDAY PURSE,328.8499999999999,867
DECORATION  PINK CHICK MAGIC GARDEN,328.18999999999994,391
CAROUSEL DES CHILD'S OVERALL,327.6,156
ROUND PINK HEART MIRROR,327.6,156
ROBOT MUG IN DISPLAY BOX,327.57,273
SET/4 BADGES CUTE CREATURES,327.5,262
GREEN GIANT GARDEN THERMOMETER,327.24999999999994,55
BLUE BIRDHOUSE DECORATION,327.1099999999999,491
PINK PAISLEY SQUARE TISSUE BOX ,327.03,291
ROSE DU SUD CUSHION COVER ,326.7,66
GREEN POLKADOT BOWL,326.25,261
PINK RIVIERA HANDBAG,325.65000000000003,159
LOUVRE CHALKBOARD,325.59999999999997,49
MIRRORED DOVE WALL DECORATION,325.5,155
SPACE BOY GIFT WRAP,325.5,775
RED DAISY PAPER LAMPSHADE,325.07,271
LARGE WHITE/PINK ROSE ART FLOWER,325.07,287
BLACK CHRISTMAS TREE 120CM,324.71999999999997,40
BLACK LOVE BIRD T-LIGHT HOLDER,324.15,229
CLASSIC FRENCH STYLE BASKET BROWN,324.0,48
BLACK SWEETHEART BRACELET,323.0,76
SPACE OWL,322.5,258
GREEN SQUARE COMPACT MIRROR,322.5,246
GOLD PHOTO FRAME,322.49999999999994,225
PINK/YELLOW FLOWERS HANDBAG,321.95,243
DENIM PATCH PURSE PINK BUTTERFLY,321.75,195
BUNNY EGG GARLAND,321.72,766
BLUE GIANT GARDEN THERMOMETER,321.3,54
S/3 TEAR DROP CUT GLASS DECORATION,320.25,429
ANT WHITE SWEETHEART TABLE W 3 DRAW,320.0,3
YELLOW EASTER EGG HUNT START POST,319.6499999999999,175
DANISH ROSE FOLDING CHAIR,319.6,8
BIRD DECORATION RED RETROSPOT,319.57999999999987,398
ANTIQUE CREAM CUTLERY CUPBOARD,318.75,25
LARGE BLUE ORIENTAL FOLDING STOOL,317.0,136
FOLDING UMBRELLA BLACKBLUE POLKADOT,316.8,64
PINK GINGHAM CAT WITH SCARF,316.20000000000005,124
NEW ENGLAND TEATOWELS,316.2,124
ENGLISH ROSE TAPE MEASURE,315.44,256
GREEN PEONY CUSHION COVER,315.4,236
DANISH ROSE DELUXE COASTER,315.34999999999997,371
FLORAL BLUE MONSTER,315.0,78
MIRRORED WALL ART SKULLS,315.0,164
BANK ACCOUNT  GREETING  CARD ,314.69999999999993,763
LARGE GREEN PEONY FOLDING STOOL,314.35,131
GREEN GOOSE FEATHER CHRISTMAS TREE ,314.1,78
PINK BREAKFAST CUP AND SAUCER ,313.97999999999996,1578
PINK CHRYSANTHEMUMS ART FLOWER,313.8,278
BLUE DELPHINIUM ARTIFICIAL FLOWER,313.6,256
SILVER DISCO HANDBAG,312.55,161
SET/6 GARDEN GNOME T-LIGHT CANDLES,312.54999999999995,113
SET 3 WICKER STORAGE BASKETS ,312.34999999999997,13
TEATIME ROUND PENCIL SHARPENER ,311.94,1977
LIGHTHOUSE PRINTED METAL SIGN,311.8499999999999,63
BLUE VICTORIAN FABRIC OVAL BOX,311.75000000000006,854
ELVIS WALLHANGING / CURTAIN,311.25,249
BUNNY WOODEN PAINTED WITH FLOWER ,310.2499999999999,365
MIRROR MOSAIC T-LIGHT HOLDER ,309.45000000000005,205
LARGE PINK PEONY FOLDING STOOL,309.15000000000003,136
WOVEN BERRIES CUSHION COVER ,308.85,179
VINTAGE DOG FOOD CONTAINER,308.64,36
PAPERWEIGHT KINGS CHOICE ,308.54999999999995,177
ENGLISH ROSE TABLE CLOCK,307.2,136
BEAUTY SPEED EXPRESSO CUPS,306.9,462
BEADED CRYSTAL HEART PINK LARGE,306.15,187
BLACK BAROQUE WALL CLOCK ,306.0,24
DAIRY MAID TOASTRACK,305.50000000000006,106
CHRISTMAS CARD SCREEN PRINT ,304.80000000000007,936
PINK HEART RED HANDBAG,304.65,207
TURQOISE ICE CREAM SUNHAT,304.09,289
ANT WHITE HIGH RISE BIRD BOX,304.0,49
BLUE STAR BLOCK TABLE LAMP,303.85,103
"BIRTHDAY CARD, RETRO SPOT",303.84000000000003,744
PILLOWCUSHION COVER PINK UNION JACK,303.45000000000005,51
PINK BUTTERFLY CUSHION COVER ,303.15000000000003,133
COLUMBIAN CANDLE ROUND ,302.74000000000007,290
S/3 FLWR FAIRY SUMMER CANDLES,302.40000000000003,144
JARDIN ETCHED GLASS CANDLEHLDR LONG,301.95000000000005,61
SWEETHEART WIRE WALL TIDY,301.69999999999993,30
ROSE DU SUD OVEN GLOVE,300.9000000000001,102
PINK GLASS CANDLEHOLDER,300.90000000000003,102
MEASURING TAPE RUSSIAN DOLL BLUE,300.9,102
BLACK SILOUETTE CANDLE PLATE,300.88,376
PINK CAT BOWL,300.59999999999997,143
ENAMEL DOG BOWL CREAM,300.48,76
MULTICOLOUR  CONFETTI IN TUBE,300.29999999999995,182
BUTTONS AND STRIPES NOTEBOOK ,300.0,80
ORIENTAL BLUE CUSHION COVER ,299.70000000000005,218
BLOSSOM  IMAGES NOTEBOOK SET,299.5,206
CARD SUKI BIRTHDAY,298.80000000000007,732
CANDY SPOT HEART DECORATION,298.34999999999997,351
CANDY STRIPE ROSE C/COVER ,297.50000000000006,50
FLOWER BURST SILVER RING CRYSTAL,297.5,86
SILVER ROCOCO CANDLE STICK,297.30000000000007,54
FUNKY MONKEY GIFT BAG MEDIUM,297.06000000000006,1273
SMALL PINK GLASS SUNDAE DISH,297.00000000000006,180
SET OF 4 ROSE BOTANICAL CANDLES,296.25,79
SET OF 2 TEA TOWELS PING MICROWAVE,295.55000000000007,101
LAVENDER SCENT CAKE CANDLE,295.45,1277
SET 5 MINI DOUGHNUT FRIDGE MAGNET ,295.08000000000004,372
WOVEN BUBBLE GUM CUSHION COVER,294.0,176
FAIRY CAKES ROUND NESTING BOXES,293.8,52
OPIUM SCENTED VOTIVE CANDLE,293.76,1152
SET OF 4 NAPKIN CHARMS 3 KEYS ,293.25000000000006,115
ENAMEL BLUE RIM COFFEE CONTAINER,293.0999999999999,161
MAXWELL 2 TONE PINK 60 PAGE PHOTO A,293.0,142
PACK OF 12 PINK POLKADOT TISSUES,292.90000000000003,1010
S/4 FESTIVE RED DINNER CANDLES,292.5,234
CHARLIE+LOLA MY ROOM DOOR SIGN,291.6600000000001,482
SET 72 CAKE CASES VINTAGE CHRISTMAS,291.59999999999997,672
PING! MICROWAVE PLATE,291.36,96
RETRO PLASTIC 70'S TRAY,291.29,490
MINI JIGSAW LEAP FROG,290.94,727
RED RETROSPOT TISSUE BOX,290.25,405
PINK FLOWER FABRIC PONY,289.85,79
ASS FLORAL PRINT TAPE MEASURE,289.19,235
PINK MURANO TWIST BRACELET,289.0,68
SILVER JEWELLED MIRROR TRINKET TRAY,288.54999999999995,29
MINI PAINTED GARDEN DECORATION ,288.1499999999999,339
FIRST CLASS LUGGAGE TAG ,287.94,234
3 TIER SWEETHEART GARDEN SHELF,287.59999999999997,8
WHITE GOOSE FEATHER TREE 60CM ,287.09999999999997,98
JASMINE TEA INCENSE IN TIN,286.79999999999995,264
WHITE ANEMONE ARTIFICIAL FLOWER,285.6099999999999,169
DECORATIVE FLORE BATHROOM BOTTLE,285.0,228
COCKLE SHELL DISH,284.09999999999997,136
MIRROR CORNICE,284.04999999999995,19
BEADED CRYSTAL HEART BLUE  LARGE,283.79999999999995,172
BISCUITS SMALL BOWL LIGHT BLUE,283.75,227
SET/6  ANGEL T-LIGHTS WHITE/GOLD,282.9700000000001,652
MINI JIGSAW FIDO,282.24,672
RED AND WHITE SPOT TAPE,282.10000000000014,434
BOTANICAL LAVENDER GIFT WRAP ,281.5,675
STRIPES DESIGN TEDDY,280.5,110
SET/4 SPRING FLOWER DECORATION,280.25,95
"""PEARL & SHELL 42""""NECKL. IVORY""",279.5,26
BLCK NEW BAROQUE CANDLESTICK CANDLE,279.0000000000001,180
HEAVENS SCENT FRAGRANCE OILS ASSTD,278.47,1139
SILVER FABRIC MIRROR,278.4,408
FAIRY DREAMS INCENSE ,278.36,1391
TURQ+RED BOUDICCA LARGE BRACELET,278.0,40
SKULLS SQUARE TISSUE BOX,277.5,222
SET/6 PINK BIRD T-LIGHT CANDLES,277.0799999999999,220
RIDGED GLASS FINGER BOWL,277.05,201
PINK PARTY SUNGLASSES,277.04999999999995,167
PAISLEY PATTERN  STICKERS,276.3399999999999,418
PURPLE/TURQ FLOWERS HANDBAG,276.25,207
ACRYLIC GEOMETRIC LAMP,276.25,15
CRYSTAL STUD EARRINGS ASSORTED COL ,276.14000000000004,469
GREEN KASHMIRI BOXED MIRROR,276.0,23
WIRE FLOWER T-LIGHT HOLDER,275.0,220
GIFT BAG BIRTHDAY,274.9500000000001,423
CROCHET ROSE PURSE WITH SUEDE BACK,274.3500000000001,93
WHITE HYDRANGEA ART FLOWER,273.6,180
FLORAL PINK MONSTER,273.48,76
BLUE POLKADOT WASHING UP GLOVES,270.8999999999999,129
RED RETROSPOT SHOPPING BAG,270.3000000000001,106
Bank Charges,270.0,18
BLUE PAISLEY TISSUE BOX,268.99,263
WOVEN ROSE GARDEN CUSHION COVER ,268.95000000000005,153
BLACK BOX MIRROR LANTERN,268.75,55
SET OF 4 NAPKIN CHARMS CROWNS ,268.6500000000001,111
AMETHYST CHUNKY BEAD BRACELET W STR,268.5,30
BLUE  TILE HOOK,267.75000000000006,105
GREEN GOOSE FEATHER TREE 60CM,267.75,125
ANT COPPER LIME BOUDICCA BRACELET,267.3,54
VIP HOLIDAY PURSE,267.2,656
RED BOUDICCA LARGE BRACELET,266.6,39
LARGE CAMPHOR WOOD FIELD MUSHROOM ,266.40000000000003,72
BUTTONS DESIGN JEWELLERY BOX,266.25,71
WHITE SNOW SCANDINAVIAN STOCKING ,266.14,563
GRASS HOPPER WOODEN WALL CLOCK ,265.75,85
QUEEN OF THE SKIES HOLIDAY PURSE ,265.5,1034
CUBIC MUG PINK POLKA DOT,265.20000000000005,104
 4 PURPLE FLOCK DINNER CANDLES,265.20000000000005,200
SILVER BRACELET W PASTEL FLOWER,265.0,36
GREEN ENAMEL+GLASS HAIR COMB,264.6,144
QUEEN OF THE SKIES PASSPORT COVER ,264.5999999999999,126
PASTEL PINK PHOTO ALBUM ,262.95,653
FAIRY CAKE PLACEMATS ,262.05,75
ROSE DU SUD WASHBAG ,261.8,44
SMALL ZINC/GLASS CANDLEHOLDER,261.52,392
PINK GINGHAM ROSE FLOOR CUSHION,261.34999999999997,53
BLUE WIRE SPIRAL CANDLE HOLDER,260.34999999999997,41
STARFISH SOAP DISH,260.1,102
MIXED NUTS LIGHT GREEN BOWL,260.0,208
SCHOOL DESK AND CHAIR ,260.0,4
CONDIMENT TRAY 4 BOWLS AND 4 SPOONS,259.89,27
4 BLUE DINNER CANDLES SILVER FLOCK,259.20000000000005,132
LIPSTICK PEN BABY PINK,258.96000000000015,620
LARGE GLASS SUNDAE DISH CLEAR,258.2,996
BLUE NEW BAROQUE FLOCK CANDLESTICK,258.06,62
SET/6 EAU DE NIL BIRD T-LIGHTS,258.0,180
ORIGAMI ROSE INCENSE IN TUBE,257.58,516
BOX/12 CHICK & EGG IN BASKET,257.3999999999999,132
PINK BOUDICCA LARGE BRACELET,257.15000000000003,37
PAINTED PINK RABBIT ,256.69999999999993,302
CAKES AND RABBITS DESIGN FLANNEL ,256.38,330
BOTANICAL LAVENDER BIRTHDAY CARD,255.59999999999994,612
FLOWER WINDMILL,255.51,219
CAMPHOR WOOD PORTOBELLO MUSHROOM,254.66,364
CANDY POP CHUNKY KNITTED THROW ,254.24999999999997,15
ORIGAMI SANDLEWOOD INCENSE+FLOWER,253.00000000000006,300
GINGHAM BABUSHKA DOORSTOP,252.99,69
PINK FELT EASTER RABBIT GARLAND,252.45000000000002,99
SET/6 SILVER REINDEER T-LIGHTS,252.2000000000001,242
GREEN POLKADOT PLATE ,251.80999999999997,149
4 BURGUNDY WINE DINNER CANDLES,251.44,488
PSYCHEDELIC METAL SIGN CALENDAR,251.25,963
KASBAH LANTERN WITH GLASS ,250.79999999999998,56
CROCHET BEAR WITH BLUE STRIPES,249.90000000000003,98
"TUMBLER, ENGLISH ROSE",249.15000000000006,151
PARTY TIME DESIGN FLANNEL,248.9099999999999,507
DECORATIVE NET CANOPY LEOPARD,248.75,73
CINNAMON SCENTED VOTIVE CANDLE,248.42999999999998,903
BOTANICAL LILY GIFT WRAP,248.0,600
MINI CAKE STAND T-LIGHT HOLDER,247.80000000000007,590
"ROUND SNACK BOXES ,SET 4, FRUITS ",247.8,84
LA PALMIERA METAL SIGN CALENDAR,246.0,760
GLASS CHALICE BLUE  LARGE ,245.25,108
SET/4 MODERN VINTAGE COTTON NAPKINS,244.85000000000002,83
SIX STRING SCANDINAVIAN HEART DECS,244.85,83
HEART BUTTONS JEWELLERY BOX,244.80000000000007,32
PINK OWL DECORATION,244.79999999999998,96
BLUE OWL DECORATION,244.79999999999998,96
CARD PARTY GAMES ,244.73999999999984,593
WHITE CHOCOLATE SCENT CANDLE,244.35000000000002,351
IVORY HANGING DECORATION  CHICKEN,243.95,287
YELLOW FLOWERS FELT HANDBAG KIT,243.59999999999997,116
YELLOW COAT RACK PARIS FASHION,242.54999999999995,49
ECONOMY LUGGAGE TAG,242.5,194
CLAM SHELL SMALL ,242.16000000000003,120
HANGING HEART BASKET,242.04000000000005,134
FOLKART CLIP ON STARS,241.91999999999993,384
TIGRIS EYE CHUNKY CHARM BRACELET,241.65,27
BLUE GLASS CHUNKY CHARM BRACELET,241.64999999999998,27
WHITE ROUND PORCELAIN TLIGHT HOLDER,241.5,106
DIAMANTE BOW BROOCH RED COLOUR,241.29999999999998,38
SMALL HANGING GLASS+ZINC LANTERN,240.70000000000002,166
BLUE MURANO TWIST BRACELET,240.5,57
 SILVER T-LIGHT SETTING,240.15,37
FRIDGE MAGNETS LES ENFANTS ASSORTED,239.39999999999995,300
VINTAGE ROSE BEAD BRACELET BLACK,238.0,56
GOLD EAR MUFF HEADPHONES,237.51,51
KITTY PENCIL ERASERS,237.08999999999997,1129
MULTICOLOUR FEATHERS CURTAIN,236.40000000000003,72
RECTANGULAR SHAPED MIRROR,236.22,150
CANDY HEART HANGING DECORATION,235.0,188
MADRAS NOTEBOOK MEDIUM,234.6,92
PINK PATCH PURSE BLUE HEART,234.3,142
CITRUS GARLAND FELT FLOWERS ,233.99999999999997,120
PINK FLY SWAT,233.06000000000006,394
ENGLISH ROSE MUG IN GIFT BOX,232.89,143
AMBER CHUNKY BEAD BRACELET W STRAP,232.7,26
FUNKY GIRLZ ASST MAGNETIC MEMO PAD,232.04999999999998,357
CRYSTAL STILETTO PHONE CHARM,232.04999999999998,273
DARK PINK FLOCK GLASS CANDLEHOLDER,231.99000000000004,547
"BISCUIT TIN, RED,IVORY, VINTAGE",230.55,37
DECORATIVE PLANT POT WITH FRIEZE,230.55,29
RED DRAGONFLY HELICOPTER,230.54999999999998,29
TRANSPARENT ACRYLIC TAPE DISPENSER,230.45,881
RIDGED GLASS T-LIGHT HOLDER,230.10000000000005,354
PINK MINI TAPE MEASURE ,230.09999999999997,286
LONG SILVER NECKLACE PASTEL FLOWER,229.5,18
COFFEE SCENT PILLAR CANDLE,228.94999999999996,241
BLACK+WHITE NECKLACE W TASSEL,228.85000000000002,23
BLUE VICTORIAN FABRIC HEART BOX,228.39,710
GEISHA GIRL CHOPSTICKS SET/5,228.15,117
BLACK SILOUETTE CANDLE PLATE ,227.4,120
BAKING MOULD ROSE MILK CHOCOLATE,227.25,81
BOTANICAL LILY GREETING CARD,226.79999999999995,542
F.FAIRY S/3 CANDLE/GLASS,226.49999999999994,110
FAIRY CAKES RECTANGLUAR BOXES,226.09999999999997,38
S/4 GROOVY CAT MAGNETS,226.05,137
This is a test product.,226.0,61
SET/6 GOLD REINDEER T-LIGHT CANDLES,225.55000000000007,201
SET OF 6 HALLOWEEN GHOST T-LIGHTS,225.11999999999998,536
HEARTS GIFT TAPE,225.00000000000006,348
"""PINK/WHITE """"KEEP CLEAN"""" BULLET BIN""",224.20000000000002,76
PACK/12 BLUE FOLKART CARDS,224.20000000000002,76
HEARTS WRAPPING TAPE ,224.16000000000003,624
EASTER BUNNY WREATH,223.6,48
VINTAGE KEEPSAKE BOX TRAVELOGUE,222.94999999999996,85
YELLOW KNITTED KIDS RUCKSACK,222.75,33
NEW ENGLAND CERAMIC CAKE SERVER,221.8500000000001,87
ASSTD MULTICOLOUR CIRCLES MUG,221.75,167
VINTAGE NOTEBOOK BEAUTY GIRL,221.25000000000003,75
RETRO PLASTIC DAISY TRAY,220.88,444
BOX/12 MOTHER & CHICK IN BASKET/BOW,220.80000000000004,96
PINK POODLE HANGING DECORATION ,220.79000000000002,505
FOLK ART METAL HEART T-LIGHT HOLDER,220.4000000000001,580
DARK CHOCOLATE SCENTCANDLE,219.75,291
SET OF 6 T-LIGHTS EASTER CHICKS,219.74999999999994,81
CURIOUS IMAGES GIFT WRAP SET,219.60000000000002,204
NINJA RABBIT PINK,219.35,177
DAISY ERASERS IN BAG,219.34000000000003,1014
MIRRORED WALL ART STARS,219.29999999999998,102
PINK CRYSTAL HEART PHONE CHARM,219.29999999999993,258
BLUE SCOTTIE DOG W FLOWER PATTERN,219.0,88
WHITE BAROQUE CARRIAGE CLOCK,218.89999999999998,22
VANILLA SCENT CAKE CANDLE ,218.87999999999997,960
VINTAGE CAT FOOD CONTAINER,218.13999999999993,34
ORIGAMI JASMINE INCENSE IN TUBE,217.6,255
ORIGAMI LAVENDER INCENSE+FLOWER,217.1,334
HANGING WOOD AND FELT BUTTERFLY ,216.96000000000004,520
QUEEN OF SKIES LUGGAGE TAG,216.91,179
CARDHOLDER GINGHAM HEART,216.90000000000003,102
PARTY TIME PENCIL ERASERS,216.3,1030
CHILDRENS APRON DOLLY GIRL ,216.29999999999998,103
RED POPPY ARTIFICIAL FLOWER,215.93,233
PINK MILKSHAKE GLASS,215.49999999999997,167
PINK KNITTED COW STUFFED TOY,215.33999999999997,58
MINI HAND WARMER BABUSHKA DESIGN,214.80000000000004,108
WHITE AND BLUE CERAMIC OIL BURNER,214.75,191
BLUE GINGHAM ROSE FLOOR CUSHION ,214.65,27
PIN CUSHION RUSSIAN DOLL BLUE,214.4,64
PINK & WHITE BREAKFAST TRAY,214.20000000000005,36
BLACK FLOWER CANDLE PLATE,213.70999999999995,287
BIG PINK POODLE,213.7,28
SKULLS TAPE,213.3,330
CHILDRENS DOLLY GIRL MUG,212.85000000000005,129
"FEATHER DUSTER, COAL BLACK",212.5,170
PACK/12 BLUE REINDEER CARD,212.40000000000003,72
OYSTER TRINKET BOX,211.75,67
ASSORTED TUTTI FRUTTI KEYRING,211.65,249
ASSORTED MONKEY SUCTION CUP HOOK,211.32,558
S/12 MINI RABBIT EASTER,211.19999999999996,128
CANDY SPOT BUNNY,211.1,74
PINK STRING CURTAIN WITH POLE,210.75,69
BLUE SPOTTY BEAKER ,210.59999999999997,108
ANT COPPER PINK BOUDICCA BRACELET,210.39999999999998,43
DANISH ROSE DECORATIVE PLATE,210.00000000000006,100
VINTAGE BLUE TINSEL REEL,209.58000000000004,383
SCANDINAVIAN 3 HEARTS NAPKIN RING,209.3,322
POLYESTER FILLER PAD 45x30cm,208.8,144
FRIDGE MAGNETS LA VIE EN ROSE,208.79999999999995,264
MIDNIGHT BLUE GLASS/SILVER BRACELET,208.35,24
DEEP BLUE GLASS GEMS IN BAG,208.11999999999998,316
ANT COPPER TURQ BOUDICCA BRACELET,207.90000000000003,42
ENGLISH ROSE TEA SET IN GIFT BOX,207.69000000000005,49
 VINTAGE DESIGN GIFT TAGS,207.39999999999995,244
FLOWER PENCIL/RUBBER+5 MINI PENCILS,207.06000000000003,493
CREAM DELPHINIUM ARTIFICIAL FLOWER,206.95000000000002,145
S/2 BEACH HUT STOOLS,206.70000000000002,26
"CARD, GINGHAM ROSE ",206.63999999999996,492
YELLOW RED FLOWER PIGGY BANK,206.55,107
SILVER FINCH DECORATION,206.39000000000001,187
SMALL MARAKESH LANTERN ON STICK,206.25,55
GOLD SCROLL GLASS T-LIGHT HOLDER,205.79999999999998,98
CANDY SPOT CUSHION COVER,205.75000000000006,73
CHILDREN'S CIRCUS PARADE MUG,204.60000000000005,124
PIN CUSHION BABUSHKA PINK,204.34999999999997,61
PINK MONTE CARLO HANDBAG,204.2,98
WHITE BROCANTE SOAP DISH,203.55000000000004,69
AMBER CHUNKY GLASS+BEAD NECKLACE,203.14999999999998,17
RED RETROSPOT BIG BOWL,202.95000000000002,41
FOLDING UMBRELLA CREAM POLKADOT,202.95,41
 FAIRY CAKE CANDLES,202.05,153
SET/6 BLACK SNOWFLAKE T-LIGHTS ,201.91000000000008,387
BEIGE PHOTO ALBUM,201.30000000000004,94
FLOWER FAIRY POTPOURRI CUSHION LILY,201.24,292
SET OF 2 CHRISTMAS DECOUPAGE CANDLE,200.44,164
75 BLACK PETIT FOUR CASES,200.34,477
"HANGING FLOWERS+MIRROR,BLUE",200.26000000000005,527
PASTEL PINK PHOTO ALBUM,199.79999999999998,100
VINTAGE BEAD PINK JEWEL BOX,199.75,47
BAKING MOULD HEART MILK CHOCOLATE,199.65000000000003,91
"WRAP, CAROUSEL",199.5,475
SILVER/MOP ORBIT NECKLACE,199.0,20
BLACK BAROQUE CARRIAGE CLOCK,199.0,20
PINK MURANO TWIST NECKLACE,199.0,20
 OVAL WALL MIRROR DIAMANTE ,198.99999999999994,20
PINK FLOCK PHOTO FRAME ,198.6,148
4 GOLD FLOCK CHRISTMAS BALLS,198.0,126
4 PINK FLOCK CHRISTMAS BALLS,198.0,126
VINTAGE BEAD PINK PURSE ,197.65000000000003,67
SET OF 6 DOTS CHOPSTICKS,197.05,185
ORIGAMI OPIUM INCENSE/CANDLE SET ,196.35,205
PAINTED YELLOW WOODEN DAISY,196.34999999999997,231
"BREAD BIN, DINER STYLE, MINT",196.34999999999997,13
BOOZE & WOMEN GREETING CARD ,195.54000000000005,469
SWEET PUDDING STICKER SHEET,195.49999999999997,230
PINK ENAMEL+GLASS HAIR COMB,195.3,99
"ROUND SNACK BOXES ,SET4, WOODLAND ",194.7,66
GOLD FISHING GNOME,194.45,51
ORIGAMI ROSE INCENSE CONES,194.28000000000003,476
FOOD/DRINK SPONGE STICKERS,193.62,922
ENGLISH ROSE TORCH,193.1,526
KINGS CHOICE SMALL TUBE MATCHES,193.04999999999998,117
POLKADOT MUG PINK ,192.96000000000006,128
PAIR OF ENAMEL FLOWER CLUSTER SLIDE,192.89999999999998,82
SWIRLY CIRCULAR RUBBERS IN BAG,191.50000000000006,583
FOUR RABBIT EASTER DECORATIONS,191.5,998
ENGLISH ROSE SCENTED HANGING HEART,191.25,45
GOLD TEDDY BEAR,191.25,67
WAKE UP COCKEREL CALENDAR SIGN ,191.25,51
SET/12 ZINC CHRISTMAS DECORATIONS,191.1,91
"""FLOWER GLASS GARLAND NECKL.36""""BLACK""",190.8,24
"CAKE TIN, ROUND, VINTAGE MINT,IVORY",190.65,27
VINTAGE KEEPSAKE BOX PINK FLOWER,190.49999999999997,30
AMBER GLASS/SILVER BRACELET,190.45000000000002,22
BOOM BOX SPEAKER GIRLS,190.4,32
BLOSSOM IMAGES GIFT WRAP SET,190.20000000000002,190
RED RETROSPOT LUGGAGE TAG,190.0,152
SILVER BLUE EGG T-LIGHT HOLDER,189.89000000000001,483
BAKING MOULD HEART WHITE CHOCOLATE,189.45000000000005,87
SILVER OVAL SHAPE TRINKET BOX,189.05,19
PINK JEWELLED MIRROR TRINKET TRAY,189.04999999999998,19
SILVER/BLACK ORBIT NECKLACE,189.04999999999995,19
ASSORTED COLOUR LIZARD SUCTION HOOK,188.94,491
LILAC FLOWER BLOCK TABLE LAMP,188.8,64
PINK STITCHED WALL CLOCK,187.5,50
RETROSPOT BABUSHKA DOORSTOP,187.5,50
HANGING WOOD AND FELT HEART,187.14000000000007,449
BUTTERFLY WATER TRANSFER TATTOOS ,186.94999999999993,267
"ACRYLIC JEWEL SNOWFLAKE,PINK",186.72,400
BLUE POLKADOT PURSE ,186.7,346
SET/6 COLLAGE PAPER CUPS,186.55,287
ANT WHITE IRON BASKET,186.35000000000002,33
BLUE FLY SWAT,185.25000000000003,285
PINK B'FLY C/COVER W BOBBLES,184.45000000000002,31
PINK ALLIUM  ARTIFICIAL FLOWER,184.20999999999998,109
WOVEN FROST CUSHION COVER,184.05,91
4 ROSE PINK DINNER CANDLES,183.78,402
PAPERWEIGHT VINTAGE PAISLEY,183.59999999999997,80
SET OF 4 DOTTY PLACEMATS ,183.3,54
RIVIERA NECKLACE,183.14999999999998,37
RETRO BROWN BALL ASHTRAY ,182.9,154
ORANGE VOTIVE CANDLE,182.64,696
POPART COL BALLPOINT PEN ASST,182.58,4298
BLUE PILLAR CANDLE SILVER FLOCK,182.15000000000003,65
PLANTPOT SINGLE HOOK PISTACHIO,182.09,165
BROCANTE SHELF WITH HOOKS,181.95,17
BLUE EGG  SPOON,181.86,433
BLUE CHERRY BLOSSOM CUP & SAUCER,181.5,1122
MINI JIGSAW BUNNIES AT HOME,181.44,432
36 PENCILS TUBE POSY,181.25,145
MEDIUM WHITE/PINK ROSE ART FLOWER,181.22,122
POLYESTER FILLER PAD 30CMx30CM,180.0,144
FRENCH PAISLEY CUSHION COVER ,179.95000000000005,61
SET/3 COLOUR PAINTED KASHMIRI STOOL,179.85000000000002,3
ORIENTAL RED CUSHION COVER ,179.35000000000002,119
S/60 PINK FLUFFY CHICKS IN BOX,179.09999999999997,82
PURPLE GEMSTONE NECKLACE 45CM,178.5,14
CANDY SPOT HAND BAG,178.5,85
PASTEL COLOUR HONEYCOMB FAN,178.2,108
PINK LOVE BIRD CANDLE,177.5,142
SET OF 72 BLACK PAPER DOILIES ,176.9,122
FREESTYLE CANVAS ART PICTURE,176.85,93
S/6 MULTICOLOUR ORNAMENETAL CANDLE,176.75,171
"CAKE TIN, 3 TIER MINT/IVORY",176.75,13
MINT GREEN ROSE TOWEL,176.7,38
LUNCHBAG PINK RETROSPOT,176.55,107
CHILDREN'S SPACEBOY MUG,176.55,107
PINK KASHMIRI BOXED MIRROR,176.0,12
DOTTY PLACEMATS ,175.8,52
BIRD BOX CHRISTMAS TREE DECORATION,175.10000000000002,206
GOLD APERITIF GLASS,175.04000000000002,85
SILVER STANDING GNOME   ,174.25,41
S/3 PUPPIES CHRISTMAS DECORATIONS,174.05000000000004,101
FLAG OF ST GEORGE CHAIR,173.4,36
JADE DROP EARRINGS W FILIGREE,173.25000000000003,35
SILVER HOOP EARRINGS WITH FLOWER,172.55,29
RUBY GLASS CLUSTER BRACELET,172.54999999999998,29
GREEN HEART COMPACT MIRROR,172.5,126
SMALL WHITE/PINK ROSE ART FLOWER,171.97,281
PARTY PIZZA DISH BLUE RETROSPOT,171.7,202
GOLD FABRIC MIRROR,171.28,320
PINK FLOCK TABLE CLOCK ,170.8,84
WHITE SAGE INCENSE,170.57999999999998,848
CLEAR LOVE BIRD T-LIGHT HOLDER,170.4,64
FAIRY CAKES TABLE CLOCK,170.04999999999998,19
VINTAGE ROSE BEAD BRACELET RASPBERR,170.0,40
CIRCUS PARADE CHILDRENS EGG CUP ,170.0,136
BLUE FLOWER T-LIGHT HOLDER,169.72,236
BAKING MOULD TOFFEE CUP CHOCOLATE,169.05000000000004,79
FOLK ART METAL STAR T-LIGHT HOLDER,168.66000000000005,429
LILY BROOCH AMETHYST COLOUR,168.3,34
FOLDING UMBRELLA PINKWHITE POLKADOT,168.3,34
IVORY FELT EASTER RABBIT GARLAND,168.29999999999998,66
ORIGAMI JASMINE INCENSE/CANDLE SET,168.29999999999998,162
BLUE POLKADOT COFFEE MUG,168.0,80
POP ART PUSH DOWN RUBBER ,167.28,2044
72 ROUND PINK DOILIES,166.75,115
BLUE & WHITE BREAKFAST TRAY,166.60000000000002,28
NEW ENGLAND MILK JUG W GIFT BOX,166.60000000000002,28
RED SPOTTY BEAKER ,165.75,85
"CANDLE IN JAR COLLAGE , VANILLA",165.74999999999997,65
DAIRY MAID CERAMIC TOASTRACK,165.2,56
DIAMANTE BOW BROOCH GREEN COLOUR,165.1,26
PINK CANDYSTUFT ARTIFICIAL FLOWER,165.01999999999998,182
FINE SILVER NECKLACE W PASTEL FLOWE,165.0,22
SPACE FROG,165.0,132
GIANT BLACK SUNGLASSES,163.80000000000004,84
JADE CRYSTAL+GLASS BRACELET,163.35000000000002,33
BLACK LOVE BIRD CANDLE,162.5,130
IVORY SHELL HEART NECKLACE,162.5,26
SILVER APERITIF GLASS,162.32,79
PINK KNITTED KIDS RUCKSACK,162.0,24
S/4 ROSE PINK DINNER CANDLES,161.85,165
PURPLE ENAMEL+GLASS HAIR COMB,161.7,89
BLUE PUDDING SPOON,161.28000000000003,384
PINK SCOTTIE DOG W FLOWER PATTERN,160.49999999999994,64
BATHROOM SCALES FOOTPRINTS IN SAND,159.7,46
CERAMIC HEART CAKE MONEY BANK,159.60000000000002,120
COW  SOCK PUPPET,159.30000000000004,54
PINK/PURPLE RETRO RADIO,159.3,54
BLUE MURANO TWIST NECKLACE,159.20000000000002,16
CANDY PINK FRENCH BOUDOIR CLOCK,159.19999999999996,16
PINK/BLUE STRING CURTAIN ,159.04999999999998,59
BEADED CRYSTAL HEART GREEN SMALL,158.97,129
MUG AND COASTER SET RED CIRCLES,158.76,378
CLEAR ACRYLIC FACETED BANGLE,158.55,57
SET/3 POLKADOT STACKING TINS,158.4,32
WHITE HONEYCOMB PAPER FAN ,158.36,84
FOOD/DRINK SPUNGE STICKERS,158.18999999999997,759
CRYSTAL SEA HORSE PHONE CHARM,158.1,186
BEADED CRYSTAL HEART PINK ON STICK,157.85000000000002,373
ENAMEL CAT BOWL CREAM,157.8,52
4 SKY BLUE DINNER CANDLES,157.20999999999998,317
ARMY CAMO WRAPPING TAPE,157.18,2246
FLAT PALM T-LIGHT HOLDER,156.65,133
"ACRYLIC JEWEL ICICLE, BLUE",156.6,372
FAIRY CAKES TILE COASTER,156.25,125
4 PINK DINNER CANDLE SILVER FLOCK,155.54999999999998,133
PURPLE CHUNKY GLASS+BEAD NECKLACE,155.35,13
LA PALMIERA TILE HOOK,155.22,905
"FELTCRAFT HAIRBAND, S/2, RED/BLUE",154.67999999999998,204
SWEET VALENCIA CANDLE+CUP,154.63,131
PINK/BLUE DISC/MIRROR STRING,153.9,198
BLOKEY SILVER TOOL SET,153.45000000000005,31
FOLDING UMBRELLA CHOCOLATE POLKADOT,153.45,31
LEOPARD PRINT HOT WATER BOTTLE,153.3,46
ENAMEL BLUE RIM TEA CONTAINER,153.29999999999998,73
ORANGE TV TRAY TABLE ,153.0,36
BLACK GEMSTONE NECKLACE 45CM,153.0,12
NEW BAROQUE SMALL NECKLACE BLACK,153.0,18
BLUE CAT BISCUIT BARREL PINK HEART,152.85000000000002,27
CREAM CLIMBING HYDRANGA ART FLOWER,152.85,115
BATHROOM SCALES RUBBER DUCKS,152.2,44
RED PEONY TABLE CLOCK,152.14999999999998,17
DOOR MAT CAMOUFLAGE,152.0,38
S/4 SKY BLUE DINNER CANDLES,151.85,157
MOCK LOBSTER FRIDGE MAGNET,151.72000000000003,184
PHOTO CLIP LINE,151.25,121
MAGIC DRAWING SLATE FIDO,151.2,360
HEART SHAPE BUTTON FRAME ,150.0,100
ORIGAMI VANILLA INCENSE+FLOWER ,150.0,254
NINJA RABBIT BLACK,149.35,121
WHITE CANDYSTUFT ARTIFICIAL FLOWER,149.20999999999998,137
FLOWER FAIRY SUMMER BOUQUET SACHET,149.10000000000002,355
BLACK SQUARE TABLE CLOCK,148.8,112
ANT COPPER RED BOUDICCA BRACELET,148.50000000000003,30
COTE D'AZURE NECKLACE,148.50000000000003,30
 WHITE BAMBOO RIBS LAMPSHADE,148.26,210
MIRRORED WALL ART SNOWFLAKES,147.89999999999998,122
ASSORTED COLOUR METAL CAT ,147.35,127
DOT MATRIX CANVAS ART PICTURE,147.05,35
MURANO STYLE GLASS BRACELET BLACK,147.0,42
GREEN GEISHA GIRL ,146.25,39
BLUE GEISHA GIRL ,146.25,39
PINK SMALL JEWELLED PHOTOFRAME,145.2,88
ASS FLORAL PRINT MULTI SCREWDRIVER,145.0,116
PINK TEATIME PRINT BOWL,145.0,116
S/4 BLACK MINI ROSE CANDLE IN BOWL,144.63,195
"FOLK ART GREETING CARD,pack/12",144.55000000000004,49
ST GEORGE SET OF 10 PARTY LIGHTS,144.55,49
PINK TV TRAY TABLE ,144.5,34
FRYING PAN BLUE POLKADOT,144.5,34
TEATIME PUSH DOWN RUBBER,144.06,343
GREY ACRYLIC FACETED BANGLE,143.8,52
POCKET MIRROR WOODLAND,143.75,115
SET/6 BEAD COASTERS GAUZE BAG GOLD,143.75,115
CUTE CATS TAPE,143.65,221
CAROUSEL DES CHILD'S APRON,143.54999999999998,87
6 SEGMENT COLOURED SNACK BOWL ,143.1,18
SILVER SLEIGHBELL  WREATH,143.1,18
BLACK PHOTO ALBUM ,143.1,66
TEXRIO TOMATOES CANDLE+CUP,142.94,118
CUBIC MUG PINK POLKADOT,142.79999999999998,56
REDWHITE STRIPE SCANDINAVIAN HEART ,142.50000000000003,375
DOORSTOP RUSSIAN DOLL GINGHAM,142.5,38
POP'S GREASY SPOON METAL SIGN,141.90000000000003,86
WHITE WITH BLACK CATS BOWL,141.67999999999998,344
SET/4 DAISY MIRROR MAGNETS,140.82,185
PIN CUSHION BABUSHKA BLUE,140.69999999999996,42
BLACK DIAMANTE EXPANDABLE RING,140.25,33
"""PEARL & SHELL 42""""NECKL. GREEN""",139.75,13
CAKES AND BOWS GIFT  TAPE,139.2,216
FLOWERS TILE COASTER,138.75,111
GREEN ROUND COMPACT MIRROR,138.75,101
GREEN FLORAL FELTCRAFT SHOULDER BAG,138.75,37
PINK CRYSTAL+GLASS BRACELET,138.60000000000002,28
HEART MEASURING SPOONS LARGE,138.59999999999997,84
SET/6 BLACK BIRD T-LIGHT CANDLES,137.88,68
LARGE PINK GLASS SUNDAE DISH,137.7,54
F FAIRY POTPOURRI CUSHIONS LAVENDER,137.54000000000002,170
GREEN EASTER EGG HUNT START POST,136.5,70
LARGE BLUE PROVENCAL CERAMIC BALL,136.44,72
"HANGING FLOWERS+MIRROR,PINK",136.44,324
AMETHYST DIAMANTE EXPANDABLE RING,136.0,32
MEDIUM PINK BUDDHA HEAD ,135.70000000000002,46
VINTAGE KEEPSAKE BOX PARIS DAYS,135.7,38
FLOWER BURST SILVER RING OPAL,135.0,36
PORCELAIN CHERUB BELL SMALL,134.82,321
BLUE EASTER EGG HUNT START POST,134.54999999999998,69
DARK BIRD HOUSE TREE DECORATION,134.06,182
PINK  HONEYCOMB PAPER FAN,134.04000000000002,65
AMETHYST HOOP EARRING FLORAL LEAF,132.75,45
SPACE CADET RED,132.45,109
SET OF 4 POLKADOTS COASTERS,132.45,109
PARTY PIZZA DISH PINK RETROSPOT,131.75,155
FLOWERS TILE HOOK,131.52,432
DOOR MAT SWEET HOME,131.25,28
DOLLY GIRL CHILDRENS EGG CUP,131.25,105
LETTER SHAPE PENCIL SHARPENER,131.04,819
YELLOW VW BEETLE CERAMIC MONEY BOX,130.90000000000003,46
CLEAR CRYSTAL STAR PHONE CHARM,130.04999999999998,153
FLOWERS WALL THERMOMETER,130.04999999999998,75
SPACEBOY CHILDRENS EGG CUP,130.0,104
VINTAGE NOTEBOOK RED ROSE,129.80000000000004,44
PURPLE ENAMEL FLOWER RING,129.8,44
TURQUOISE GLASS TASSLE BAG CHARM ,129.8,44
SPACE CADET WHITE,129.35,105
DOLPHIN WINDMILL,129.32000000000002,61
ORIGAMI ROSE INCENSE+FLOWER,129.3,207
"""GARLAND , WOODEN  """" HAPPY EASTER""""""",128.75,103
GREEN WITH METAL BAG CHARM,128.7,26
BEADED CRYSTAL HEART BLUE ON STICK,128.63,235
FUNKY GIRL ADDRESS BOOK,128.21,271
PINK GLASS CHUNKY CHARM BRACELET,127.8,15
"BREAD BIN, DINER STYLE, PINK",127.6,8
PINK ROUND COMPACT MIRROR,127.5,34
BLACK 3 TIER GLASS PLATE STAND,127.5,10
PURPLE VINTAGE EARRINGS,127.5,34
SILVER LARIAT 40CM,127.5,10
GREEN MURANO TWIST BRACELET,127.5,30
"""FLOWER GLASS GARLAND NECKL.36""""BLUE""",127.2,16
S/6 PAPER BOXES CURIOUS IMAGES ,127.2,36
BLUE GLASS GEMS IN BAG,127.13,197
BEST DAD CANDLE LETTERS,127.00999999999999,185
BLACK ENAMEL FLOWER RING,126.85000000000002,43
GREEN CHENILLE SHAGGY RUG,126.85,43
GLASS BONBON JAR. D'AMANDES,126.25,101
SCOTTIES DESIGN BABY BIB,126.25,101
ORANGE COCKTAIL GLASS LAMP,125.99999999999999,60
BIG POLKADOT MUG,125.99999999999999,72
RED  EGG  SPOON,125.58000000000001,299
EASTER BUNNY HANGING GARLAND,125.0,100
PINK HEART OF GLASS BRACELET,124.95000000000002,21
SILVER OVAL JEWELLED MIRROR,124.95,21
HAND TOWEL PALE BLUE W FLOWERS,124.95,21
SET/6 POSIES PAPER PLATES,124.95,147
PINK GINGHAM ROSE CUSHION COVER,124.95,21
BLUE CIRCLES DESIGN TEDDY,124.94999999999997,49
12 PINK HEN+CHICKS IN BASKET,124.94999999999996,49
WOVEN CANDY CUSHION COVER ,124.65000000000002,79
PINK STRAWBERRY HANDBAG ,123.90000000000002,42
"GLASS JAR, KINGS CHOICE SOAP",123.89999999999999,42
JACOBS LADDER SMALL,123.84,2064
BREAD BIN DINER STYLE BLACK,123.6,8
3D SHEET OF SEA WORLD STICKERS,123.25,145
FOLDING SHOE TIDY,123.15,45
"NUMBER TILE COTTAGE GARDEN, 1",122.85,63
LA STREGA CANVAS PICTURE ,122.54999999999998,73
ORIGAMI SANDLEWOOD INCENSE/CAND SET,122.39999999999999,128
CARTOON  PENCIL SHARPENERS,122.39999999999999,765
MOSAIC CANDLE DISH BLUE PURPLE,122.39999999999999,144
FUNKY MONKEY GIFT BAG SMALL,121.86,1274
MOSAIC GLASS BALL CANDLEHOLDER,121.25,97
MAGIC SLATE BUNNIES AT HOME ,120.96,288
MAGIC SLATE SPACEBOY ,120.96,288
MAGIC SLATE FIDO,120.96,288
BLACK STITCHED WALL CLOCK,120.0,32
NEW ENGLAND PLACEMATS,120.0,32
WHITE METAL BAROQUE PHOTO FRAME,120.0,72
CAPIZ CHANDELIER,119.8,4
FLOWER GARLAND NECKLACE RED,119.25000000000003,15
WHITE ROSE C/COVER,119.00000000000001,20
WHITE HEART OF GLASS BRACELET,119.00000000000001,20
CHILDRENS SPACEBOY MUG,118.79999999999998,72
ASSORTED BOTTLE TOP  MAGNETS ,118.79999999999998,300
CHERRY BLOSSOM PASSPORT COVER,117.6,56
MIRRORED WALL ART TABLE LAMP,117.50000000000001,74
FELT FARM ANIMAL HEN,117.5,94
"HANGING FLOWERS+MIRROR,CLEAR",117.04999999999998,235
NATURAL RIVIERA HANDBAG,116.7,52
CARD BILLBOARD FONT,116.64000000000004,288
PRICE'S CANDLE PEACH,116.5,1050
HANGING WOOD AND FELT FLOWER,115.74000000000001,279
MULTICOLOUR RABBIT EGG WARMER,115.50000000000001,55
ENGLISH ROSE NOTEBOOK A6 SIZE,115.05000000000005,177
FRENCH BLUE METAL DOOR SIGN 1,115.0,92
FROSTED WHITE BASE ,114.9,213
MIRRORED WALL ART POPPIES,114.74999999999999,93
FRENCH LATTICE CUSHION COVER ,114.55000000000001,73
BLACK CHRISTMAS FLOCK DROPLET ,114.07,155
ROUND WHITE CONFETTI IN TUBE,113.85,69
LAVENDER INCENSE 40 CONES IN TIN,113.3,106
"NUMBER TILE COTTAGE GARDEN, 9",113.1,58
PINK FLOWER HANGING HEART ,113.05000000000001,133
COPPER/OLIVE GREEN FLOWER NECKLACE,113.05000000000001,19
SET/3 RABBITS FLOWER SKIPPPING ROPE,113.05000000000001,133
"""POCKET MIRROR """"GLAMOROUS""""""",112.5,90
GLASS BONBON JAR. SUPERFINES,112.5,90
RESIN NECKLACE W PASTEL BEADS,112.5,15
VINTAGE NOTEBOOK PINK FLOWER,112.10000000000002,38
FUNKY MONKEY CUSHION COVER,111.35000000000001,131
VINTAGE GOLD TINSEL REEL,111.30000000000004,233
SET/2 BLUE  NOODLE BASKETS,111.15000000000003,57
"NUMBER TILE COTTAGE GARDEN, 5",111.14999999999999,57
BLUE/PINK NEST STRIPE BOX,111.11999999999999,1142
GOLD/M.O.P PENDANT ORBIT NECKLACE,110.5,13
FLORAL DINOSAUR GREEN,110.5,26
ROSE DU SUD CHILDRENS APRON,110.5,26
SEAGRASS S/3 SQU LAUNDRY BOX,110.0,11
PINK FLOCK GLASS CANDLEHOLDER,109.85999999999999,122
PURPLE AMETHYST NECKLACE W TASSEL,109.45,11
BLUE METAL WALL SHELF,109.45,11
"ACRYLIC JEWEL ICICLE, PINK",109.44,288
"NUMBER TILE COTTAGE GARDEN, 3 ",109.19999999999999,56
"NUMBER TILE COTTAGE GARDEN, 7",109.19999999999999,56
"NUMBER TILE COTTAGE GARDEN, 8",109.19999999999999,56
"NUMBER TILE COTTAGE GARDEN, 2",109.19999999999999,56
"NUMBER TILE COTTAGE GARDEN, 4",109.19999999999999,56
"NUMBER TILE COTTAGE GARDEN, 6",109.19999999999999,56
"NUMBER TILE COTTAGE GARDEN, 0 ",109.19999999999999,56
GREEN ENAMEL FLOWER RING,109.15000000000002,37
RED ENAMEL FLOWER RING,109.15000000000002,37
FRENCH PAISLEY CUSHION COVER,108.90000000000002,54
ROSE FLOWER CANDLE+INCENSE 16X16CM,108.75,29
GOLD FLOWER CUSHION COVER ,108.0,16
RED PURSE WITH PINK HEART,107.65,89
YELLOW PURPLE DAISY FELT PURSE KIT,107.5,86
BLUE POLKADOT EGG CUP ,107.5,86
GREEN BITTY LIGHT CHAIN,106.95,23
DOORMAT KISS MY.......,106.58,22
PENCIL CASE GINGHAM FOREST,106.2,36
SPACE CADET BLACK,106.19999999999999,88
ASS COL CIRCLE MOBILE ,105.89999999999999,283
DRAGONS BLOOD INCENSE,105.5,550
PARTY PIZZA DISH GREEN POLKADOT,105.39,135
WRAP WINTER FOREST,105.0,250
S/3 RABBIT FLOWER/EGG/CARROT ROPE,104.55,123
SHOPPING BAG DOORSTOP,104.25,69
TURQUOISE CRYSTAL+GLASS BRACELET,103.95000000000002,21
FAIRY CAKES PHOTO FRAME,103.75,83
ASSORTED COLOUR JUMBO PEN,103.74000000000004,247
"""FLOWER GLASS GARLAND NECKL.36""""GREEN""",103.35000000000002,13
ASS FLORAL PRINT SPIRIT LEVEL ,103.35000000000001,53
CHERRY BLOSSOM CANVAS ART PICTURE,103.35000000000001,13
LION SOCK PUPPET,103.25000000000006,35
PACK/12 DECOUPAGE CARD,103.25000000000004,35
ASSORTED CIRCULAR MOBILE,102.92999999999999,521
RED VICTORIAN FABRIC HEART BOX,102.63000000000002,288
CAROUSEL PONIES BABY BIB,102.5,82
NEW BAROQUE B'FLY NECKLACE MONTANA,102.0,12
NEW BAROQUE B'FLY NECKLACE PINK,102.0,12
VINTAGE BEAD PINK EVENING BAG,102.0,24
"WHITE TEA,COFFEE,SUGAR JARS",101.6,16
RETRO LONGBOARD IRONING BOARD COVER,101.25,27
MILK PAN BLUE POLKADOT,101.25,27
FIRE POLISHED GLASS NECKL GREEN,101.15000000000002,17
FRENCH ENAMEL SOAP DISH WITH LID,100.80000000000001,48
S/3 FLWR FAIRY ROSE CANDLES,99.9,42
MIRRORED WALL ART FOXY,99.85,35
"RIBBON REEL, MAKING SNOWMEN ",99.0,60
PINK FLUFFY CHRISTMAS DECORATION,98.99000000000002,521
DOGGY RUBBER,98.91000000000001,471
GREEN GLASS TASSLE BAG CHARM,97.35000000000001,33
3 PINK HEN+CHICKS IN BASKET,97.35,87
BEADED CRYSTAL HEART GREEN LARGE,97.34999999999998,59
PORCELAIN HANGING BELL SMALL,97.15,67
BAKING MOULD CHOCOLATE CUPCAKES,96.89999999999999,38
CRYSTAL STUD EARRINGS CLEAR DISPLAY,95.76000000000002,252
WHITE SQUARE TABLE CLOCK,95.54999999999998,109
S/4 PISTACHIO LOVEBIRD COASTERS,95.39999999999999,68
5 STRAND GLASS NECKLACE AMETHYST,95.24999999999999,15
"ACRYLIC JEWEL ANGEL,PINK",95.24000000000001,214
TURQUOISE HEART OF GLASS BRACELET,95.2,16
DOOR MAT KISS MY.......,95.15,13
PINK KASHMIRI OCCASIONAL TABLE,94.95,2
BROWN ANTIQUE CUBE CANDLE,94.92000000000003,226
LARGE STRAWBERRY CHOCOLATE CANDLE,94.69999999999999,56
RED POLKADOT COFFEE  MUG,94.50000000000001,45
GREEN POLKADOT CUP,94.35,111
PORCELAIN BUDAH INCENSE HOLDER,94.30000000000001,1123
PINK COMBO MINI CRYSTALS NECKLACE,94.05000000000001,19
CAROUSEL DESIGN BABY BIB,93.75,75
ZINC HEART LATTICE CHARGER LARGE,93.75,25
FLOWER BURST SILVER RING MIDN'T BLU,93.75,25
MIDNIGHT BLUE VINTAGE EARRINGS,93.75,25
SILVER/NATURAL SHELL NECKLACE,93.5,11
"""LETTER """"S"""" BLING KEY RING""",92.5,74
GOLD COSMETIC BAG PINK STAR,92.40000000000002,44
SCOTTIES DESIGN CHILD'S OVERALL,92.4,44
PINK BABY GIRLS PHOTO ALBUM,92.25000000000001,15
GOLD JEWELERY BOX,92.00000000000001,20
PINK KNITTED EGG COSY,91.65,47
"ACRYLIC JEWEL SNOWFLAKE,BLUE",91.47,235
PURPLE GLASS TASSLE BAG CHARM,91.45000000000002,31
MURANO STYLE GLASS BRACELET PINK,91.0,26
RED POLKADOT BEAKER ,90.89999999999999,54
PURPLE BOUDICCA LARGE BRACELET,90.35000000000001,13
"NUMBER TILE COTTAGE GARDEN, No",90.30000000000001,43
SILVER DROP EARRINGS WITH FLOWER,90.0,24
BLUE SHELL+SILVER NECKLACE,90.0,12
GREEN VINTAGE EARRINGS ,90.0,24
BEADED CRYSTAL HEART GREEN ON STICK,89.80000000000001,188
GOLD M PEARL  ORBIT NECKLACE,89.55000000000001,9
ORIGAMI LAVENDER INCENSE IN TUBE,89.46000000000001,213
CRYSTAL FROG PHONE CHARM,89.25,105
SILVER ROCOCO CANDELABRA,89.25,7
ENGLISH ROSE SCENTED HANGING FLOWER,89.25,21
FRESHWATER PEARL BRACELET IVORY,89.25,35
S/6 PINK EASTER DECS IN BOX,89.24999999999999,105
VIP LUGGAGE TAG ,88.75,71
CANDY SPOT EGG WARMER RABBIT,88.68,108
SILVER WASHBAG,88.50000000000001,30
ORIENTAL RED C/COVER ,88.19999999999999,20
MANHATTAN CANVAS ART PICTURE,87.8,20
WHITE 3 FRAME BIRDS AND TREE ,87.8,4
"""FLOWER GLASS GARLD NECKL36""""AMETHYST""",87.45000000000002,11
"ACRYLIC BEAD CHAIN, BLUE",87.02,229
METAL RABBIT LADDER EASTER ,86.7,102
FOUR PICTURE WHITE GLASS FRAME,86.25,23
ENGLISH ROSE SPIRIT LEVEL ,85.79999999999998,44
EASTER TIN BUNNY BOUQUET,85.79999999999998,52
AMBER GLASS TASSLE BAG CHARM,85.55,29
SCOTTIE DOGS BABY BIB,85.0,68
FRENCH BLUE METAL DOOR SIGN 2,85.0,68
"DOG FOOD CONTAINER , VINTAGE",85.0,10
BLUE HOLE PUNCH,85.0,68
INCENSE BAZAAR CANNABIS,84.84,228
BERRIES CHUNKY KNITTED THROW ,84.75,5
BUBBLE GUM CHUNKY KNITTED THROW ,84.75,5
GOLD PRINT PAPER BAG,84.18,414
CRYSTAL KEY+LOCK PHONE CHARM,84.15,99
PINK CHICK EGG WARMER + EGG CUP,84.00000000000003,40
PINK/FLOWER RABBIT EGG WARMER ,84.0,40
RASPBERRY ANT COPPER FLOWER NECKLAC,83.30000000000001,14
JET BLACK LAS VEGAS NECKLACE 45CM,83.30000000000001,14
PINK CHRISTMAS FLOCK DROPLET ,82.82,130
ANT SILVER FUSCHIA BOUDICCA RING,82.60000000000002,28
PINK GLASS TASSLE BAG CHARM ,82.60000000000002,28
GOLD/AMBER DROP EARRINGS W LEAF,82.60000000000001,28
ANT SILVER LIME GREEN BOUDICCA RING,82.60000000000001,28
SPOTTY COFFEE CUP & SAUCER,82.60000000000001,28
5 STRAND GLASS NECKLACE AMBER,82.55,13
CUPID SCENTED CANDLE IN GLASS,82.5,50
FOLKART CHRISTMAS TREE T-LIGHT HOLD,82.46000000000002,217
S/6 SILVER ORNAMENETAL CANDLE,82.44999999999999,97
SET 5 MINI CHOCOLATE FRIDGE MAGNETS,82.44,108
TEATIME PENCIL W STAMP ASST,82.2,938
PINK FEATHER CHRISTMAS DECORATION,82.19000000000001,427
BLUE KNITTED EGG COSY,81.9,42
"FELTCRAFT HAIRBAND S/2, PINK/PURPLE",81.60000000000001,96
BIRD DECORATION GREEN POLKADOT,81.60000000000001,96
WOODEN TREE CHRISTMAS SCANDISPOT,81.6,96
EAU DE NILE JEWELLED T-LIGHT HOLDER,81.6,96
ENGLISH ROSE SMALL SCENTED FLOWER,81.6,96
RED RETROSPOT TAPE,81.25,125
SET/6 BLACK ROSE T-LIGHT CANDLES,81.12,48
"ACRYLIC HANGING JEWEL,BLUE",81.11,115
 ANIMAL STICKERS,80.85000000000001,385
50CM METAL STRING WITH  7 CLIPS,80.75,95
VINTAGE ROSE BEAD BRACELET BLUE,80.75,19
CRYSTAL DIAMANTE EXPANDABLE RING,80.75,19
MAGIC SLATE CIRCUS PARADE  ,80.64,192
MAGIC SLATE DOLLY GIRL ,80.64,192
ORIGAMI OPIUM SCENT INCENSE+FLOWER,80.60000000000001,124
"""LETTER """"A"""" BLING KEY RING""",80.0,64
CAROUSEL CHILDRENS OVERALL,79.80000000000001,38
RED PUDDING SPOON,79.8,190
PURPLE ACRYLIC FACETED BANGLE,79.65,27
RIO PINK STRIPE HAMMOCK,79.5,10
LILY BROOCH OLIVE COLOUR,79.20000000000002,16
STRAWBERRY CAKE TEAPOT,79.2,16
SUMMER BUTTERFLIES BAG CHARM,79.05,31
SET OF 4 PISTACHIO LOVEBIRD COASTER,79.05,31
NECKLACE+BRACELET PINK BUTTERFLY,79.04999999999998,31
"""LETTER """"L"""" BLING KEY RING""",78.75,63
GREEN WIRE STANDING CANDLE HOLDER,78.75,21
BLACK MEDIUM GLASS CAKE STAND,78.75,21
"""LETTER """"C"""" BLING KEY RING""",78.75,63
"""LETTER """"K"""" BLING KEY RING""",78.75,63
SET OF 4 CAROUSEL PLACEMATS ,78.75,61
RAINBOW PEGS PHOTO CLIP STRING,78.64999999999999,121
PINK STAR CHRISTMAS DECORATION,78.12,156
WRAP SWEETS LIGHT PINK SMALL BOWL,78.11,71
GLOW IN DARK DOLPHINS,77.91000000000001,383
PINK ROSE PICNIC RUG,77.85,3
LARGE ZINC GLASS CANDLEHOLDER,77.70000000000002,37
VANILLA INCENSE 40 CONES IN TIN,77.7,66
WISE MAN STAR SHAPE EGG PAN,77.55,47
DISTRESSED CANDLE STICK WHITE,77.35000000000001,13
WHITE HAND TOWEL WITH BUTTERFLY,77.35000000000001,13
BLUE CRYSTAL BOOT PHONE CHARM,77.35,91
PINK BAROQUE FLOCK CANDLE HOLDER,77.35,13
MURANO STYLE GLASS BRACELET GOLD,77.0,22
 NEW BAROQUE BLACK BOXES,76.5,6
PINK BUTTERFLY HANDBAG W BOBBLES,76.5,9
EAU DE NIL LOVE BIRD CANDLE,76.25,61
LA PALMIERA TILE COASTER,76.25,61
SQUARE METAL CANDLEHOLDER BASE,75.53,125
"ASS RETROSPOOF MUGS,SPORTS",75.0,143
BLACK VINTAGE EARRINGS,75.0,20
KNITTED RAINBOW HOT WATER BOTTLE,75.0,20
WRAP BOUDOIR ,75.0,750
"""LETTER """"J"""" BLING KEY RING""",75.0,60
ENCHANTED GARDEN WROUGHT IRON TABLE,74.75,5
PINK NEW BAROQUE FLOCK CANDLESTICK,74.4,16
RESIN BRACELET W PASTEL BEADS,74.25000000000001,15
BLUE TRAVEL FIRST AID KIT,74.25,45
WHITE VINTAGE CRYSTAL BRACELET,74.25,11
FOLDING UMBRELLA WHITE/RED POLKADOT,74.25,15
 BLACK PIRATE TREASURE CHEST,74.24999999999999,45
TROPICAL HOLIDAY PURSE ,73.75000000000001,25
PINK DOLLY HAIR CLIPS,73.5,70
SMOKEY GREY COLOUR D.O.F. GLASS,72.80000000000001,112
WAKE UP COCKEREL TILE COASTER,72.5,58
WOBBLING METAL CHICKEN EASTER,72.25000000000001,85
BLACK GLASS TV DOUBLE P/FRAME 15X10,72.25,17
PINK EAU DE COLOGNE BOTTLE,72.25,85
MULTICOLOUR DOTS PLATE,71.80000000000001,688
"""FLOWER GLASS GARLD NECKL36""""TURQUOIS""",71.55000000000001,9
WALL MIRROR RECTANGLE DIAMANTE PINK,71.55,9
CERISE+GOLD CHRISTMAS STOCKING DEC,71.44,188
NEW ENGLAND MUG W GIFT BOX,71.4,28
PIG MUG IN TWO COLOUR DESIGNS,71.4,84
ASSORTED EASTER GIFT TAGS,71.4,84
YELLOW GIANT GARDEN THERMOMETER,71.4,12
FAIRY CAKES  WALL THERMOMETER,71.39999999999999,28
BLUE ROUND COMPACT MIRROR,71.25,19
S/6 SEW ON CROCHET FLOWERS,71.25,57
"BATHROOM SCALES, TROPICAL BEACH",71.25,19
SET OF 4 POLKADOT PLACEMATS ,71.25,19
HEARTS PENCIL/RUBBER+5 MINI PENCILS,70.98,169
CRYSTAL HOOP EARRING FLORAL LEAF,70.80000000000001,24
SILVER/AMETHYST DROP EARRINGS LEAF,70.80000000000001,24
PARTY PIZZA DISH GREEN RETROSPOT,70.55,83
A4 WALL TIDY BLUE OFFICE,70.38,126
WAKE UP COCKEREL TILE HOOK,70.32000000000001,172
JADE GREEN ENAMEL HAIR COMB,70.2,36
FUSCHIA FLOWER PURSE WITH BEADS,70.03,47
GREEN MURANO TWIST NECKLACE,69.64999999999999,7
CREAM C/COVER W YELLOW/GREEN FLOWER,69.5,10
SILVER M.O.P ORBIT BRACELET,69.3,14
IVORY GOLD METAL BAG CHARM,69.3,14
HAPPY ANNIVERSARY CANDLE LETTERS,69.17999999999999,175
ROUND PURPLE CLOCK W/SUCKER,68.9,86
MULTICOLOUR POLKADOT PLATE,68.4,684
SILVER MONTE CARLO HANDBAG,68.0,8
WHITE GLASS TV TRIPLE FRAME,68.0,16
SILVER M.O.P ORBIT DROP EARRINGS,68.0,16
SILVER/M.O.P PENDANT ORBIT NECKLACE,68.0,8
FLOWER BLUE CLOCK W/SUCKER,68.0,80
ANT SILVER TURQUOISE BOUDICCA RING,67.85000000000001,23
FUNKY FLOWER PICNIC BAG FOR 4,67.8,4
TEATIME FUNKY FLOWER BACKPACK FOR 2,67.8,4
SCOTTS ROSES TILE COASTER,67.5,54
ROSE COLOUR PAIR HEART HAIR SLIDES,67.5,18
PINK FEATHERS CURTAIN,67.5,54
FLOWER BURST SILVER RING ROSE,67.5,18
RUBY GLASS CLUSTER NECKLACE,67.5,9
"""LETTER """"E"""" BLING KEY RING""",67.5,54
FRENCH BLUE METAL DOOR SIGN 5,67.5,54
SET OF 3 RABBIT CARROTS EASTER,66.3,78
"""LETTER """"M"""" BLING KEY RING""",66.25,53
FRENCH BLUE METAL DOOR SIGN 3,66.25,53
OCCASIONS GIFT CARD ASSORTMENT,66.0,120
NEW ENGLAND EGG WARMER,66.0,120
HAND TOWEL PINK FLOWER AND DAISY,65.45,11
MIDNIGHT BLUE COPPER FLOWER NECKLAC,65.45,11
GREEN HEART OF GLASS BRACELET,65.45,11
PINK BERTIE GLASS BEAD BAG CHARM,65.10000000000001,31
ENGLISH ROSE PHOTO FRAME ,65.1,14
FRENCH BLUE METAL DOOR SIGN No,65.0,52
CLEAR STATIONERY BOX SET ,64.60000000000001,76
CHUNKY CRACKED GLAZE NECKLACE IVORY,64.5,6
EASTER BUNNY WITH BASKET ON BACK,64.35000000000001,99
PAINTED LIGHTBULB STAR+ MOON,64.32000000000001,156
METAL BASE FOR CANDLES,63.9,167
MULTICOLOUR GLASS PLATE,63.8,116
PINK CRYSTAL SKULL PHONE CHARM,63.75,75
S/6 PAPER BOXES BLOSSOM IMAGES ,63.75,15
BLUE TILED SET OF 3 DRAWERS,63.75,5
CREAM AND PINK FLOWERS PONY ,63.75,17
S/6 PAPER BOXES ROMANTIC IMAGES,63.75,15
PAIR BUTTERFLY HAIR CLIPS,63.75,17
CRYSTAL PAIR HEART HAIR SLIDES,63.75,17
ORIGAMI ROSE INCENSE/CANDLE SET ,63.75,41
PARTY PIZZA DISH BLUE POLKADOT,63.75,75
PARTY PIZZA DISH PINK POLKADOT,63.75,75
"CAT FOOD CONTAINER , VINTAGE",63.5,10
LITTLE PINK MONSTER SOFT TOY,63.449999999999996,27
BLUE WHITE SCARF HOT WATER BOTTLE,63.2,16
RED RETROSPOT WASHBAG,63.00000000000001,30
"WRAP , SUMMER ROSE DESIGN",63.0,150
SMALL FOLDING SCISSOR(POINTED EDGE),62.75,251
FRENCH BLUE METAL DOOR SIGN 4,62.5,50
MULTICOLOUR EASTER RABBIT ,62.400000000000006,32
COLUMBIAN  CUBE CANDLE ,61.98000000000001,222
FELTCRAFT HAIRBANDS PINK + WHITE ,61.2,72
FRESHWATER PEARL BRACELET GOLD,61.199999999999996,24
WOODEN STAR CHRISTMAS SCANDISPOT,61.199999999999996,72
HOUSE SHAPE PENCIL SHARPENER,61.11,291
SET/6 POSIES PAPER CUPS,61.1,94
BLUE CHECK BAG W HANDLE 34X20CM,61.05,37
PSYCHEDELIC TILE HOOK,60.900000000000006,29
LIGHT DECORATION BATTERY OPERATED,60.900000000000006,29
MAGIC SLATE DINOSAUR,60.480000000000004,144
RED PEONY DES C/COVER ,60.449999999999996,13
SILVER FLOWR PINK SHELL NECKLACE,60.0,8
 SET Of 6 SOLDIER SKITTLES,60.0,16
PINK ROSEBUD & PEARL NECKLACE,60.0,8
TIN CAN BISCUITS DESIGN,60.0,48
JET BLACK LAS VEGAS BRACELET ROUND,60.0,16
BLACK FINE BEAD NECKLACE W TASSEL,59.50000000000001,10
RED KUKUI COCONUT SEED NECKLACE,59.50000000000001,10
GLASS BEAD HOOP NECKLACE AMETHYST,59.5,7
MURANO STYLE GLASS BRACELET RED,59.5,17
PINK DOG CANNISTER,59.5,10
AMBER DIAMANTE EXPANDABLE RING,59.5,14
NEW BAROQUE LARGE NECKLACE BLK/WHIT,59.5,7
WHITE VINT ART DECO CRYSTAL NECKLAC,59.5,7
BLACK VINT ART DEC CRYSTAL NECKLACE,59.5,7
VINTAGE BEAD FILLED PINK CUSHION,59.400000000000006,12
ROUND FOOD CONTAINER S/5 RETROSPOT,59.39999999999999,36
CHILDRENS CIRCUS PARADE MUG,59.39999999999999,36
 BROWN  PIRATE TREASURE CHEST ,59.399999999999984,36
"GREETING CARD, RITA",59.280000000000015,312
RED GLASS TASSLE BAG CHARM,59.00000000000001,20
CHERRY BLOSSOM PURSE,59.00000000000001,20
BLUE GREEN EMBROIDERY COSMETIC BAG,59.0,20
CROCHET ROSE DES CLOTHES HANGER,59.0,20
CALENDAR FAMILY FAVORITES,59.0,20
PURPLE BERTIE GLASS BEAD BAG CHARM,58.800000000000004,28
LARGE CRYSTAL DIAMANTE HAIRSLIDE,58.8,40
GERANIUM FOLKART HEART DECORATION,58.75,47
"ICON ALARM CLOCK,FUSCHIA  PIN UP",58.65,23
PINK LARGE JEWELED PHOTOFRAME,58.64999999999999,23
NECKLACE+BRACELET SET BLUE BLOSSOM,58.64999999999999,23
WOODEN CHRISTMAS TREE 3 HANGING,57.959999999999994,138
BLUE BUTTERFLY ON SPRING,57.800000000000004,68
SILVER BOOK MARK WITH BEADS,57.8,68
5 STRAND GLASS NECKLACE BLACK,57.150000000000006,9
ROSE DU SUD CUSHION COVER,57.15,9
"JEWELLED DECORATION,BLUE",57.0,150
SET/6 GREEN SPRING PAPER CUPS,56.55,87
SKY BLUE COLOUR GLASS GEMS IN BAG,56.28,84
PINK SQUARE COMPACT MIRROR,56.25,15
FLOWER BURST SILVER RING GREEN,56.25,15
NECKLACE+BRACELET SET FRUIT SALAD ,56.1,22
SET OF 4 BLACK LOVEBIRD COASTERS,56.099999999999994,22
CRYSTAL LARGE JEWELLED PHOTO FRAME,56.09999999999999,22
15 PINK FLUFFY CHICKS IN BOX,56.05000000000001,19
RED   ACRYLIC FACETED BANGLE,56.050000000000004,19
HAND OPEN SHAPE BLACK,55.84,16
PINK/PURPLE CIRCLE CURTAIN,55.800000000000004,12
PADDED RED HEART DECORATION,55.760000000000005,113
GREEN WIRE GOBLET CANDLEHOLDER,55.650000000000006,7
VINTAGE BEAD PINK SCARF ,55.650000000000006,7
BLUE/WHITE RIBBED MELAMINE JUG,55.65,7
SILVER LARIAT BLACK STONE EARRINGS,55.25,13
FILIGREE DIAMANTE EARRINGS,55.25,13
WELCOME METAL SIGN,55.0,44
WOVEN SUNSET CUSHION COVER ,54.45,11
CROCHET WHITE RABBIT KEYRING ,54.449999999999996,33
PINK SQUARE TABLE CLOCK,54.449999999999996,75
 CAMPHOR WOOD PORTOBELLO MUSHROOM,53.75,43
FIRE POLISHED GLASS NECKL BRONZE,53.550000000000004,9
WHITE/PINK CHICK EASTER DECORATION,53.550000000000004,63
PINK CRYSTAL GUITAR PHONE CHARM,53.55,63
BIRDCAGE DECORATION MAGIC GARDEN,53.55,21
NECKLACE+BRACELET SET PINK DAISY,53.54999999999999,21
LOVE POTION MASALA INCENSE,53.34,254
HERB MARKER PARSLEY,53.3,82
HERB MARKER ROSEMARY,53.3,82
GREEN POP ART MAO CUSHION COVER ,53.2,280
ZINC HEART LATTICE CHARGER SMALL,53.10000000000001,18
CD WALL TIDY RED FLOWERS,53.040000000000006,140
"ACRYLIC JEWEL ANGEL,BLUE",52.93,137
HERB MARKER BASIL,52.64999999999999,81
WHITE STITCHED WALL CLOCK,52.5,14
PSYCHEDELIC TILE COASTER,52.5,42
CARNATION SQUARE HANDY TIN,52.5,42
MIRRORED WALL ART SPLODGES,52.5,30
HERB MARKER THYME,51.999999999999986,80
SEAGRASS S/2 CORNER LAUNDRY ,51.9,4
GERANIUM SQUARE HANDY TIN,51.25,41
FILIGREE DIAMANTE CHAIN,51.0,4
SILVER/BLACK PENDANT ORBIT NECKLACE,51.0,6
GLASS BEAD HOOP NECKLACE BLACK,51.0,6
FLAT GLASS  BAUBLE WHITE FLOCK ,51.0,36
SET/4 BLACK  BAROQUE FLOCK COASTER,50.99999999999999,20
PINK FLOWERS RABBIT EASTER,50.9,22
CREAM SWEETHEART DOUBLE SHELF,50.849999999999994,3
"BREAD BIN, DINER STYLE, RED ",50.849999999999994,3
TRANQUILITY MASALA INCENSE,50.81999999999999,242
PORCELAIN HANGING BELL LARGE,50.7,26
LITTLE GREEN MONSTER SOFT TOY,50.7,22
STRAWBERY SWIRL FLARE CANDLE,50.40000000000001,24
BLACK SIL'T SQU CANDLE PLATE ,50.400000000000006,24
PINK GREEN EMBROIDERY COSMETIC BAG,50.150000000000006,17
WHITE STONE/CRYSTAL EARRINGS,50.150000000000006,17
HEN & 2 CHICKS IN BASKET,50.15,59
ANT SILVER PURPLE BOUDICCA RING,50.15,17
SET/2 CHRISTMAS DECOUPAGE CANDLES,50.0,40
FRENCH BLUE METAL DOOR SIGN 7,50.0,40
"PET MUG, BUDGIE",49.98,119
PINK OVAL SHAPE TRINKET BOX,49.75,5
WHITE WITH METAL BAG CHARM,49.50000000000001,10
GOLDIE LOOKING MIRROR,49.5,10
FAIRY CAKES GIFT BAG,49.14000000000001,117
FELT FARM ANIMAL SHEEP,48.75,39
MIDNIGHT BLUE PAIR HEART HAIR SLIDE,48.75,13
FIRE POLISHED GLASS BRACELET BLACK,48.75,13
"NUMBER TILE VINTAGE FONT, No ",48.6,22
MIRRORED WALL ART GENTS,48.449999999999996,35
WHITE ROSEBUD  PEARL EARRINGS,48.449999999999996,19
LARGE ZINC/GLASS CANDLEHOLDER,48.300000000000004,23
BURG FLOCK GOLD CUP/CANDLE ,48.3,115
POPART WOODEN PENCILS ASST,48.0,400
LASER CUT MULTI STRAND NECKLACE,47.8,4
CANDY STRIPE ROSE FLOOR CUSHION,47.7,6
ORNATE EDWARDIAN CANDLE HOLDER,47.7,6
PINK POLKADOT GARDEN PARASOL,47.7,6
PARTY PIZZA DISH PINK WHITE SPOT ,47.60000000000001,56
GOTHIC CARRIAGE LANTERN,47.60000000000001,8
PURPLE FRANGIPANI HAIRCLIP,47.6,56
CLASSICAL ROSE TABLE LAMP,47.6,8
FRUIT SALAD BAG CHARM,47.32,28
BLACK VINT ART DEC CRYSTAL BRACELET,47.25,7
VINTAGE NOTEBOOK FRENCH LETTER ,47.20000000000001,16
SET/16 WHITE SHINY & MATT BAUBLES,47.040000000000006,80
TRELLIS FLOWER CHOPSTICKS SET/5,46.800000000000004,24
PINK RETRO BIG FLOWER BAG,46.8,24
PASTEL BLUE PHOTO ALBUM,46.8,24
FLAMES SUNGLASSES PINK LENSES,46.8,24
PINK CROCHET CAT WITH SCARF,46.75,11
ANTIQUE OLIVE GREEN FLOWER EARRINGS,46.75,11
HEN HOUSE W CHICK IN NEST,46.620000000000005,111
CHERRY BLOSSOM PHOTO FRAME ,46.5,10
GREEN PEONY DES C/COVER,46.5,10
"""LETTER """"R"""" BLING KEY RING""",46.25,37
S/3 POT POURI CUSHIONS BLUE COLOURS,46.2,22
CANDY STRIPE ROSE QUILT,45.95,1
TINY CRYSTAL BRACELET RED,45.9,18
SET OF 4 NAPKIN CHARM CUTLERY,45.9,18
PINK/YELLOW PATCH CUSHION COVER,45.9,6
POLYESTER FILLER PAD 60x40cm,45.9,18
SUMMER DAISIES BAG CHARM,45.9,18
WRAP SPEED DEMONS ,45.0,450
DIAMANTE NECKLACE,45.0,6
PIZZA DISH SLICE ,45.0,36
GLASS AND PAINTED BEADS BRACELET TO,45.0,12
PINK/WHITE GLASS DEMI CHOKER,45.0,6
TIN CAN KINGS CHOICE DESIGN,45.0,36
SILVER 2 STRAND NECKLACE-LEAF CHARM,45.0,6
MEDINA STAMPED METAL TRAY ,44.849999999999994,3
AMBER GLASS BRACELET HEART CHARMS,44.550000000000004,9
VINTAGE ENAMEL & CRYSTAL EARRINGS,44.550000000000004,9
ORANGE/FUSCHIA STONES NECKLACE,44.550000000000004,9
SMALL BLUE PROVENCAL CERAMIC BALL,44.55,27
GOLD M.O.P ORBIT BRACELET,44.55,9
SILVER LOOKING MIRROR,44.55,9
TEAL/FUSCHIA COL BEAD NECKLACE,44.55,9
CRYSTAL DIAMANTE STAR BROOCH,44.55,9
PADDED HOLLY CHRISTMAS DECORATION ,44.49,100
"BLACK TEA,COFFEE,SUGAR JARS",44.449999999999996,7
"PINK ROSES/GINGHAM PATCH RABBIT 8""""",44.25000000000001,15
PINK VINTAGE VICTORIAN EARRINGS,44.25,15
IVORY ROSE LAMPSHADE ,44.25,39
6 RABBIT CHAIN EASTER,44.2,52
HERB MARKER CHIVES ,44.2,68
HERB MARKER MINT,44.19999999999999,68
PAINTED LIGHTBULB RAINBOW DESIGN,44.16,108
ORIGAMI VANILLA INCENSE CONES,43.98,93
WHITE CHRISTMAS FLOCK DROPLET ,43.91,67
BLUE COL METAL FOLDING CHAIR,43.85,7
"""LETTER """"B"""" BLING KEY RING""",43.75,35
"""LETTER """"G"""" BLING KEY RING""",43.75,35
YELLOW + BROWN BEAR FELT PURSE KIT,43.75,35
CD WALL TIDY BLUE OFFICE,43.38000000000001,117
MIRRORED WALL ART LADIES,43.35,33
TINY CRYSTAL BRACELET BLUE,43.349999999999994,17
TINY CRYSTAL BRACELET GREEN,43.349999999999994,17
"ACRYLIC BEAD CHAIN, PINK",43.32,114
S/3 FRENCH VANILLA SQU CANDLE,42.89999999999999,26
CROCHET BEAR RED/BLUE  KEYRING,42.89999999999999,26
WHITE/PINK CHICK DECORATION,42.5,34
SET/6 CHRISTMAS ICICLE T-LIGHTS,42.5,34
NEW BAROQUE B'FLY NECKLACE RED,42.5,5
NEW BAROQUE B'FLY NECKLACE BLACK,42.5,5
GLASS BEAD HOOP NECKLACE MONTANA,42.5,5
WHITE ALLIUM  ARTIFICIAL FLOWER,42.25,25
BAG OF SILVER STONES,42.0,100
ORIENTAL BLUE C/COVER ,41.85000000000001,9
SET OF 4 GREEN CAROUSEL COASTERS,41.75,103
L BLUE C/COVER W PINK/YELLOW FLOWER,41.7,6
PURPLE FINE BEAD NECKLACE W TASSEL,41.650000000000006,7
FIRE POLISHED GLASS NECKL SILVER,41.650000000000006,7
BLACK NEW BAROQUE FLOCK BOX,41.650000000000006,7
BROWN KUKUI COCONUT SEED NECKLACE,41.65,7
DROP DIAMANTE EARRINGS PURPLE,41.300000000000004,14
SET 4 EASTER DECOUPAGE OVAL BOXES,41.300000000000004,14
PINK ENAMEL FLOWER HAIR TIE,41.300000000000004,14
"FLOWER FAIRY MUG+COASTER,LAVENDER",41.25,11
PAIR PINK/BLACK COATHANGERS,40.95,21
WHITE FOXGLOVE ARTIIFCIAL FLOWER,40.8,16
IVORY SCULPTED RND CANDLE ,40.8,48
ASSORTED SANTA CHRISTMAS DECORATION,40.8,48
POLKADOT PENS,40.8,48
BLACK FEATHER CHRISTMAS DECORATION,40.660000000000004,214
MAGIC SLATE GO TO THE FAIR ,40.32,96
MAGIC SLATE LEAP FROG ,40.32,96
ORIGAMI LAVENDER INCENSE CONES,40.32,96
JAZZ HEARTS SPIRAL NOTEPAD,39.95,47
GOLD COSMETICS BAG WITH BUTTERFLY,39.9,19
TEATIME ROUND CAKE TINS ,39.8,4
SQUARE FLOOR CUSHION VINTAGE PINK ,39.75,5
ST TROPEZ NECKLACE,39.60000000000001,8
OPULENT VELVET CANDLE IN BOX,39.300000000000004,26
"CAT BOWL, ENAMEL , CREAM COLOUR",39.0,12
BLUE BLOSSOM HAIR CLIP,38.85,37
COGNAC AUX OEUFS METAL 1 HOOK,38.75,31
"""LETTER """"N"""" BLING KEY RING""",38.75,31
"""LETTER """"T"""" BLING KEY RING""",38.75,31
FOLKART ZINC CLIP ON ANGEL WINGS,38.38,101
FRESHWATER PEARL BRACELET PINK,38.25,15
VINTAGE KEEPSAKE BOX BEAUTY GIRL,38.1,6
CROCHET DOG KEYRING,37.95,23
PURPLE LAS VEGAS BRACELET ROUND,37.5,10
GLASS WINE GLASS DECORATIONS,37.5,30
PINK SWEETIE NECKLACE,37.5,5
PASTA ENAMEL/BRASS CONTAINER,37.5,10
"""LETTER """"P"""" BLING KEY RING""",37.5,30
FRENCH BLUE METAL DOOR SIGN 9,37.5,30
PINK BITTY LIGHT CHAIN,37.2,8
RED PEONY PHOTO FRAME ,37.2,8
WINE BOTTLE DRESSING LT.BLUE,36.82999999999999,127
ROUND BLUE CLOCK W/SUCKER,36.6,48
EASTER TIN CHICKS PINK DAISY,36.3,22
BEECH WOOD P/FRAME,36.25,5
MONTANA DIAMOND CLUSTER NECKLACE,35.8,4
BLUE/NAT SHELL NECKLACE W PENDANT,35.7,6
BLUE  VOILE LAMPSHADE,35.400000000000006,12
OLD ROSE COMBO BEAD NECKLACE,35.400000000000006,12
BROWN VINTAGE VICTORIAN EARRINGS,35.400000000000006,12
RABBIT EASTER DECORATION,35.400000000000006,12
2 DAISIES HAIR COMB,35.400000000000006,12
SILVER/CRYSTAL DROP EARRINGS W LEAF,35.400000000000006,12
BAKING MOULD EASTER EGG MILK CHOC,35.400000000000006,12
CARD GINGHAM ROSE ,35.28,84
BLUE POLKADOT BEAKER ,35.099999999999994,18
"""LETTER """"H"""" BLING KEY RING""",35.0,28
HEN PARTY CORDON BARRIER TAPE,35.0,28
PARTY PIZZA DISH BLUE WHITE SPOT ,34.849999999999994,41
PINK/AMETHYST/GOLD NECKLACE,34.75,5
BLUE BABY BOY'S MEMORY BOX,34.75,5
WHITE/PINK MINI CRYSTALS NECKLACE,34.650000000000006,7
DAISY HAIR BAND,34.64999999999999,21
CROCHET POODLE KEYRING,34.64999999999999,21
SMALL FOLKART CHRISTMAS TREE DEC,34.620000000000005,135
SPHERICAL IVORY CANDLE ,34.44,82
"GREETING CARD, OVERCROWDED POOL.",34.20000000000001,180
PINK STOCKING CHRISTMAS DECORATION,34.2,90
BLACK ORANGE SQUEEZER,34.02,81
GLASS BEAD HOOP NECKLACE GREEN,34.0,4
SILVER BLACK ORBIT DROP EARRINGS,34.0,8
GOLD M.O.P ORBIT DROP EARRINGS,34.0,8
NEW BAROQUE B'FLY NECKLACE GREEN,34.0,4
"DOG BOWL, ENAMEL , CREAM COLOUR",34.0,8
BLUE DAISY MOBILE,33.75,9
YELLOW BIRDS FELT DES FOODCOVER,33.75,9
PINK VINTAGE VICTORIAN CHOKER,33.75,5
PINK EASTER HENS+FLOWER,33.75,9
ORIGAMI OPIUM INCENSE CONES,33.3,93
SET OF 4 PASTEL STACKING MUGS,33.150000000000006,13
PINK TALL PORCELAIN T-LIGHT HOLDER ,33.150000000000006,13
DIAMANTE HAIR GRIP PACK/2 PERIDOT,33.0,20
"GREETING CARD,SQUARE, DOUGHNUTS",32.76,78
"""LETTER """"D"""" BLING KEY RING""",32.5,26
"S/4 ICON COASTER,ELVIS LIVES",32.5,26
TREE OF NOAH FESTIVE SCENTED CANDLE,32.5,50
FRENCH BLUE METAL DOOR SIGN 6,32.5,26
FRENCH BLUE METAL DOOR SIGN 0,32.5,26
FAN BLACK FRAME ,32.19,111
BLUE STONES ON WIRE FOR CANDLE,32.19,391
TURQUOISE BERTIE GLASS BEAD CHARM,31.500000000000004,15
PORCELAIN CHERUB BELL LARGE,31.349999999999998,19
PINK CLEAR GLASS CANDLE PLATE,31.25,25
FRENCH BLUE METAL DOOR SIGN 8,31.25,25
BLUE CHENILLE SHAGGY CUSHION COVER ,31.2,16
ICON PLACEMAT POP ART ELVIS,30.660000000000004,73
LILAC VOTIVE CANDLE,30.66,146
PINK ROSEBUD PEARL EARRINGS,30.599999999999998,12
SET OF 4 NAPKIN CHARMS INSTUMENT   ,30.599999999999998,12
BAKING MOULD CHOCOLATE CUP CAKES,30.599999999999998,12
WOODEN HEART CHRISTMAS SCANDISPOT,30.599999999999998,36
TEATIME PENCIL WITH RUBBER,30.5,122
PINK BERTIE MOBILE PHONE CHARM,30.42,18
ASSORTED COLOUR SUCTION CUP HOOK,30.4,160
 Bank Charges,30.0,2
FIRE POLISHED GLASS BRACELET GREEN,30.0,8
WAVELINE SURF IRONING BOARD COVER,30.0,8
TIN CAN POCKET MONEY DESIGN,30.0,24
RUBY DROP CHANDELIER EARRINGS,30.0,8
PINK CHERRY BLOSSOM CUP & SAUCER,30.0,24
TIN CAN HOUSEKEEPING DESIGN,30.0,24
BIRTHDAY BANNER TAPE,30.0,24
DRAWER KNOB ACRYLIC EDWARDIAN PINK,30.0,24
DRAWER KNOB ACRYLIC EDWARDIAN CLEAR,30.0,24
DRAWER KNOB ACRYLIC EDWARDIAN GREEN,30.0,24
DRAWERKNOB ACRYLIC EDWARDIAN PURPLE,30.0,24
FRENCH STYLE WIRE DOOR CABINET ,29.95,1
SPOTTED WHITE NATURAL SEED NECKLACE,29.75,5
FIRE POLISHED GLASS NECKL GOLD,29.75,5
BLUE/GREEN SHELL NECKLACE W PENDANT,29.75,5
AMBER FINE BEAD NECKLACE W TASSEL,29.75,5
"TRAY FOR TV DINNER ,SPACEBOY",29.700000000000003,6
PINK BUTTERFLY C/COVER ,29.700000000000003,6
"TRAY FOR TV DINNER , DOLLY GIRL",29.700000000000003,6
COPPER AND BRASS BAG CHARM,29.700000000000003,6
LILY BROOCH WHITE/SILVER COLOUR,29.700000000000003,6
SILVER BLACK ORBIT BRACELET,29.7,6
SET/4 GARDEN ROSE DINNER CANDLE,29.699999999999992,18
BAKING MOULD ROSE WHITE CHOCOLATE,29.25,9
 STAR  T-LIGHT HOLDER ,28.999999999999996,20
AMBER BERTIE MOBILE PHONE CHARM,28.73,17
SET OF 3 RABBIT EGG EASTER,28.050000000000004,33
KNITTED RABBIT DOLL ,28.05,17
DIAMANTE HAIR GRIP PACK/2 MONTANA,28.049999999999997,17
EMBROIDERED REINDEER DECORATION,28.0,18
COLOURFUL FLOWER FRUIT BOWL,27.8,4
WINE BOTTLE DRESSING DARK BLUE,27.549999999999997,95
WRAP BAD HAIR DAY,27.5,275
VINTAGE PINK TINSEL REEL ,27.3,13
SET/6 GREEN SPRING  PAPER PLATE,27.2,32
PINK PAISLEY PHOTO ALBUM,27.0,4
BLACK DIAMOND CLUSTER NECKLACE,26.849999999999998,3
3 PIECE JIGSAW TOADSTOOLS,26.4,16
BLUE FELT HANGING HEART W FLOWER,26.35,31
YELLOW FELT HANGING HEART W FLOWER,26.35,31
PINK FELT HANGING HEART W FLOWER,26.35,31
SILVER HEART COMPACT MIRROR,26.25,7
GLASS AND BEADS BRACELET IVORY,26.25,7
FIRE POLISHED GLASS BRACELET MONTAN,26.25,7
"ORGANISER WOOD, ANTIQUE WHITE ",25.5,3
M/COLOUR POM-POM CURTAIN,25.5,6
S/4 BLACK LOVEBIRD COASTERS,25.5,10
SET OF 16 VINTAGE IVORY CUTLERY,25.5,2
NEW BAROQUE BLACK BOXES,25.5,2
FRYING PAN PINK RETROSPOT,25.5,6
AQUA BERTIE GLASS BEAD BAG CHARM,25.200000000000003,12
THE KING GIFT BAG 25x24x12cm,25.200000000000003,60
"GREETING CARD, THE BLACK CAT",25.2,60
ORIGAMI SANDLEWOOD INCENSE IN TUBE,25.05,61
WHITE/BLUE RECT CERAMIC OIL BURNER,25.0,20
"GUMBALL COATHOOK., BLACK & WHITE ",25.0,20
ASSTD COL BUTTERFLY/CRYSTAL W/CHIME,25.0,20
FLOWER BROOCH 4 ASSORTED COLOURS,24.75,5
VINTAGE ENAMEL & CRYSTAL NECKLACE,24.75,5
BLUE TINSEL GARLAND ,24.7,130
PARTY PIZZA DISH GREEN WHITE SPOT ,24.65,29
WOOD XMAS TREE 9 FIG SHELVES,24.65,29
4 FESTIVE GREEN DINNER CANDLES,23.91,51
ENGLISH ROSE SET/3 GARDEN TOOLS,23.85,3
DIAMOND LAS VEGAS NECKLACE 45CM,23.8,4
BROWN DOG CANNISTER W BONE,23.8,4
"""LETTER """"I"""" BLING KEY RING""",23.75,19
"""LETTER """"O"""" BLING KEY RING""",23.75,19
SET OF 4 POLKADOT COASTERS,23.75,19
SET OF 6 SPICE TINS PANTRY DESIGN,23.700000000000003,6
ORIGAMI SANDLEWOOD INCENSE CONES,23.699999999999996,61
DROP DIAMANTE EARRINGS BLACK DIAMON,23.6,8
GLASS BEAD HOOP EARRINGS AMETHYST,23.6,8
YELLOW/BLUE RETRO RADIO,23.6,8
POLKADOT COFFEE CUP & SAUCER PINK,23.6,8
ASSORTED FRAGRANCE BATH CONFETTI,23.52,56
DOTS IRONING BOARD COVER,23.399999999999995,12
DIAMANTE HAIR GRIP PACK/2 RUBY,23.099999999999998,14
NECKLACE+BRACELET SET BLUE HIBISCUS,22.95,9
CUBIC MUG FLOCK PINK ON BROWN,22.95,9
"PET MUG, GOLDFISH",22.68,54
GOLD 2 STRAND NECKLACE-LEAF CHARMS,22.5,3
BLACKCHRISTMAS TREE 30CM,22.5,18
BLACK VINTAGE  CRYSTAL EARRINGS,22.5,6
CLASSIC DIAMANTE NECKLACE JET,22.5,3
"FLOWER FAIRY MUG+COASTER,ROSE",22.5,6
DIAMANTE NECKLACE PURPLE,22.5,3
BLACK ASSORTED DROPLET DECORATION,22.42,59
HEN HOUSE W FAMILY IN BARN & NEST,22.1,26
VINTAGE BEAD CHAISE LONG JEWEL BOX,21.5,18
YELLOW/PINK FLOWER DESIGN BIG MUG,21.45,11
BLUE HANGING GINGHAM EASTER HEN,21.420000000000005,51
BLUE LEAVES AND BEADS PHONE CHARM,21.25,17
PINK LEAVES AND BEADS PHONE CHARM,21.25,17
PINK & WHITE ROSEBUD RING,21.25,5
CRYSTAL CZECH CROSS PHONE CHARM,21.25,25
IVORY HANGING DECORATION  RABBIT,21.249999999999996,25
CRACKED GLAZE NECKLACE BROWN,20.85,3
GLASS BEAD HOOP EARRINGS MONTANA,20.650000000000002,7
BLACK FLOCK GOLD CANDLE,20.580000000000002,49
"GREETING CARD, TWO SISTERS.",20.520000000000003,108
METALIC LEAVES BAG CHARMS,20.4,8
PURPLE TINT ACRYLIC FLOWER VASE,20.4,24
DAISY HAIR COMB,20.4,8
PARTY PIZZA DISH BLUE+WHITE SPOT ,20.4,24
"PEN, 10 COLOURS - SPACEBOY",20.4,24
PARTY PIZZA DISH PINK+WHITE SPOT ,20.4,24
BLUE KNITTED KID'S RUCKSACK,20.25,3
MULTICOLOUR CRUSOE CHECK LAMPSHADE,20.160000000000004,48
MAGIC SLATE BAKE A CAKE ,20.16,48
S/16 BLACK SHINY/MAT BAUBLES,20.16,48
YELLOW RABBIT SAT EASTER,20.16,48
SANDALWOOD INCENSE IN TIN,20.0,16
"""LETTER """"F"""" BLING KEY RING""",20.0,16
CAMOUFLAGE BACKPACK ON WHEELS,19.9,2
WHITE SILVER NECKLACE SHELL GLASS,19.9,2
WHITE SATIN DRESS JEWEL STAND,19.8,4
GOLD DIAMANTE STAR BROOCH,19.8,4
ORANGE PENDANT TRIPLE SHELL NECKLAC,19.8,4
ROSES BLUE BASE CUSHION COVER ,19.8,12
DIAMANTE HAIR GRIP PACK/2 LT ROSE,19.799999999999997,12
PURPLE/BLUE CERAMIC CANDLE HOLDER,19.799999999999997,12
DIAMANTE HAIR GRIP PACK/2 CRYSTAL,19.799999999999997,12
PINK FLOWERS CHILDS UMBRELLA,19.5,6
PINK RABBIT SITTING EASTER,19.32,46
SPOTS ON RED BOOKCOVER TAPE,19.32,46
LARGE FIBRE OPTIC CHRISTMAS TREE,19.080000000000002,15
HOME SWEET HOME  BLACKBOARD,19.049999999999997,3
OLD DOC.RUSSEL METAL SIGN,18.900000000000002,9
BLUE POLKADOT PASSPORT COVER,18.900000000000002,9
KNITTED POM POM HOT WATER BOTTLE,18.75,5
BEADED CRYSTAL HEART PINK\ON STICK,18.75,15
BLUE ORGANDY ROUND LAMPSHADE W BEA,18.7,22
LILAC GAUZE BUTTERFLY LAMPSHADE,18.48,44
S/3 ENGLISH LAVENDER SQU CANDLE,18.150000000000002,11
CAMOFLAGE CUSHION COVER,18.15,11
CROCHET LILAC/RED BEAR KEYRING,18.15,11
CAROUSEL CHILDRENS APRON,18.15,11
AMBER GLASS/SHELL/PEARL NECKLACE,17.9,2
BLUE BAROQUE FLOCK CANDLE HOLDER,17.85,3
NECKLACE+BRACELET SET PINK BLOSSOM,17.849999999999998,7
BLUE TALL PORCELAIN T-LIGHT HOLDER,17.849999999999998,7
RED STONE/CRYSTAL EARRINGS,17.700000000000003,6
WOOD ANIMALS HEIGHT CHART STICKERS ,17.700000000000003,6
GREEN CRYSTAL DROP EARRINGS,17.700000000000003,6
TURQ STONE/CRYSTAL EARRINGS,17.700000000000003,6
AMBER DROP EARRINGS W LONG BEADS,17.700000000000003,6
THREE CANVAS LUGGAGE TAGS,17.55,25
GREEN LEAVES AND BEADS PHONE CHARM,17.5,14
BLUE POLKADOT LUGGAGE TAG ,17.5,14
TURQUOISE CHRISTMAS TREE ,17.5,14
"NUMBER TILE VINTAGE FONT, 1",17.36,8
"NUMBER TILE VINTAGE FONT, 5",17.36,8
"NUMBER TILE VINTAGE FONT, 2",17.36,8
"NUMBER TILE VINTAGE FONT, 0",17.36,8
"NUMBER TILE VINTAGE FONT, 4",17.36,8
"NUMBER TILE VINTAGE FONT, 7",17.36,8
"NUMBER TILE VINTAGE FONT, 6 ",17.36,8
"NUMBER TILE VINTAGE FONT, 8",17.36,8
"NUMBER TILE VINTAGE FONT, 3",17.36,8
BOX OF 6 PEBBLE CANDLES,17.25,5
ANTIQUE OPAL WHITE FLOWER EARRINGS,17.0,4
GLASS BELL JAR LARGE,17.0,2
VANILLA CANDLE IN EMBOSSED ZINC POT,16.9,10
PINK HANGING GINGHAM EASTER HEN,16.800000000000004,40
S/4 CONTEMPORY PINK ROSEBUD CANDLES,16.8,8
 LARGE SKULL WINDMILL,16.8,8
VINTAGE COLLAGE  GREETING  CARD ,16.8,40
LUNCH BAG PINK POLKADOTS,16.5,10
POPART RECT PENCIL SHARPENER ASST,16.38,39
BLING KEY RING STAND,16.25,13
HEN HOUSE W CHICK STANDING,15.96,38
FLOWERS AND BIRDS WALL PLAQUE,15.9,2
LARGE GLASS ROSE SCENTED CANDLE ,15.9,2
GLASS BELL JAR SMALL,15.8,4
PINK CHRISTMAS TREE DECORATION,15.63,37
BLUE NETTING STORAGE HANGER,15.6,8
BLUE/YELLOW FLOWER DESIGN BIG MUG,15.6,8
NUMBER TILE VINTAGE FONT 3,15.6,8
CUBIC MUG TEATIME CAKES,15.299999999999999,6
TINY CRYSTALS BRACELET BLACK,15.299999999999999,6
SMALL GLASS ROSE SCENTED CANDLE,15.0,4
TIN CAN CONFECTIONERY DESIGN,15.0,12
WHITE ROSEBUD & PEARL NECKLACE,15.0,2
WHITE  ROSEBUD PEARL BRACELET,15.0,2
PAINTED SEA SHELL METAL WINDCHIME,15.0,4
PINK ROSEBUD PEARL BRACELET,15.0,2
GLASS AND PAINTED BEADS BRACELET OL,15.0,4
WHITE VINTAGE CRYSTAL EARRINGS,15.0,4
PINK BEADS+HAND PHONE CHARM,15.0,12
HEN PARTY BANNER TAPE,15.0,12
BLUE FLOCK CUSHION COVER ,15.0,4
SWEETHEART CREAM STEEL FOLDIN CHAIR,14.95,1
11 PC CERAMIC TEA SET POLKADOT,14.850000000000001,3
TURQ PENDANT TRIPLE SHELL NECKLACE,14.850000000000001,3
GREEN PENDANT TRIPLE SHELL NECKLACE,14.850000000000001,3
BLACK GLASS BRACELET W HEART CHARMS,14.850000000000001,3
FROSTED GLASS WITH SILVER SURROUND,14.85,9
KID'S CHALKBOARD/EASEL,14.75,5
FRENCH LAVENDER SCENT HEART,14.700000000000001,7
"GREETING CARD, STICKY GORDON",14.06,74
PINK BABY GIRL'S MEMORY BOX,13.9,2
DAISY RING,13.75,11
YELLOW BROWN BEAR FELT PURSE KIT,13.75,11
PINK MINI STATIONERY SET W CASE,13.75,11
CERISE+GOLD CHRISTMAS TREE DEC,13.68,36
PINK/GREEN FLOWER DESIGN BIG MUG,13.65,7
FUSCHIA VOILE POINTY SHOE DEC,13.649999999999999,7
BEWARE OF THE CAT DOORMAT,13.5,2
GREEN/BLUE CERAMIC CANDLE HOLDER,13.2,8
DIAMANTE HAIR GRIP PACK/2 BLACK DIA,13.2,8
EASTER TIN KEEPSAKE,13.2,8
ANTIQUE MID BLUE FLOWER EARRINGS,12.75,3
EMBOSSED FLOWER TRELLIS PHOTO FRAME,12.75,5
NEW BAROQUE WALL MIRROR,12.75,1
VINTAGE METAL CAKE STAND CREAM ,12.75,1
S/4 BLACK DISCO PARTITION PANEL,12.75,3
KISS REINDEER SCANDINAVIAN STOCKING,12.75,5
"F.FAIRY,CANDLE IN GLASS,LAVENDER",12.75,3
FRYING PAN BLUE RETROSPOT,12.75,3
PURPLE CURRENT CANDLE RING,12.61,31
"ACRYLIC JEWEL SNOWFLAKE, PINK",12.6,6
"FEATHER DUSTER, LIGHT PINK",12.5,10
BLUE FLOWER DES PURSE,12.5,10
BLUE FLORIBUNDA EGG WARMER,12.5,10
DUSTY PINK CHRISTMAS TREE 30CM,12.5,10
DROP DIAMANTE EARRINGS CRYSTAL,11.8,4
GLASS BEAD HOOP EARRINGS GREEN,11.8,4
DUCK SOCK PUPPET,11.8,4
RHOMBUS CRYSTAL PERFUME BOTTLE,11.7,6
NUMBER TILE VINTAGE FONT 6 ,11.7,6
HANGING CHICK  YELLOW DECORATION,11.6,8
YELLOW/PINK CERAMIC CANDLE HOLDER,11.55,7
ASSTD RASTA KEY-CHAINS,11.34,27
BAROQUE BUTTERFLY EARRINGS MONTANA,11.25,3
FLOWER DES BLUE HANDBAG/ORANG HANDL,11.25,3
BLUE TABLE RUN FLOWER,11.25,3
ORIGAMI JASMINE INCENSE+FLOWER ,11.100000000000001,19
S/4 CONTEMPORY RED ROSEBUD CANDLES,10.9,9
WRAP ROMANTIC DECOUPAGE,10.5,25
WRAP CHRISTMAS DECOUPAGE,10.5,25
WOODLAND CREATURES  WRAP,10.5,25
MOON INCENSE,10.5,50
"WRAPPING PAPER, XMAS VILLAGE",10.5,25
3 BLACK CATS W HEARTS BLANK CARD,10.450000000000003,55
GROOVY CACTUS INFLATABLE,10.2,12
PARTY PIZZA DISH GREEN+WHITE SPOT ,10.2,12
FLOWER PURPLE CLOCK W/SUCKER,10.2,12
PURPLE FRANGIPANI NECKLACE,10.2,4
HEART MEASURING SPOONS SMALL,10.2,12
PARTY PIZZA DISH RED+WHITE SPOT ,10.2,12
ORANGE CANDLE,10.2,12
CANNABIS LEAF BEAD CURTAIN,10.2,12
PINK GAUZE BUTTERFLY LAMPSHADE,10.08,24
"""LETTER """"V"""" BLING KEY RING""",10.0,8
ORANGE FELT VASE + FLOWERS,10.0,8
BLACK DROP CRYSTAL NECKLACE,9.95,1
VINTAGE BEAD PINK JEWEL STAND,9.9,2
BLUE/YELLOW CERAMIC CANDLE HOLDER,9.9,6
CUTE BIRD CEATURE SCREEN,9.899999999999999,6
SILVER WINE GOBLET,9.3,2
PINK/YELLOW RABBIT SAT EASTER,9.24,22
SCULPTED ROUND IVORY CANDLE ,9.24,44
LAZER CUT NECKLACE W PASTEL BEADS,8.95,1
BLUE PORCELAIN B'FLY OIL BURNER,8.850000000000001,3
YELLOW PINK FLOWER DESIGN BIG BOWL,8.850000000000001,3
NEW BAROQUE B'FLY NECKLACE CRYSTAL,8.5,1
ANTIQUE RASPBERRY FLOWER EARRINGS,8.5,2
6 HOOK JEWEL STAND LILAC DRESS,8.49,1
ARMY CAMO BOOKCOVER TAPE,8.4,20
PINK/WHITE CHRISTMAS TREE 30CM,7.800000000000001,12
BLUE FAIRY CAKE CHILDRENS APRON,7.8,4
NUMBER TILE COTTAGE GARDEN 6,7.8,4
NUMBER TILE COTTAGE GARDEN 9,7.8,4
NUMBER TILE VINTAGE FONT 8,7.8,4
NUMBER TILE COTTAGE GARDEN 4,7.8,4
MAGIC GARDEN FELT GARLAND ,7.8,4
IVORY SHELL HEART EARRINGS,7.6499999999999995,3
MODERN CHRISTMAS TREE CANDLE,7.6000000000000005,4
ELEPHANT CLIP W SUCTION CUP,7.5600000000000005,18
PINK CANVAS DES CUSHION COVER ,7.5,6
CAROUSEL PLACEMATS ,7.5,2
BAROQUE BUTTERFLY EARRINGS GREEN,7.5,2
BAROQUE BUTTERFLY EARRINGS PINK,7.5,2
GREEN PAIR HEART HAIR SLIDES,7.5,2
VENDETTA CANVAS PICTURE,7.5,2
SET/6 GINGERBREAD TREE T-LIGHTS,7.5,6
"BATHROOM SCALES, FAG BREAK",7.5,2
FUSCHIA TABLE RUN FLOWER ,7.5,2
DIAMANTE NECKLACE BLACK ,7.5,1
PINK FLOCK SUEDE CUSHION COVER ,7.5,2
BLUE HIBISCUS  HAIR CLIP,7.35,7
HAND OPEN SHAPE PINK,6.98,2
VANILLA SCENTED VOTIVE CANDLE,6.959999999999999,24
ROSE SCENTED VOTIVE CANDLE,6.959999999999999,24
EMPIRE TEDDY,6.95,1
CRACKED GLAZE NECKLACE RED,6.95,1
RASTA IN BATH W SPLIFF ASHTRAY,6.8,8
ENGLISH ROSE TEA FOR ONE GIFT BOX,6.75,1
DOOR MAT BLUE FLOCK,6.75,1
"BISCUIT TIN, MINT,IVORY, VINTAGE",6.75,1
GREEN DROP EARRINGS W BEAD CLUSTER,6.7,2
BLUE DROP EARRINGS W BEAD CLUSTER,6.7,2
PAIR OF ENAMEL BUTTERFLY HAIRCLIP,6.7,2
CUTE RABBIT CEATURE SCREEN ,6.6,4
SILVER PURSE GOLD PINK BUTTERFLY,6.6,4
DIAMANTE BOW BROOCH WHITE COLOUR,6.35,1
SCOTTIE DOGS CHILDRENS OVERALL,6.300000000000001,3
NUMBER TILE COTTAGE GARDEN No,6.300000000000001,3
ASS WINDPROOF MARIJUANA LIGHTERS,6.3,15
SMALL SINGLE FLAME CANDLE HOLDER,6.299999999999999,18
ASSORTED DESIGN GEISHA GIRL MUGS,6.25,5
"""LETTER """"Z"""" BLING KEY RING""",6.25,5
WHITE WOOD SINGLE P/FRAME,6.25,5
STRAWBERRIES PRINT BOWL,6.25,5
"F.FAIRY S/3 SML CANDLE,LILY/VALLEY",5.95,1
"F.FAIRY S/3 SML CANDLE, ROSE",5.95,1
PINK AND BLACK STRING CURTAIN,5.95,1
SILVER/NAT SHELL NECKLACE W PENDANT,5.95,1
OPAL WHITE/SILVER FLOWER NECKLACE,5.95,1
"F.FAIRY S/3 SML CANDLE, LAVENDER",5.95,1
WHITE FRANGIPANI HAIR CLIP,5.949999999999999,7
ASSORTED DESIGN FLOWER MUGS,5.949999999999999,7
DROP DIAMANTE EARRINGS GREEN,5.9,2
"JEWELLED DECORATION,PINK",5.9,2
BLACK CRYSTAL DROP EARRINGS,5.9,2
BLUE STRIPES SHOULDER BAG,5.9,2
PACK/12 RUSSIAN DOLL CARDS,5.9,2
BLACK 3 BEAD DROP EARRINGS,5.9,2
PURPLE ENAMEL FLOWER HAIR TIE,5.9,2
GREEN ENAMEL FLOWER HAIR TIE,5.9,2
WHITE ROHMBIC BLOCK TABLE LAMP,5.9,2
WHITE ENAMEL FLOWER HAIR TIE,5.9,2
"GLASS JAR, ENGLISH CONFECTIONERY",5.9,2
PINK PORCELAIN B'FLY OIL BURNER,5.9,2
GREEN STONE/CRYSTAL EARRINGS,5.9,2
"ACRYLIC BEAD GARLAND,PINK",5.9,2
GLASS BEAD HOOP EARRINGS BLACK,5.9,2
BUNNY BUNCH OF FLOWERS,5.88,14
PINK BEADED CONE CHRISTMAS,5.88,14
GREEN/BLUE FLOWER DESIGN BIG MUG,5.85,3
NUMBER TILE COTTAGE GARDEN 7,5.85,3
NUMBER TILE VINTAGE FONT 5,5.85,3
NUMBER TILE VINTAGE FONT 1,5.85,3
NUMBER TILE COTTAGE GARDEN 2,5.85,3
NUMBER TILE COTTAGE GARDEN 5,5.85,3
NUMBER TILE VINTAGE FONT 9 ,5.85,3
CANDLE RING W/CLEAR BEADS,5.46,13
DADDY MOUSE RED GINGHAM BOW TIE,5.45,1
PINK CURRENT CANDLE RING,5.32,28
FUNKY GIRLZ MAGNETIC TO DO LIST ,5.200000000000001,8
ANGEL ON KNEES METAL POLE 100CM H,5.1,6
WHITE FRANGIPANI NECKLACE,5.1,2
PINK DAISY BAG CHARM,5.1,2
KASHMIR FOLKART HEART DISHES,5.07,3
SILICON STAR BULB  BLUE,5.04,12
CERAMIC CAKE TEAPOT WITH CHERRY,4.95,1
RUSSIAN FOLKART STACKING TINS,4.95,1
RED HEART CANDY POP LIGHTS,4.95,1
MOP PENDANT SHELL NECKLACE,4.95,1
FOLDING SHIRT TIDY,4.65,1
HANGING CHICK CREAM DECORATION,4.35,3
ROUND ARTICULATED PINK CLOCK W/SUCK,4.25,5
"F.FAIRY,CANDLE IN GLASS,LILY/VALLEY",4.25,1
SPOTTY COCKEREL DOORSTOP,4.25,1
MODERN CHRISTMAS BAUBLE CANDLE ,4.2,10
MODERN CHRISTMAS TREE CANDLE ,4.2,2
PINK GLASS COCKTAIL LAMP,4.2,2
NUMBER TILE VINTAGE FONT No ,4.2,2
MUG PINK AND PURPLE ARABIC DESIGN,3.9000000000000004,6
CHOCOLATE ICE CREAM CANDLE,3.9,2
NUMBER TILE VINTAGE FONT 2,3.9,2
NUMBER TILE COTTAGE GARDEN 0 ,3.9,2
BLUE CRUSOE CHECK LAMPSHADE,3.7800000000000002,9
FUNKY FLOWER COFFEE POT,3.75,1
FIRE POLISHED GLASS BRACELET RED,3.75,1
JADE GREEN PAIR ENAMEL HAIR SLIDES,3.75,1
PINK BUTTERFLY PAPER LAMPSHADE,3.75,3
S/6 CHRISTMAS TREE PLACE SETTING,3.75,1
BAROQUE BUTTERFLY EARRINGS CRYSTAL,3.75,1
BAROQUE BUTTERFLY EARRINGS RED,3.75,1
PURPLE LEAVES AND BEADS PHONE CHAR,3.75,3
PEARL AND CHERRY QUARTZ BRACLET,3.5,1
SET/20 POSIES PAPER NAPKINS,3.4,4
SET/6 BLACK GLITTER REINDEER CANDLE,3.36,4
RAIN GIRL CHILDS UMBRELLA,3.25,1
AMBER CRYSTAL DROP EARRINGS,2.95,1
FEATHER HEART LIGHTS,2.95,1
PINK STRIPES SHOULDER BAG,2.95,1
BLACK DROP EARRINGS W LONG BEADS,2.95,1
WHITE CHRISTMAS TREE 60CM,2.95,1
CLASSIC DIAMANTE EARRINGS JET,2.95,1
BOX OF 3 PEBBLE CANDLES,2.95,1
DUSTY PINK CHRISTMAS TREE 60CM,2.95,1
MIDNIGHT BLUE CRYSTAL DROP EARRINGS,2.95,1
PURPLE DRESS JEWELLERY STAND,2.95,1
HAPPY BIRTHDAY CARD STRIPEY TEDDY,2.85,15
CRYSTAL DRAGONFLY PHONE CHARM,2.55,3
"""BLACK RND BULLET""""KEEP CLEAN"""" BIN""",2.55,1
SET/2 SPOTTY + ROSE TEA TOWELS ,2.55,1
BLACK DIAMOND CLUSTER EARRINGS,2.55,1
DROP EARRINGS W FLOWER & LEAF,2.55,1
S/2 HYACINTH BULB CANDLES,2.55,1
ROUND ARTICULATED BLUE CLOCK W/SUCK,2.55,3
SET/2 TEA TOWELS MODERN VINTAGE,2.55,1
PURPLE/COPPER HANGING LAMPSHADE,2.55,3
ENGLISH ROSE DESIGN SHOPPING BAG,2.55,1
S/3 COLOURS FLOCK TEA TOWELS,2.55,1
S/6 SCANDINAVIAN HEART T-LIGHT,2.55,1
CRACKED GLAZE EARRINGS RED,2.55,1
VINTAGE DESIGN GIFT TAGS,2.55,3
BLUE BEADS+HAND PHONE CHARM,2.5,2
POCKET MIRROR BUTTERFLY ,2.5,2
"""LETTER """"W"""" BLING KEY RING""",2.5,2
LILAC FEATHERS CURTAIN,2.5,2
"""LETTER """"Y"""" BLING KEY RING""",2.5,2
"GREETING CARD, BLACKPOOL ROCK",2.2800000000000002,12
RED SPOTTY PASSPORT COVER,2.1,1
AMBER BERTIE GLASS BEAD BAG CHARM,2.1,1
ASSORTED SHAPED STENCIL FOR HENNA,2.08,52
HANGING SPRING FLOWER HEART SMALL,1.9500000000000002,3
CIRCUS PARADE LUNCHBOX ,1.95,1
HEXAGONAL CRYSTAL PERFUME BOTTLE,1.95,1
GREEN CHENILLE SHAGGY C/COVER,1.95,1
GOLD CHRISTMAS STOCKING DECORATION,1.95,1
LUNCHBOX I LOVE LONDON,1.95,1
NUMBER TILE VINTAGE FONT 0,1.95,1
NUMBER TILE COTTAGE GARDEN 8,1.95,1
NUMBER TILE COTTAGE GARDEN 1,1.95,1
SET OF SIX SILVER+RED FLOCK BAUBLES,1.7,2
JAM JAR WITH BLUE LID,1.7,2
F FAIRY POTPOURRI CUSHIONS SUMMER,1.69,1
BENDY COLOUR PENCILS,1.68,4
FOLDING CAMPING SCISSOR W/KNIF & S,1.68,14
CRYSTAL SMALL JEWELLED PHOTOFRAME,1.65,1
SWALLOW SMALL TUBE MATCHES,1.65,1
3 BIRDS CANVAS SCREEN,1.65,1
S/3 ROSE GARDEN SCENT SQU CANDLE,1.65,1
RED TOP SCANDINAVIAN HEART ,1.52,4
HANGING CHICK GREEN DECORATION,1.45,1
A4 WALL TIDY RED FLOWERS,1.3,2
WHITE SCANDINAVIAN HEART CHRISTMAS,1.25,1
HOLLYHOCK SQUARE HANDY TIN,1.25,1
FAIRY DESIGN MUGS,1.25,1
RUBY GLASS CLUSTER EARRINGS,1.25,1
FOLKART HEART CHRISTMAS DECORATIONS,1.25,1
"""LETTER """"U"""" BLING KEY RING""",1.25,1
HAPPY BIRTHDAY CARD TEDDY/CAKE,0.95,5
BLUE WHITE PLASTIC RINGS LAMPSHADE,0.85,1
OWLS CHARLOTTE BAG,0.85,1
UBO-LIGHT TRIOBASE BLUE,0.85,1
CAT W SUNGLASSES BLANK CARD,0.76,4
"SILICON CUBE 25W, BLUE",0.42,1
HAPPY BIRTHDAY GINGER CAT CARD,0.38,2
PINK HEART CHRISTMAS DECORATION,0.38,1
CHAMPAGNE TRAY BLANK CARD,0.38,2
PADS TO MATCH ALL CUSHIONS,0.014000000000000002,14
